0,1,2,3,4,5,6,7,8,9,10,11,12,13,0
-0.783405383737008,-1.94064211981243,-1.960333016330581,-1.91179691330543,-1.08997078479646,-0.9265005109024049,0.2049620151910795,-0.3463337444965957,0.4485095782574141,-0.5772416108966287,1.363625146141542,-0.0102475291310235,0.7296716253730315,-0.257977564801599,1.0309400000000004
-0.792363006357267,-1.94586485925226,-1.974427694305935,-1.932681705053614,-1.08997078479646,-0.9265005109024049,0.2049620151910795,-0.3463337444965957,0.4485095782574141,-0.5772416108966287,1.317268201884239,-0.0102475291310235,0.7296716253730315,-0.257977564801599,1.0297000000000005
-0.8157375125751306,-1.952630517991233,-1.980998955059568,-1.956541515990079,-1.08997078479646,-0.9265005109024049,0.2049620151910795,-0.3463337444965957,0.4485095782574141,-0.5772416108966287,1.267954801303717,-0.0102475291310235,0.7296716253730315,-0.257977564801599,1.0262500000000006
-0.829216065223022,-1.978382014752601,-1.98757666576088,-1.956044841380173,-1.08997078479646,-0.9221117319119427,0.2049620151910795,-0.3463337444965957,0.4485095782574141,-0.5453105008268448,1.251147005679615,-0.0102475291310235,0.7296716253730315,-0.257977564801599,1.0213300000000005
-0.8332468975465543,-1.994264795727442,-1.994728689885211,-1.968164424569161,-1.08997078479646,-0.9221117319119427,0.2845723653574375,-0.2529253728612068,0.4920864955035806,-0.5453105008268448,1.270736096396354,-0.0102475291310235,0.7296716253730315,-0.257977564801599,1.0150300000000005
-0.8316202585164671,-2.013486829481552,-2.002755053857777,-1.975406817339727,-1.090295438465413,-0.916148027417285,0.2845723653574375,-0.2529253728612068,0.4920864955035806,-0.5141205316530757,1.265438807790585,-0.0102475291310235,0.7296716253730315,-0.257977564801599,1.0074200000000004
-0.8316202585164671,-2.023533582640166,-2.009976522250998,-1.98127456597524,-1.090295438465413,-0.9072064880898353,0.3637380953055128,-0.1627984688182023,0.5351105463845125,-0.5141205316530757,1.291040650762093,-0.0102475291310235,0.7296716253730315,-0.257977564801599,0.9983700000000004
-0.8316202585164671,-2.037793004290429,-2.009976522250998,-1.974514226608819,-1.090295438465413,-0.9072064880898353,0.4414501982260947,-0.1627984688182023,0.5351105463845125,-0.4839854691659004,1.306427733434406,-0.0102475291310235,0.7296716253730315,-0.257977564801599,0.9885400000000004
-0.8316202585164671,-2.052405848597824,-2.009976522250998,-1.973639102878966,-1.090759646411221,-0.9072064880898353,0.4414501982260947,-0.07853174253762979,0.5765759311561189,-0.4839854691659004,1.315256694577026,-0.0102475291310235,0.7535799767150578,-0.257977564801599,0.9784700000000004
-0.832236160342841,-2.052405848597824,-2.021875812110969,-1.97684953369637,-1.090759646411221,-0.8945599935842167,0.4414501982260947,-0.07853174253762979,0.5765759311561189,-0.4551371911848153,1.302134164619038,-0.0102475291310235,0.7535799767150578,-0.257977564801599,0.9685700000000004
-0.8397669998551096,-2.057538667891968,-2.027271944743255,-1.99043433014146,-1.090759646411221,-0.8945599935842167,0.5165921747609463,-0.002155877430249422,0.6155854462589156,-0.4551371911848153,1.316503298548163,-0.0102475291310235,0.7535799767150578,-0.257977564801599,0.9599100000000004
-0.8415232486350911,-2.053610919436179,-2.032722063696817,-1.95716397580103,-1.091484690770717,-0.8782657423314687,0.5165921747609463,-0.002155877430249422,0.6155854462589156,-0.4276777807317581,1.314454843964352,-0.0102475291310235,0.7535799767150578,-0.257977564801599,0.9528100000000004
-0.8481271724228118,-2.052169227997552,-2.040333942237893,-1.993766347449314,-1.091484690770717,-0.8782657423314687,0.587887779244508,0.06502683429990233,0.6514134198968692,-0.4276777807317581,1.308051445318033,-0.0102475291310235,0.7535799767150578,-0.257977564801599,0.9473600000000004
-0.8505712873345154,-2.050804796084038,-2.044554140420313,-1.968766872352631,-1.091484690770717,-0.8590853714690478,0.587887779244508,0.06502683429990233,0.6514134198968692,-0.4015711006825536,1.312537854442268,-0.0102475291310235,0.7774883280570842,-0.257977564801599,0.9430200000000004
-0.8536664061916303,-2.047320711980564,-2.044554140420313,-1.962934245163184,-1.092537414126509,-0.8590853714690478,0.6539245533039117,0.122530440388956,0.6835341439076102,-0.4015711006825536,1.336125656225741,-0.0102475291310235,0.7774883280570842,-0.257977564801599,0.9399400000000006
-0.8536664061916303,-2.047218277785912,-2.050229372969785,-1.981052159951564,-1.092537414126509,-0.8382397798525888,0.6539245533039117,0.122530440388956,0.6835341439076102,-0.3766787765041575,1.349425732978353,-0.0102475291310235,0.7774883280570842,-0.257977564801599,0.9383000000000006
-0.8536664061916303,-2.046556408923879,-2.050390518811712,-1.96907058205763,-1.092537414126509,-0.8382397798525888,0.7132615129113474,0.170655691175081,0.7116008854752175,-0.3766787765041575,1.334202695143246,-0.0102475291310235,0.7535799767150578,-0.257977564801599,0.9389800000000006
-0.8677796410915863,-2.04646810087818,-2.050390518811712,-1.980575342865352,-1.093902567183493,-0.8170866228777267,0.7645680536553286,0.170655691175081,0.7116008854752175,-0.3528223698920482,1.308006199582729,-0.0102475291310235,0.7535799767150578,-0.257977564801599,0.9415900000000006
-0.8816333144266679,-2.04700010601278,-2.05184296775621,-1.990296430907968,-1.093902567183493,-0.8170866228777267,0.7645680536553286,0.2103485833498648,0.7116008854752175,-0.3528223698920482,1.311535279891532,-0.0102475291310235,0.7296716253730315,-0.257977564801599,0.9455100000000005
-0.8976471944581677,-2.04700010601278,-2.053355517641477,-1.99762724830736,-1.093902567183493,-0.7968493189830369,0.7645680536553286,0.2103485833498648,0.7116008854752175,-0.3298434326574641,1.309330890338436,-0.0102475291310235,0.7296716253730315,-0.257977564801599,0.9501000000000005
-0.9052366737060179,-2.057499569540825,-2.055481065775161,-2.004169792453357,-1.095467093576088,-0.7968493189830369,0.8067335010305023,0.2429918290380649,0.7547399059865539,-0.3298434326574641,1.316976229843248,-0.0102475291310235,0.7296716253730315,-0.257977564801599,0.9545900000000005
-0.9064119435326463,-2.062216649794351,-2.060348065442613,-1.994479749613965,-1.095467093576088,-0.7968493189830369,0.8067335010305023,0.2429918290380649,0.7547399059865539,-0.3076349927487699,1.321120068728821,-0.0102475291310235,0.7296716253730315,-0.257977564801599,0.9593000000000005
-0.9064119435326463,-2.062452741600246,-2.062549660344574,-1.98196191086626,-1.095467093576088,-0.7968493189830369,0.838929471805921,0.2701855568005532,0.769531986480914,-0.3076349927487699,1.322685782947338,-0.0102475291310235,0.7296716253730315,-0.257977564801599,0.9641100000000005
-0.9093008083772824,-2.063046836441932,-2.070585512477813,-1.989862395555001,-1.097027788250326,-0.7784888452409171,0.838929471805921,0.2701855568005532,0.769531986480914,-0.2861272380080878,1.351486172835303,-0.0102475291310235,0.7296716253730315,-0.257977564801599,0.9694500000000005
-0.9114588092012031,-2.067087966990794,-2.070585512477813,-1.990661589531878,-1.097027788250326,-0.7627026466577892,0.8606470366839769,0.2935518559541696,0.769531986480914,-0.2861272380080878,1.347672958553222,-0.0102475291310235,0.7296716253730315,-0.257977564801599,0.9754800000000005
-0.9127878724230659,-2.072554179852743,-2.070585512477813,-1.976441744919445,-1.097027788250326,-0.7499570178695596,0.8606470366839769,0.2935518559541696,0.769531986480914,-0.2861272380080878,1.371961430089275,-0.0102475291310235,0.7296716253730315,-0.257977564801599,0.9819800000000004
-0.9135042116611644,-2.074137382516081,-2.070585512477813,-1.973568203938626,-1.098324558254288,-0.7499570178695596,0.8717232028675735,0.314574823935917,0.7797093767174826,-0.2861272380080878,1.386762943131392,-0.0102475291310235,0.7296716253730315,-0.257977564801599,0.9883400000000003
-0.9151746132190843,-2.075621650690429,-2.076161970491677,-1.966093565375384,-1.098324558254288,-0.7404886767243182,0.8723517542522278,0.314574823935917,0.7797093767174826,-0.2447209447142646,1.382437333517136,-0.0102475291310235,0.7296716253730315,-0.257977564801599,0.9943100000000002
-0.9201763868858543,-2.065378263545687,-2.078649753506317,-1.948937702508422,-1.098324558254288,-0.7404886767243182,0.8723517542522278,0.3344842342779954,0.7853456968674933,-0.2447209447142646,1.391339835434138,-0.0102475291310235,0.7296716253730315,-0.257977564801599,1.0000400000000003
-0.9291305096893476,-2.0390125943152,-2.083931184289904,-1.957127841651026,-1.099092318951448,-0.7343001639705675,0.8723517542522278,0.3344842342779954,0.7853456968674933,-0.2447209447142646,1.387270496989897,-0.0102475291310235,0.7296716253730315,-0.257977564801599,1.00611
-0.9353648514467011,-2.023799282825196,-2.085561789277536,-1.945303640312572,-1.099092318951448,-0.7343001639705675,0.8630821259860159,0.3541845261262713,0.7867307696103587,-0.2447209447142646,1.369721488045939,-0.0102475291310235,0.7296716253730315,-0.257977564801599,1.01245
-0.9488741415138079,-2.01225117306149,-2.08931976478085,-1.938973791486545,-1.099092318951448,-0.7343001639705675,0.8630821259860159,0.3541845261262713,0.7867307696103587,-0.2242344607655851,1.377723223346399,-0.0102475291310235,0.7296716253730315,-0.257977564801599,1.0183200000000001
-0.9557641884852547,-1.994868788332168,-2.096822170249478,-1.91974186060919,-1.09911936224806,-0.7343001639705675,0.8448219099427953,0.3742149714326681,0.7844579548758935,-0.2242344607655851,1.390250035322351,-0.0102475291310235,0.7296716253730315,-0.257977564801599,1.0238200000000002
-0.9557641884852547,-1.984279643280912,-2.101106872361699,-1.924930435495225,-1.09911936224806,-0.7312047093839061,0.8448219099427953,0.3742149714326681,0.7844579548758935,-0.2032379671065449,1.324601361834091,-0.0102475291310235,0.7296716253730315,-0.257977564801599,1.02889
-0.9669709868609083,-1.962448920971461,-2.104584324201632,-1.903478453941964,-1.09911936224806,-0.7312047093839061,0.8188382347251241,0.3947275517023064,0.7794823036387369,-0.2032379671065449,1.330603366163046,-0.0102475291310235,0.7296716253730315,-0.257977564801599,1.0328
-0.9781648872333532,-1.955256293546062,-2.105837066606651,-1.902212974806998,-1.098296217544808,-0.7309198172579926,0.8188382347251241,0.3947275517023064,0.7794823036387369,-0.1811761812316525,1.292015631515667,-0.0102475291310235,0.7296716253730315,-0.257977564801599,1.03569
-0.9860059415481008,-1.948823288987246,-2.106591828777513,-1.896065337972739,-1.098296217544808,-0.7309198172579926,0.7867185650987475,0.4154846709555681,0.7730932756909895,-0.1811761812316525,1.274623433074214,-0.0102475291310235,0.7296716253730315,-0.257977564801599,1.0373299999999999
-0.9877347062009969,-1.948823288987246,-2.103574446418738,-1.882599761095651,-1.098296217544808,-0.7331473745394053,0.7867185650987475,0.4154846709555681,0.7730932756909895,-0.1576399744849388,1.25226410611757,-0.0102475291310235,0.7535799767150578,-0.257977564801599,1.0380399999999999
-0.9848357997219348,-1.934090662404156,-2.098995656246411,-1.87707005100564,-1.09663830997899,-0.7331473745394053,0.7502621412527826,0.4358954440238673,0.7667555375925134,-0.1576399744849388,1.251599292911937,-0.0102475291310235,0.7296716253730315,-0.257977564801599,1.0377699999999996
-0.9803292689863304,-1.924187431555526,-2.102342679341113,-1.879518825937186,-1.09663830997899,-0.7375870650714791,0.7502621412527826,0.4358954440238673,0.7667555375925134,-0.1325338988618868,1.267486804710776,-0.0102475291310235,0.7296716253730315,-0.257977564801599,1.0363099999999998
-0.9726488969190039,-1.910143206770086,-2.108365789569084,-1.855481650392807,-1.09663830997899,-0.7375870650714791,0.7113316776717971,0.4551173515564898,0.7618413817941564,-0.1325338988618868,1.265838294750815,-0.0102475291310235,0.7296716253730315,-0.257977564801599,1.0340699999999998
-0.9704450339148476,-1.900115126442565,-2.112096294377587,-1.838284177234459,-1.094275199124088,-0.7438916610895072,0.7113316776717971,0.4551173515564898,0.7618413817941564,-0.1061932647262222,1.29798450607153,-0.0102475291310235,0.7296716253730315,-0.257977564801599,1.0317699999999999
-0.9653591456513867,-1.874679104917192,-2.112527374780885,-1.832492373348177,-1.094275199124088,-0.7438916610895072,0.6717223926705762,0.4722202529898062,0.7593409697516862,-0.1061932647262222,1.321982295479627,-0.0102475291310235,0.7296716253730315,-0.257977564801599,1.0294599999999998
-0.9668689917356335,-1.865741874379136,-2.111629588308866,-1.835246506186717,-1.094275199124088,-0.7516200101403006,0.6717223926705762,0.4722202529898062,0.7593409697516862,-0.07942696411623498,1.331876850581691,-0.0102475291310235,0.7057632740310051,-0.257977564801599,1.02693
-0.9700329588573421,-1.846139513054005,-2.111629588308866,-1.821553768594387,-1.091415401570345,-0.7516200101403006,0.6330749429235047,0.4863601651670065,0.7596318437458046,-0.07942696411623498,1.378534703023327,-0.0102475291310235,0.7057632740310051,-0.257977564801599,1.02488
-0.9731102018827473,-1.826372734770813,-2.105772252055064,-1.814026915471068,-1.091415401570345,-0.7602494485880318,0.6330749429235047,0.4863601651670065,0.7596318437458046,-0.05347166577695963,1.372883161643144,-0.0102475291310235,0.7057632740310051,-0.257977564801599,1.02333
-0.9738380558991324,-1.801859096506007,-2.104896854405998,-1.799784596552592,-1.091415401570345,-0.7602494485880318,0.59682827136688,0.4969109514052346,0.7623573311273513,-0.05347166577695963,1.408976074255129,-0.0102475291310235,0.7057632740310051,-0.257977564801599,1.0230299999999999
-0.9738380558991324,-1.78992317345757,-2.105932797548298,-1.78994333056004,-1.088303714810521,-0.7692692499904895,0.59682827136688,0.4969109514052346,0.7623573311273513,-0.02985140563051554,1.438038844063581,-0.0102475291310235,0.7057632740310051,-0.257977564801599,1.0236399999999999
-0.9634837497347377,-1.776196717518113,-2.105797246490865,-1.781510278099072,-1.088303714810521,-0.7692692499904895,0.5642001370072379,0.5035458939631573,0.7664484964530314,-0.02985140563051554,1.473998044148596,-0.0102475291310235,0.7057632740310051,-0.257977564801599,1.02575
-0.9544085952675803,-1.757310171901413,-2.101755250688057,-1.777693378830669,-1.088303714810521,-0.7783011603928683,0.5642001370072379,0.5035458939631573,0.7664484964530314,-0.01015913279192669,1.491477597440513,-0.0102475291310235,0.7296716253730315,-0.257977564801599,1.02904
-0.9491542771129883,-1.737808884365362,-2.093048041883931,-1.76904047811096,-1.085181620040457,-0.7783011603928683,0.5361686880726627,0.5062751440408769,0.7702963369426044,-0.01015913279192669,1.500283782421658,-0.0102475291310235,0.7296716253730315,-0.257977564801599,1.0332
-0.937761373328786,-1.71153957481824,-2.08412690451024,-1.755188084136955,-1.085181620040457,-0.787159006500024,0.5361686880726627,0.5062751440408769,0.7702963369426044,0.004190709044524964,1.554134286224398,-0.0102475291310235,0.7296716253730315,-0.257977564801599,1.03754
-0.920086813229042,-1.700055845878679,-2.08412690451024,-1.761251246691855,-1.085181620040457,-0.787159006500024,0.5361686880726627,0.5054198551107245,0.7720271536900902,0.004190709044524964,1.561229397137828,-0.0102475291310235,0.6818549226889787,-0.257977564801599,1.0416999999999998
-0.9092865717665706,-1.669798277128881,-2.08183835295999,-1.765114198456391,-1.08225163210037,-0.7958159885740297,0.5134192067833421,0.5054198551107245,0.7720271536900902,0.01216737086255128,1.609818214142782,-0.0102475291310235,0.6818549226889787,-0.257977564801599,1.0458399999999997
-0.8973709574690517,-1.649880065812388,-2.079530281775015,-1.754305462067481,-1.08225163210037,-0.7958159885740297,0.4962544490701111,0.5015017659568718,0.7698030669246955,0.01216737086255128,1.642263610800915,-0.0102475291310235,0.6579465713469541,-0.257977564801599,1.0497499999999997
-0.8913754804240217,-1.619202529087973,-2.077190173168734,-1.761897965462446,-1.08225163210037,-0.8043262425724858,0.4962544490701111,0.5015017659568718,0.7698030669246955,0.0132261535622082,1.584933497213131,-0.0102475291310235,0.6579465713469541,-0.257977564801599,1.0530699999999995
-0.8776169776616793,-1.608308612420956,-2.069890328278011,-1.753376017479917,-1.079644574167946,-0.8043262425724858,0.4845223532761928,0.4950840231539367,0.7620897528190684,0.0132261535622082,1.634074990811824,-0.0102475291310235,0.6579465713469541,-0.257977564801599,1.0549299999999995
-0.8422856490518178,-1.590669749967104,-2.062007892076976,-1.747166565029708,-1.079644574167946,-0.8127601912547874,0.4845223532761928,0.4950840231539367,0.7620897528190684,0.007295394993372974,1.600188617651325,-0.0102475291310235,0.6579465713469541,-0.257977564801599,1.0557399999999997
-0.8302225439362633,-1.567648539586322,-2.049324509947752,-1.761272043878333,-1.079644574167946,-0.8127601912547874,0.4845223532761928,0.4866562245557841,0.7478683300820211,0.007295394993372974,1.538955189909021,-0.0102475291310235,0.6579465713469541,-0.257977564801599,1.0543199999999995
-0.7893215763912769,-1.541367640776706,-2.041297340229825,-1.755445479042588,-1.077393759195484,-0.8211662121615245,0.4776260900479858,0.4866562245557841,0.7478683300820211,-0.005308466521337899,1.553581456631338,-0.0102475291310235,0.6579465713469541,-0.257977564801599,1.0511799999999996
-0.7749725977294893,-1.526415584633142,-2.031941538115954,-1.771337947980061,-1.077393759195484,-0.8211662121615245,0.4746386900247535,0.4766315504819491,0.7267781789586285,-0.005308466521337899,1.495853404689808,-0.0102475291310235,0.6579465713469541,-0.257977564801599,1.0463599999999995
-0.7333044213366243,-1.513027137137866,-2.026813226223905,-1.767107263450647,-1.077393759195484,-0.8295378228160106,0.4746386900247535,0.4766315504819491,0.7267781789586285,-0.02397206400049321,1.513567850260872,-0.0102475291310235,0.6579465713469541,-0.257977564801599,1.0404099999999996
-0.7082468292267508,-1.513027137137866,-2.015937909762981,-1.773208371794656,-1.075424562223302,-0.8295378228160106,0.4744967683475941,0.4654316415361818,0.6991753154996446,-0.02397206400049321,1.463148475994219,-0.0102475291310235,0.6579465713469541,-0.257977564801599,1.0336399999999997
-0.675456127473217,-1.505665701444852,-1.999270828045997,-1.78184919539723,-1.075424562223302,-0.8377853711037799,0.4744967683475941,0.4654316415361818,0.6991753154996446,-0.04784156363190815,1.46233035690724,-0.0102475291310235,0.6340382200049277,-0.257977564801599,1.0257899999999995
-0.675456127473217,-1.505665701444852,-1.978637797675097,-1.792570371236257,-1.075424562223302,-0.8377853711037799,0.4744967683475941,0.4535707617468335,0.6661016551762708,-0.04784156363190815,1.502691172621859,-0.0102475291310235,0.6340382200049277,-0.257977564801599,1.0161599999999997
-0.6106180877316695,-1.49598797773997,-1.978637797675097,-1.803684697142203,-1.073566585412152,-0.8457351188319933,0.4744967683475941,0.4535707617468335,0.6661016551762708,-0.07585034034244262,1.49297670176447,-0.0102475291310235,0.6101298686629014,-0.257977564801599,1.0051099999999997
-0.6106180877316695,-1.491418831429495,-1.969609151591261,-1.813032566532183,-1.073566585412152,-0.8457351188319933,0.4791399560837455,0.4416778688631993,0.6291768336091007,-0.07585034034244262,1.465058521832525,-0.0102475291310235,0.6101298686629014,-0.257977564801599,0.9933199999999995
-0.5776950569987263,-1.486841577236456,-1.958623551312575,-1.819050446049672,-1.073566585412152,-0.8531541145543136,0.4791399560837455,0.4416778688631993,0.6291768336091007,-0.1067549710266418,1.487953092002459,-0.0102475291310235,0.6101298686629014,-0.4273436035988526,0.9806399999999996
-0.5704534492551557,-1.482466764874904,-1.953229334482011,-1.837262376743659,-1.071588707546327,-0.8531541145543136,0.4829745313609345,0.4304683629735702,0.5904308098535451,-0.1067549710266418,1.483168136322032,-0.0102475291310235,0.6101298686629014,-0.4273436035988526,0.9681999999999997
-0.5233829106806229,-1.479023260251028,-1.944577956896072,-1.840280046743378,-1.071588707546327,-0.8597699797432558,0.4829745313609345,0.4304683629735702,0.5904308098535451,-0.1392177268632762,1.525180778464423,-0.0102475291310235,0.6101298686629014,-0.4273436035988526,0.9556099999999997
-0.4966064770284961,-1.477831794508145,-1.941219181243228,-1.858726836621921,-1.071588707546327,-0.8597699797432558,0.4829745313609345,0.4304683629735702,0.5520913297986076,-0.1392177268632762,1.519845198093748,-0.0102475291310235,0.6101298686629014,-0.4273436035988526,0.9429299999999996
-0.4747413461630846,-1.47737948562315,-1.923912473512187,-1.857225979520589,-1.069250187755322,-0.8652785476288583,0.4829745313609345,0.4304683629735702,0.5520913297986076,-0.1719505930774183,1.52529494928333,-0.0102475291310235,0.6101298686629014,-0.4273436035988526,0.9299199999999995
-0.4509777051570467,-1.47751276337087,-1.923912473512187,-1.884125571971627,-1.069250187755322,-0.8652785476288583,0.4944909528650199,0.4206995102792738,0.5163380393360476,-0.1719505930774183,1.541226270641432,-0.0102475291310235,0.6101298686629014,-0.4273436035988526,0.9167599999999995
-0.4391167226039337,-1.481763976476187,-1.920269236271746,-1.869155660167526,-1.069250187755322,-0.8693612736557481,0.4944909528650199,0.4206995102792738,0.5163380393360476,-0.203893092918784,1.565486530699779,-0.0102475291310235,0.6340382200049277,-0.4273436035988526,0.9035299999999994
-0.4391167226039337,-1.48397292320238,-1.920269236271746,-1.883988111350971,-1.066357754438398,-0.8693612736557481,0.4944909528650199,0.4083577114056031,0.4850453203570343,-0.203893092918784,1.587523758036971,-0.0102475291310235,0.6579465713469541,-0.4273436035988526,0.8918599999999994
-0.4171437110995878,-1.505278893907158,-1.909727156598878,-1.893568490560103,-1.066357754438398,-0.8717145550273423,0.4944909528650199,0.4083577114056031,0.4850453203570343,-0.234359981419533,1.62524757624621,-0.0102475291310235,0.6579465713469541,-0.4273436035988526,0.8822099999999994
-0.3994169935806106,-1.509107927008436,-1.89856635054398,-1.901078422927728,-1.066357754438398,-0.8720683226033668,0.5035800243101372,0.4083577114056031,0.4595478911372203,-0.234359981419533,1.618956435809902,-0.0102475291310235,0.6579465713469541,-0.4273436035988526,0.8747799999999994
-0.3925960027903022,-1.509107927008436,-1.89856635054398,-1.904636616774733,-1.062816775385159,-0.8720683226033668,0.5035800243101372,0.4083577114056031,0.4595478911372203,-0.234359981419533,1.636536013210832,-0.0102475291310235,0.6818549226889787,-0.4273436035988526,0.8697399999999995
-0.3793092138862972,-1.509107927008436,-1.891536953518503,-1.899312069811294,-1.062816775385159,-0.8720683226033668,0.5161820601470709,0.4069190698719845,0.4404663989647632,-0.234359981419533,1.681799116524098,-0.0102475291310235,0.7057632740310051,-0.4273436035988526,0.8665399999999994
-0.380311898091885,-1.520106512931049,-1.89096648692424,-1.916694711580554,-1.062816775385159,-0.8701776324896844,0.5161820601470709,0.4069190698719845,0.4404663989647632,-0.2902728583422702,1.656892815654662,-0.0102475291310235,0.7057632740310051,-0.4273436035988526,0.8655299999999995
-0.380311898091885,-1.525106866760163,-1.890576061711165,-1.915521551861337,-1.05866302484184,-0.8701776324896844,0.5332999109124029,0.4090782538497761,0.4276317739809463,-0.2902728583422702,1.654539245458479,-0.0102475291310235,0.7057632740310051,-0.4273436035988526,0.8668599999999994
-0.3821820110084771,-1.531204966813899,-1.89022031619982,-1.912998257961878,-1.05866302484184,-0.8657901238293588,0.5332999109124029,0.4090782538497761,0.4276317739809463,-0.3162927592495117,1.671648670425154,-0.0102475291310235,0.7296716253730315,-0.4273436035988526,0.8704299999999995
-0.3821820110084771,-1.538589370514428,-1.892370320040204,-1.914933373961709,-1.05866302484184,-0.8657901238293588,0.5557285654283224,0.4149369931585163,0.4201425480997892,-0.3162927592495117,1.675849545065656,-0.0102475291310235,0.7296716253730315,-0.4273436035988526,0.8758099999999995
-0.3821820110084771,-1.544400266184029,-1.893159543203582,-1.914033792621946,-1.054065771489371,-0.8586248260962406,0.5838673940352203,0.4149369931585163,0.4201425480997892,-0.3162927592495117,1.715215009322993,-0.0102475291310235,0.7296716253730315,-0.4273436035988526,0.8833499999999995
-0.3821820110084771,-1.545638828559629,-1.895700605186093,-1.922190264710307,-1.054065771489371,-0.8586248260962406,0.5838673940352203,0.4244966166130087,0.4165662086067382,-0.3162927592495117,1.729341123119052,-0.0102475291310235,0.7296716253730315,-0.4273436035988526,0.8913599999999995
-0.3829368016101334,-1.550341910412861,-1.897493274154569,-1.931116794720322,-1.054065771489371,-0.8484282507855823,0.5838673940352203,0.4244966166130087,0.4165662086067382,-0.3416768377564869,1.708879861666883,-0.0102475291310235,0.7296716253730315,-0.4273436035988526,0.8986799999999995
-0.3793160584441103,-1.558295463051973,-1.897782894231337,-1.93284508496681,-1.049304119543218,-0.8484282507855823,0.617585876026126,0.4377435900815481,0.4152568695815029,-0.3416768377564869,1.737782824952341,-0.0102475291310235,0.7296716253730315,-0.4273436035988526,0.9042499999999996
-0.3753479663392818,-1.558295463051973,-1.897734606432627,-1.930277254677486,-1.049304119543218,-0.8351355103488526,0.617585876026126,0.4377435900815481,0.4152568695815029,-0.3668235669727291,1.725203149592439,-0.0102475291310235,0.6818549226889787,-0.4273436035988526,0.9075199999999995
-0.3753479663392818,-1.568230647718913,-1.896105412625901,-1.945859961529992,-1.049304119543218,-0.8351355103488526,0.6561715581523156,0.4546771729182823,0.4147190905393696,-0.391836270614417,1.725064492675339,-0.0102475291310235,0.6818549226889787,-0.4273436035988526,0.9084299999999995
-0.3753479663392818,-1.577571104900513,-1.893152776919525,-1.956932859422845,-1.044728452469788,-0.8190592000867201,0.6561715581523156,0.4546771729182823,0.4147190905393696,-0.391836270614417,1.736721759403032,-0.0102475291310235,0.6818549226889787,-0.4273436035988526,0.9066599999999996
-0.3753479663392818,-1.577571104900513,-1.893152776919525,-1.959514657527319,-1.044728452469788,-0.8190592000867201,0.698383899382407,0.4752576086867628,0.4139234412049669,-0.4164222387396947,1.819718125719395,-0.0102475291310235,0.6818549226889787,-0.4273436035988526,0.9021499999999996
-0.3732580374961874,-1.578199911176737,-1.891570604265702,-1.979656537383218,-1.044728452469788,-0.8009717231691323,0.7426103816066684,0.4752576086867628,0.4139234412049669,-0.4164222387396947,1.892813428215194,-0.0102475291310235,0.6818549226889787,-0.4273436035988526,0.8955499999999997
-0.3732580374961874,-1.580823476861579,-1.882531951202552,-1.976470339530439,-1.040720373207987,-0.8009717231691323,0.7426103816066684,0.4993060519758339,0.4124920522558568,-0.4399033367780195,1.927314243469686,-0.0102475291310235,0.6818549226889787,-0.253264224204277,0.8872999999999998
-0.3710818001485329,-1.589115393329645,-1.879991262469954,-1.996123028652492,-1.040720373207987,-0.7820077726790196,0.7426103816066684,0.4993060519758339,0.4124920522558568,-0.4399033367780195,1.955635319727569,-0.0102475291310235,0.6818549226889787,-0.253264224204277,0.8770699999999998
-0.3639969151572958,-1.589115393329645,-1.879991262469954,-1.996501013213638,-1.040720373207987,-0.7820077726790196,0.7870738178013885,0.5264033492199386,0.4107122337528178,-0.4613334548141572,1.944552477737281,-0.0102475291310235,0.6818549226889787,-0.253264224204277,0.8659099999999998
-0.3573741307978949,-1.599880096869428,-1.870443195290009,-2.014325374032488,-1.03765838681683,-0.7634221720213629,0.7870738178013885,0.5264033492199386,0.4107122337528178,-0.4613334548141572,1.952778398593579,-0.0102475291310235,0.6818549226889787,-0.253264224204277,0.85469
-0.3543854850331586,-1.613909782663552,-1.870174688009639,-2.018786606133839,-1.03765838681683,-0.7634221720213629,0.8300263466845301,0.5558206265252975,0.4093835292818895,-0.4613334548141572,1.939612882380592,-0.0102475291310235,0.6579465713469541,-0.253264224204277,0.8441799999999999
-0.3460749243985795,-1.640670181025198,-1.870396577460903,-2.025610226675944,-1.03765838681683,-0.7463033235259835,0.8300263466845301,0.5558206265252975,0.4093835292818895,-0.4796878412550727,1.945072257897881,-0.0102475291310235,0.6340382200049277,-0.253264224204277,0.8350099999999999
-0.3397269663115994,-1.659063000185732,-1.870757934176262,-2.016173465023866,-1.035888589219256,-0.7463033235259835,0.8698961396894259,0.5864939960454456,0.4093835292818895,-0.4796878412550727,1.946820829711654,-0.0102475291310235,0.6340382200049277,-0.253264224204277,0.8276199999999999
-0.3397269663115994,-1.683227723913568,-1.872644686909879,-2.03378335476296,-1.035888589219256,-0.7313552472493602,0.8698961396894259,0.5864939960454456,0.4093835292818895,-0.494068594557418,1.971441987913663,-0.0102475291310235,0.6340382200049277,-0.253264224204277,0.82211
-0.3371501191106386,-1.710632635269114,-1.873665585295715,-2.018867110476497,-1.035888589219256,-0.7313552472493602,0.9053775570728179,0.6170435447698318,0.4095454038163776,-0.503861954592089,1.980184570727114,-0.0102475291310235,0.6340382200049277,-0.253264224204277,0.81837
-0.3434091802237098,-1.719904596513431,-1.876646925159039,-2.018493724946519,-1.035888589219256,-0.7188290952938715,0.9053775570728179,0.6170435447698318,0.4095454038163776,-0.503861954592089,1.987315200485342,-0.0102475291310235,0.6340382200049277,-0.253264224204277,0.8155999999999999
-0.350567859663107,-1.75412230627752,-1.885063443984809,-2.011912522962314,-1.035696362341887,-0.7188290952938715,0.9354694354528156,0.6458460810857375,0.412155109516129,-0.508807618077514,1.999688864541698,-0.0102475291310235,0.6340382200049277,-0.253264224204277,0.8133599999999997
-0.350567859663107,-1.768795983453653,-1.885063443984809,-2.002623167947947,-1.035696362341887,-0.7188290952938715,0.9354694354528156,0.6458460810857375,0.412155109516129,-0.508807618077514,2.034588822062999,-0.0102475291310235,0.6340382200049277,-0.253264224204277,0.8116099999999997
-0.350567859663107,-1.778309412556452,-1.892468415480788,-2.004172868160659,-1.037278376945584,-0.7188290952938715,0.9594917845644348,0.6711910125600471,0.4177885912773546,-0.508807618077514,2.04329104066161,-0.0102475291310235,0.6340382200049277,-0.253264224204277,0.8100899999999998
-0.350567859663107,-1.789575752169176,-1.892468415480788,-1.992962329581896,-1.037278376945584,-0.7086029967626372,0.9771129941225355,0.6711910125600471,0.4177885912773546,-0.508807618077514,2.063354848126378,-0.0102475291310235,0.6340382200049277,-0.253264224204277,0.8086299999999997
-0.350567859663107,-1.794567243427659,-1.892468415480788,-1.977681506135175,-1.037278376945584,-0.7086029967626372,0.9771129941225355,0.6915308619283107,0.4264354306822697,-0.5047446675162726,2.043230038023265,-0.0102475291310235,0.6340382200049277,-0.253264224204277,0.8075799999999997
-0.350567859663107,-1.803132086774536,-1.900059223884752,-1.980355787402597,-1.040718940625871,-0.6936156766280573,0.9771129941225355,0.6915308619283107,0.4264354306822697,-0.5047446675162726,2.067329005559976,-0.0102475291310235,0.6340382200049277,-0.253264224204277,0.8068499999999996
-0.3545143383118712,-1.810416076096385,-1.899235219648899,-1.968583348326813,-1.040718940625871,-0.6936156766280573,0.9883793368330542,0.7057663939801934,0.4374407187298641,-0.4966118789689865,2.092395055384741,-0.0102475291310235,0.6340382200049277,-0.253264224204277,0.8062599999999996
-0.3605739202370422,-1.815149845602526,-1.893142206164318,-1.967976743994097,-1.040718940625871,-0.6936156766280573,0.9883793368330542,0.7057663939801934,0.4374407187298641,-0.4966118789689865,2.091750897364038,-0.0102475291310235,0.6340382200049277,-0.253264224204277,0.8062399999999996
-0.3627083065374958,-1.815149845602526,-1.890614735465788,-1.986989183897518,-1.04597414076109,-0.6936156766280573,0.993711896579492,0.7134489939655325,0.4495991823034481,-0.4966118789689865,2.083352075538648,-0.0102475291310235,0.6340382200049277,-0.253264224204277,0.8067099999999996
-0.3674356731531064,-1.825280167699701,-1.883550345425667,-1.969718582199634,-1.04597414076109,-0.6880906138516242,0.993711896579492,0.7134489939655325,0.4495991823034481,-0.4851898515316581,2.064380857530335,-0.0102475291310235,0.6101298686629014,-0.253264224204277,0.8079899999999997
-0.3699496231228949,-1.832202721207289,-1.881738726154861,-1.962286544972912,-1.04597414076109,-0.6880906138516242,0.993711896579492,0.7148141122941604,0.4613643848392908,-0.4851898515316581,2.061818921010723,-0.0102475291310235,0.6101298686629014,-0.253264224204277,0.8103999999999996
-0.3699496231228949,-1.840186572782614,-1.881738726154861,-1.940786679933267,-1.052863070098517,-0.683527245854681,0.9938503637289431,0.7148141122941604,0.4613643848392908,-0.4851898515316581,2.049033679298754,-0.0102475291310235,0.6101298686629014,-0.253264224204277,0.8141999999999996
-0.3723891199678088,-1.841967407393795,-1.87827311312845,-1.946458148507369,-1.052863070098517,-0.683527245854681,0.9897502828582898,0.710665156066153,0.4711290452724624,-0.4710798241604979,2.060541949004603,-0.0102475291310235,0.6101298686629014,-0.253264224204277,0.8193699999999996
-0.3744418878022351,-1.84483844182642,-1.878437643716489,-1.925766616551512,-1.052863070098517,-0.6798178747669246,0.9897502828582898,0.710665156066153,0.4711290452724624,-0.4710798241604979,2.101725310227614,-0.0102475291310235,0.586221517320875,-0.253264224204277,0.8257999999999995
-0.3761474664616306,-1.850533031458658,-1.879940212894014,-1.930235464428541,-1.061066833335979,-0.6798178747669246,0.9824612888941558,0.7022107472468723,0.4775340253898156,-0.4548149430594002,2.089348151240902,-0.0102475291310235,0.586221517320875,-0.253264224204277,0.8324199999999996
-0.3760824458268946,-1.858396925929516,-1.87960121970244,-1.907804126042213,-1.061066833335979,-0.6769324125602073,0.9824612888941558,0.7022107472468723,0.4775340253898156,-0.4367970776623532,2.099208160575828,-0.0102475291310235,0.586221517320875,-0.253264224204277,0.8385599999999995
-0.3760663177091016,-1.858427910846503,-1.878696293209359,-1.900510924824153,-1.061066833335979,-0.6769324125602073,0.9730079535140218,0.6909418727904708,0.4797489524809607,-0.4367970776623532,2.133716104968195,-0.0102475291310235,0.586221517320875,-0.253264224204277,0.8438699999999993
-0.3763072283333006,-1.859224075231826,-1.879418309029524,-1.895157449318428,-1.070143176483658,-0.6748528492705869,0.9730079535140218,0.6909418727904708,0.4797489524809607,-0.4367970776623532,2.144558851032544,-0.0102475291310235,0.586221517320875,-0.253264224204277,0.8479199999999993
-0.3774357699606576,-1.857111021605562,-1.880924132796183,-1.879421605115587,-1.070143176483658,-0.6748528492705869,0.9730079535140218,0.6785486381014042,0.4776608794308909,-0.4172442634682377,2.133660654571624,-0.0102475291310235,0.586221517320875,-0.253264224204277,0.8511599999999993
-0.3776763042807448,-1.852726495352801,-1.882785046031803,-1.885598108551496,-1.070143176483658,-0.6735133170534758,0.9622582592461354,0.6785486381014042,0.4776608794308909,-0.4172442634682377,2.116541505389284,-0.0102475291310235,0.586221517320875,-0.253264224204277,0.8539299999999992
-0.3776763042807448,-1.848720878042614,-1.883669274680232,-1.87000134428423,-1.07956574835219,-0.6735133170534758,0.9507622830150539,0.6668212209144417,0.4719317704563216,-0.3961678000226251,2.128142739541226,-0.0102475291310235,0.586221517320875,-0.253264224204277,0.8561899999999992
-0.3776763042807448,-1.835478575502744,-1.885514522160097,-1.871475499274336,-1.07956574835219,-0.6727740041211101,0.9507622830150539,0.6668212209144417,0.4719317704563216,-0.3961678000226251,2.096021261268525,-0.0102475291310235,0.586221517320875,-0.253264224204277,0.8582399999999992
-0.3751541078220168,-1.833288260240816,-1.885810592139559,-1.860968948096449,-1.07956574835219,-0.6727740041211101,0.938604627117797,0.6575072522427632,0.4639260679840096,-0.3733870468883013,2.065377178571629,-0.0102475291310235,0.586221517320875,-0.253264224204277,0.8599499999999992
-0.3662331653960166,-1.828389608931411,-1.88597997243656,-1.870143770040703,-1.088786624776693,-0.6724593755653467,0.938604627117797,0.6575072522427632,0.4639260679840096,-0.3733870468883013,2.031406739075293,-0.0102475291310235,0.586221517320875,-0.253264224204277,0.8614799999999991
-0.3662331653960166,-1.82464029030329,-1.88588284524712,-1.865755308993905,-1.088786624776693,-0.6724593755653467,0.9253476482914694,0.6521425858678599,0.4555374368244243,-0.3485743487208922,1.978856947452531,-0.0102475291310235,0.586221517320875,-0.253264224204277,0.8637699999999991
-0.360461234697138,-1.814339852216121,-1.880349196732657,-1.857018428837075,-1.088786624776693,-0.6724507601032349,0.9253476482914694,0.6521425858678599,0.4555374368244243,-0.3485743487208922,1.959720436265238,-0.0102475291310235,0.586221517320875,-0.253264224204277,0.8678499999999992
-0.3608376423444575,-1.808349902443948,-1.877643347776875,-1.867692979838593,-1.097308471483213,-0.6724507601032349,0.9253476482914694,0.6518702136596459,0.4489503474535959,-0.3213178921720543,1.956695466333419,-0.0102475291310235,0.586221517320875,-0.253264224204277,0.8742099999999994
-0.3683967215490075,-1.805687582078947,-1.876303482749676,-1.86885452407112,-1.097308471483213,-0.6727715905898138,0.9100990955227529,0.6518702136596459,0.4489503474535959,-0.2911988809298213,1.96229460988981,-0.0102475291310235,0.586221517320875,-0.4132035818068509,0.8827099999999994
-0.3664402974764936,-1.803338792022782,-1.877467890351969,-1.855321096572413,-1.097308471483213,-0.6727715905898138,0.9100990955227529,0.657261172480474,0.4463710063221263,-0.2911988809298213,1.983175905620883,-0.0102475291310235,0.586221517320875,-0.4132035818068509,0.8926799999999995
-0.3610141655350806,-1.798543007830592,-1.878987700382533,-1.860722752480765,-1.104750385953312,-0.6736116681728265,0.9100990955227529,0.657261172480474,0.4463710063221263,-0.2911988809298213,2.006107818336332,-0.0102475291310235,0.586221517320875,-0.4132035818068509,0.9033799999999996
-0.3569799156400073,-1.794949544735326,-1.880694217289554,-1.851820996240397,-1.104750385953312,-0.6736116681728265,0.8689712142227793,0.6681829596927775,0.4497635004930948,-0.2578870616872612,1.988927792216742,-0.0102475291310235,0.586221517320875,-0.4132035818068509,0.9145899999999996
-0.3411742627083485,-1.792688397327064,-1.88362714540141,-1.861231488131948,-1.104750385953312,-0.6752928051678279,0.8689712142227793,0.6681829596927775,0.4497635004930948,-0.2578870616872612,1.984580410744844,-0.0102475291310235,0.586221517320875,-0.4132035818068509,0.9250999999999996
-0.3303245457411603,-1.790402740075279,-1.886045646620684,-1.843732384608591,-1.110897080489669,-0.6782060797997734,0.8410738105641495,0.6837662630659641,0.4606278657801995,-0.2212516213360675,1.958596958965827,-0.0102475291310235,0.586221517320875,-0.4132035818068509,0.9345699999999997
-0.3221134252519511,-1.784312730675831,-1.887961636992113,-1.843392752644587,-1.110897080489669,-0.6782060797997734,0.8410738105641495,0.6837662630659641,0.4606278657801995,-0.2212516213360675,1.952453102021361,-0.0102475291310235,0.586221517320875,-0.4132035818068509,0.9427399999999997
-0.3195138694706509,-1.773405740210532,-1.889484764434114,-1.839959513707892,-1.110897080489669,-0.6782060797997734,0.8077029971529791,0.7024876450242182,0.4798468780105953,-0.1814716495682809,1.981420042708901,-0.0102475291310235,0.6101298686629014,-0.4132035818068509,0.9492499999999998
-0.3212862442567224,-1.770617842887696,-1.889808082374741,-1.851991039358521,-1.115725106492938,-0.68273077219887,0.8077029971529791,0.7024876450242182,0.4798468780105953,-0.1814716495682809,1.992765581167061,-0.0102475291310235,0.6101298686629014,-0.4132035818068509,0.9533499999999998
-0.3220857424255963,-1.768172338138491,-1.889567952899372,-1.853995188442956,-1.115725106492938,-0.68273077219887,0.7692507493849522,0.7223655683576685,0.5076024697757353,-0.1814716495682809,1.984677841372591,-0.0102475291310235,0.6340382200049277,-0.4132035818068509,0.9546999999999999
-0.3178135076120104,-1.766109289231858,-1.88743098472736,-1.846355965794357,-1.115725106492938,-0.6891238071368285,0.7692507493849522,0.7223655683576685,0.5076024697757353,-0.1391236492301624,1.996417457381717,-0.0102475291310235,0.6340382200049277,-0.4132035818068509,0.9538499999999999
-0.3176106966515939,-1.762529205302461,-1.886872916677298,-1.840781397314646,-1.119400573139763,-0.6973870616856306,0.7268216106800914,0.7412564210852043,0.5433445067578833,-0.1391236492301624,2.020480672660165,-0.0102475291310235,0.6340382200049277,-0.4132035818068509,0.95124
-0.3197118072913647,-1.754549851712209,-1.886080252107232,-1.823737485221113,-1.119400573139763,-0.6973870616856306,0.7268216106800914,0.7412564210852043,0.5433445067578833,-0.09522207918360093,1.994147356293923,-0.0102475291310235,0.6340382200049277,-0.4132035818068509,0.94736
-0.3269569489128343,-1.74902579002713,-1.886318875307207,-1.817950339323429,-1.119400573139763,-0.6973870616856306,0.7268216106800914,0.7571932330807319,0.5858107602152751,-0.09522207918360093,2.002853355727656,-0.0102475291310235,0.6579465713469541,-0.4132035818068509,0.9425699999999999
-0.3294286853274729,-1.745766670995847,-1.886197592379667,-1.813766037973065,-1.122244140407255,-0.7071591233522652,0.7268216106800914,0.7571932330807319,0.5858107602152751,-0.05119221994300829,2.004808910787919,-0.0102475291310235,0.6818549226889787,-0.4132035818068509,0.9383899999999998
-0.3294286853274729,-1.725539040925968,-1.886197592379667,-1.797968338294556,-1.122244140407255,-0.7071591233522652,0.6821457835452085,0.7686663995969978,0.633123434571912,-0.05119221994300829,2.048217090402103,-0.0102475291310235,0.6818549226889787,-0.4132035818068509,0.9357099999999999
-0.3294286853274729,-1.716291512698709,-1.886197592379667,-1.79190928877795,-1.122244140407255,-0.7176822199537859,0.6373863398865265,0.7686663995969978,0.633123434571912,-0.008768276747134568,2.041343177402506,-0.0102475291310235,0.6818549226889787,-0.4132035818068509,0.9344699999999999
-0.3294286853274729,-1.692649052039999,-1.882054516209145,-1.798920212055528,-1.12466422916936,-0.7176822199537859,0.6373863398865265,0.7686663995969978,0.6829812649262258,-0.008768276747134568,2.04221157445006,-0.0102475291310235,0.6818549226889787,-0.4132035818068509,0.9344300000000001
-0.3303148981590654,-1.669572415599119,-1.877388796663786,-1.774967745172814,-1.12466422916936,-0.7278636172589951,0.6373863398865265,0.7686663995969978,0.6829812649262258,0.03016814519170718,2.028850041766204,-0.0102475291310235,0.6818549226889787,-0.4132035818068509,0.93588
-0.3303148981590654,-1.637330125328631,-1.861011839791931,-1.776891094330517,-1.12466422916936,-0.7278636172589951,0.5948764457592097,0.7752935440865026,0.7329262378747822,0.03016814519170718,2.032280809971507,-0.0102475291310235,0.6818549226889787,-0.4132035818068509,0.93895
-0.3254302642024276,-1.617531179596505,-1.857834026062837,-1.775569249580157,-1.127069274564948,-0.736422702009447,0.5948764457592097,0.7752935440865026,0.7329262378747822,0.06377875860397449,2.009684545253882,-0.0102475291310235,0.6818549226889787,-0.4132035818068509,0.94274
-0.3254302642024276,-1.595987411391221,-1.857127927996988,-1.786392733582432,-1.127069274564948,-0.736422702009447,0.5568550381928095,0.7706014364793932,0.7806283489168213,0.06377875860397449,2.010008527540682,-0.0102475291310235,0.6818549226889787,-0.4132035818068509,0.94734
-0.3216648839271739,-1.58488459956414,-1.855300998217752,-1.796098942778953,-1.127069274564948,-0.7420850279388934,0.5568550381928095,0.7706014364793932,0.7806283489168213,0.06377875860397449,2.02063311850659,-0.0102475291310235,0.6818549226889787,-0.4132035818068509,0.95258
-0.3216648839271739,-1.531834944707888,-1.850725193349255,-1.798131095331412,-1.129776879126884,-0.7420850279388934,0.5252652661933312,0.7706014364793932,0.8241322719212069,0.1089965898101891,2.003036801617733,-0.0102475291310235,0.6818549226889787,-0.4132035818068509,0.95824
-0.3076440075491657,-1.505725339223511,-1.840331750188979,-1.805187048222843,-1.129776879126884,-0.7437562429304804,0.5252652661933312,0.7706014364793932,0.8241322719212069,0.1089965898101891,1.997060060399119,-0.0102475291310235,0.6818549226889787,-0.4132035818068509,0.96319
-0.2861274961133712,-1.479306302914905,-1.834675313094475,-1.806858583304293,-1.129776879126884,-0.7437562429304804,0.5016504235852773,0.7497522115544492,0.8620312666174309,0.1089965898101891,2.013021382561027,-0.0102475291310235,0.6818549226889787,-0.4132035818068509,0.96684
-0.2792927816195179,-1.451721546311469,-1.829615803921629,-1.830295331017403,-1.132935334020059,-0.7406269736375118,0.5016504235852773,0.7497522115544492,0.8620312666174309,0.1089965898101891,1.999173485602808,-0.0102475291310235,0.6579465713469541,-0.4132035818068509,0.9696300000000001
-0.2666235834149752,-1.429381198629857,-1.827407248506451,-1.832889708144561,-1.132935334020059,-0.7322137937616453,0.4871271594087844,0.7497522115544492,0.8935393985679947,0.11868820605487,1.989761167132585,-0.0102475291310235,0.6579465713469541,-0.4132035818068509,0.9719700000000001
-0.2621719871535906,-1.419359801999655,-1.81875405629794,-1.840550420628634,-1.132935334020059,-0.7322137937616453,0.4823723988935462,0.7497522115544492,0.8935393985679947,0.1193573070909417,1.973736443113467,-0.0102475291310235,0.6579465713469541,-0.4132035818068509,0.9735000000000001
-0.2562907968633217,-1.401609395970182,-1.81875405629794,-1.843616292890629,-1.136469975554778,-0.7322137937616453,0.4823723988935462,0.7364280172117803,0.9184378409880593,0.1193573070909417,1.97043478001863,-0.0102475291310235,0.6340382200049277,-0.4132035818068509,0.9739600000000002
-0.2460810184742816,-1.390682475233575,-1.812757113473914,-1.861817959122212,-1.136469975554778,-0.7183661391400791,0.4823723988935462,0.7364280172117803,0.9184378409880593,0.1112842022148838,1.953743802697635,-0.0102475291310235,0.6340382200049277,-0.4132035818068509,0.9741200000000001
-0.2323045497576518,-1.390016349713773,-1.809919575591213,-1.877226786208704,-1.136469975554778,-0.7183661391400791,0.4875891923833388,0.7230937206597583,0.9369115751373213,0.1112842022148838,1.87896717426037,-0.0102475291310235,0.6340382200049277,-0.4132035818068509,0.97331
-0.195307207416759,-1.390016349713773,-1.808543859429545,-1.88937577699417,-1.14006976327418,-0.6992551778470546,0.4875891923833388,0.7230937206597583,0.9369115751373213,0.09504532367981608,1.805349336238231,-0.0102475291310235,0.6340382200049277,-0.4132035818068509,0.9714700000000001
-0.1750760142131889,-1.393555254976742,-1.800565452693631,-1.905951840029393,-1.14006976327418,-0.6992551778470546,0.5024742360413795,0.7108937290697988,0.9493418645236399,0.09504532367981608,1.750933980360201,-0.0102475291310235,0.6101298686629014,-0.2296975212176313,0.9682600000000001
-0.168925238160856,-1.41057285614266,-1.796411181920724,-1.920408665522857,-1.14006976327418,-0.6992551778470546,0.5024742360413795,0.7108937290697988,0.9493418645236399,0.07131778992861626,1.73773115757517,-0.0102475291310235,0.6101298686629014,-0.2296975212176313,0.96373
-0.1610072209158406,-1.432208468678851,-1.786550532339441,-1.93572132403878,-1.143226785702946,-0.6474007812208833,0.5262171159102196,0.700567581490425,0.9561240436268492,0.07131778992861626,1.699813424837669,-0.0102475291310235,0.6101298686629014,-0.2296975212176313,0.95792
-0.1376509573340234,-1.440808882819981,-1.775768056697455,-1.944495069032985,-1.143226785702946,-0.6474007812208833,0.5262171159102196,0.700567581490425,0.9561240436268492,0.04070974045151372,1.697595714387825,-0.0102475291310235,0.6818549226889787,-0.2296975212176313,0.9505000000000001
-0.1299306952045786,-1.45917910516022,-1.773400378921512,-1.933742156236109,-1.143226785702946,-0.6474007812208833,0.5575344118204066,0.6923772253750259,0.9561240436268492,0.04070974045151372,1.69395238079636,-0.0102475291310235,0.7057632740310051,-0.2296975212176313,0.9411700000000002
-0.121110886540944,-1.468510027233438,-1.768924988149289,-1.945191221078606,-1.145325373493884,-0.6163876034223263,0.594727539600731,0.6923772253750259,0.9561240436268492,0.003659711035895752,1.658588376076388,-0.0102475291310235,0.7057632740310051,-0.2296975212176313,0.9304100000000002
-0.1229023722057058,-1.486281169114082,-1.776071494817885,-1.951557559572983,-1.145325373493884,-0.6163876034223263,0.594727539600731,0.6860873353497834,0.957549566824038,0.003659711035895752,1.677860829901076,-0.0102475291310235,0.7057632740310051,-0.2296975212176313,0.9186200000000001
-0.1256186823340807,-1.49432131669057,-1.782547938589554,-1.951702848530243,-1.145325373493884,-0.5834863035209444,0.594727539600731,0.6860873353497834,0.957549566824038,-0.03957384071297107,1.698252164083181,-0.0102475291310235,0.7057632740310051,-0.2296975212176313,0.9054100000000002
-0.1318919542499388,-1.513839768017498,-1.779959399063975,-1.956205191917678,-1.145325373493884,-0.5834863035209444,0.6357586109045359,0.6810373898290466,0.9448502860298957,-0.03957384071297107,1.691655861183873,-0.0102475291310235,0.7057632740310051,-0.2296975212176313,0.8915100000000002
-0.1472985352704095,-1.526901044092581,-1.779996406128395,-1.948940646776638,-1.145325373493884,-0.5499912603648645,0.6783501022581093,0.6810373898290466,0.9448502860298957,-0.0888332834750894,1.681911211710236,-0.0102475291310235,0.7057632740310051,-0.2296975212176313,0.8772300000000003
-0.1544563591623166,-1.535405386437826,-1.781419767782308,-1.934573610219989,-1.145325373493884,-0.5499912603648645,0.6783501022581093,0.6763172501925965,0.9448502860298957,-0.0888332834750894,1.698362460656948,-0.0102475291310235,0.7057632740310051,-0.2296975212176313,0.8631300000000003
-0.1699073965230209,-1.547670549220607,-1.789515049424117,-1.924227836158832,-1.145759924869236,-0.5172382559750155,0.6783501022581093,0.6763172501925965,0.9448502860298957,-0.1439224523562157,1.70471830169125,-0.0102475291310235,0.7057632740310051,-0.2296975212176313,0.8501100000000003
-0.1780915559457791,-1.557301151329026,-1.79679290445531,-1.953728652260175,-1.145759924869236,-0.5172382559750155,0.7201241933586972,0.6709960687567094,0.9308630609412988,-0.1439224523562157,1.728092604427951,-0.0102475291310235,0.7057632740310051,-0.389636878820241,0.8382100000000003
-0.1934679083457414,-1.570546768038125,-1.806216509234752,-1.924204019124002,-1.145759924869236,-0.4865085221191303,0.7201241933586972,0.6709960687567094,0.9308630609412988,-0.2044583667825091,1.698852179727475,-0.0102475291310235,0.7057632740310051,-0.389636878820241,0.8275700000000004
-0.2027213210797576,-1.604737804339917,-1.808100717670453,-1.930012272659431,-1.145759924869236,-0.4865085221191303,0.7588097482911893,0.6643405672418823,0.9119901707018306,-0.2044583667825091,1.676736768023315,-0.0102475291310235,0.7057632740310051,-0.389636878820241,0.8186500000000004
-0.2169477078420046,-1.62550878425358,-1.807799139233256,-1.931618321037095,-1.144054412393212,-0.4589064512938241,0.7588097482911893,0.6643405672418823,0.9119901707018306,-0.2044583667825091,1.657037523841755,-0.0102475291310235,0.7057632740310051,-0.389636878820241,0.8111900000000004
-0.2428188887299971,-1.627315277526061,-1.811941527669342,-1.936704664287021,-1.144054412393212,-0.4589064512938241,0.7925229647296481,0.6559849377258292,0.8885781834549945,-0.2044583667825091,1.647551703333117,-0.0102475291310235,0.7057632740310051,-0.389636878820241,0.8050100000000004
-0.2428188887299971,-1.629362966578434,-1.817338995018465,-1.92302401822359,-1.139959313932096,-0.4352323697986235,0.7925229647296481,0.6559849377258292,0.8885781834549945,-0.3387830073122952,1.619721066601532,-0.0102475291310235,0.7057632740310051,-0.389636878820241,0.8004300000000004
-0.2689584623042994,-1.651040757549253,-1.824799431884356,-1.908979546362902,-1.139959313932096,-0.4352323697986235,0.8200399183245357,0.6460148796505677,0.8611670985890657,-0.3387830073122952,1.606716592987077,-0.0102475291310235,0.7057632740310051,-0.389636878820241,0.7972400000000004
-0.2689584623042994,-1.669390495293178,-1.833603400206581,-1.915518410805453,-1.139959313932096,-0.4352323697986235,0.8200399183245357,0.6460148796505677,0.8611670985890657,-0.4101310774912769,1.615737752494397,-0.0102475291310235,0.7057632740310051,-0.389636878820241,0.7952000000000005
-0.3114172850169089,-1.673936420999542,-1.833603400206581,-1.891318722822269,-1.13350756957213,-0.4352323697986235,0.8409253169033343,0.6349176242539326,0.8304875595082103,-0.4101310774912769,1.62815056530435,-0.0102475291310235,0.7057632740310051,-0.389636878820241,0.7940500000000005
-0.3114172850169089,-1.688914784114577,-1.838224340091234,-1.892025839785677,-1.13350756957213,-0.4159041854233848,0.8409253169033343,0.6349176242539326,0.8304875595082103,-0.4101310774912769,1.621364212548537,-0.0102475291310235,0.7057632740310051,-0.389636878820241,0.7928800000000005
-0.3423636435492765,-1.699312701400242,-1.847344455342489,-1.899969211095334,-1.13350756957213,-0.4159041854233848,0.8554632714945903,0.6234039492351597,0.7974073114224564,-0.4101310774912769,1.666593126709857,-0.0102475291310235,0.7057632740310051,-0.389636878820241,0.7918600000000005
-0.3667826615797509,-1.705493509699245,-1.862570045346896,-1.890197193719656,-1.125022612854533,-0.4009614889999488,0.8554632714945903,0.6234039492351597,0.7974073114224564,-0.482101239861643,1.666892275005356,-0.0102475291310235,0.7057632740310051,-0.389636878820241,0.7909300000000005
-0.3667826615797509,-1.71289470368336,-1.868000996040356,-1.894566733438815,-1.125022612854533,-0.4009614889999488,0.8644652135232045,0.6122003857640568,0.7628200875865008,-0.482101239861643,1.646524149986311,-0.0102475291310235,0.7057632740310051,-0.389636878820241,0.7895400000000004
-0.3843537682674926,-1.722173180491638,-1.878398988097538,-1.899715663962102,-1.125022612854533,-0.3829770074563947,0.8644652135232045,0.6122003857640568,0.7628200875865008,-0.5528132392775046,1.64677985824876,-0.0102475291310235,0.7057632740310051,-0.389636878820241,0.7878400000000004
-0.3843537682674926,-1.738312835733177,-1.884730049403616,-1.878102864752475,-1.115085043194847,-0.3829770074563947,0.8690719759989796,0.6019230042176287,0.7275159015256273,-0.5528132392775046,1.664735837928158,-0.0102475291310235,0.7057632740310051,-0.389636878820241,0.7860700000000005
-0.4112777323974925,-1.756365260700834,-1.890878735607594,-1.875060777411086,-1.115085043194847,-0.3829770074563947,0.8690719759989796,0.6019230042176287,0.7275159015256273,-0.6203712197463412,1.636229022221814,-0.0102475291310235,0.7057632740310051,-0.389636878820241,0.7839500000000005
-0.4284059103735152,-1.760867461441051,-1.895100716758445,-1.85135050414505,-1.115085043194847,-0.3829770074563947,0.8706169584590038,0.5930649471185,0.6920956577228485,-0.6203712197463412,1.602482408601229,-0.0102475291310235,0.7057632740310051,-0.389636878820241,0.7816400000000006
-0.4440390827746346,-1.784337565664352,-1.904518465148186,-1.846912916833224,-1.104468939133467,-0.3776977017233015,0.8706169584590038,0.5930649471185,0.6920956577228485,-0.6830226107146148,1.595299038330259,-0.0102475291310235,0.7057632740310051,-0.389636878820241,0.7791900000000005
-0.4676535526929672,-1.798145757334782,-1.904518465148186,-1.81868657141122,-1.104468939133467,-0.3776977017233015,0.870540937709505,0.5860569154838281,0.6569643606522593,-0.6830226107146148,1.593804473603959,-0.0102475291310235,0.7057632740310051,-0.389636878820241,0.7767800000000006
-0.4827292379324184,-1.824177589085235,-1.934472621758993,-1.808973941186574,-1.104468939133467,-0.3776977017233015,0.870540937709505,0.5860569154838281,0.6569643606522593,-0.7392751516057411,1.631186090960447,-0.0102475291310235,0.7057632740310051,-0.389636878820241,0.7750100000000005
-0.4940068152615548,-1.834463250430048,-1.940503621488108,-1.799979254776139,-1.094054844072701,-0.3776977017233015,0.8703002233594458,0.5813387415710035,0.6223946400924143,-0.7392751516057411,1.721545090753833,-0.0102475291310235,0.7057632740310051,-0.389636878820241,0.7736100000000005
-0.5013211236940708,-1.844025676602688,-1.940503621488108,-1.783713098559818,-1.094054844072701,-0.3789021154766914,0.8703002233594458,0.5813387415710035,0.6223946400924143,-0.7879590606572355,1.783868316231897,-0.0102475291310235,0.7057632740310051,-0.389636878820241,0.7727500000000005
-0.5013211236940708,-1.844025676602688,-1.940503621488108,-1.767591761536781,-1.094054844072701,-0.3789021154766914,0.8712268137784579,0.5793915525049849,0.5886337895218205,-0.7879590606572355,1.821948786663732,-0.0102475291310235,0.7535799767150578,-0.389636878820241,0.7728700000000004
-0.5274075390215861,-1.844025676602688,-1.946467773555928,-1.757258458258407,-1.094054844072701,-0.3824931678510004,0.8712268137784579,0.5793915525049849,0.5886337895218205,-0.8282437722420088,1.818356635720714,-0.0102475291310235,0.7535799767150578,-0.389636878820241,0.7740671428571433
-0.5562974304331305,-1.858388025078826,-1.946467773555928,-1.736456121664311,-1.094054844072701,-0.3884581732613507,0.874361702062455,0.5807098450867527,0.5560236098114051,-0.8282437722420088,1.834744762531994,-0.0102475291310235,0.7535799767150578,-0.389636878820241,0.7757757142857147
-0.5562974304331305,-1.860853703667567,-1.946467773555928,-1.736047078003593,-1.094054844072701,-0.3884581732613507,0.874361702062455,0.5807098450867527,0.5560236098114051,-0.8596287256357662,1.825593096584928,-0.0102475291310235,0.7535799767150578,-0.389636878820241,0.7784071428571433
-0.5708240508648947,-1.870448138929185,-1.946467773555928,-1.720803062077662,-1.084724125300517,-0.3884581732613507,0.8803030240259011,0.5857170496150567,0.5250922337323592,-0.8596287256357662,1.822247364988972,-0.0102475291310235,0.7535799767150578,-0.389636878820241,0.7814500000000004
-0.6123705162596276,-1.878244694627007,-1.970604614776459,-1.698361196685205,-1.084724125300517,-0.3967464952554416,0.8803030240259011,0.5857170496150567,0.5250922337323592,-0.8819254293474393,1.829334944362992,-0.0102475291310235,0.7535799767150578,-0.389636878820241,0.7850100000000004
-0.6123705162596276,-1.882975944167239,-1.9764870041393,-1.680895675469972,-1.084724125300517,-0.3967464952554416,0.8803030240259011,0.5946338028538652,0.4965700029609005,-0.8819254293474393,1.824717105776294,-0.0102475291310235,0.7535799767150578,-0.389636878820241,0.7887500000000004
-0.6570585103044796,-1.887264569814547,-1.980132953122432,-1.688003914293907,-1.077244276409056,-0.4071760853143142,0.8890763814760695,0.5946338028538652,0.4965700029609005,-0.8952388883630411,1.823118164197901,-0.0102475291310235,0.7296716253730315,-0.389636878820241,0.7922500000000003
-0.6570585103044796,-1.891266952414357,-1.981827129692934,-1.677119813338592,-1.077244276409056,-0.4071760853143142,0.9000427302445001,0.6073246559097862,0.4713088837225729,-0.8952388883630411,1.832307144455933,-0.0102475291310235,0.7296716253730315,-0.389636878820241,0.7959600000000003
-0.680460349145958,-1.891968315060379,-1.979377755620738,-1.667414606119952,-1.077244276409056,-0.4193790060244273,0.9000427302445001,0.6073246559097862,0.4713088837225729,-0.8999491206876993,1.850836623421907,-0.0102475291310235,0.7057632740310051,-0.389636878820241,0.7996100000000004
-0.680460349145958,-1.89083961974327,-1.974717158649258,-1.671631245694324,-1.072165467974343,-0.4193790060244273,0.9000427302445001,0.6231787396908502,0.4501387431669803,-0.8966966428184383,1.855275644724095,-0.0102475291310235,0.7057632740310051,-0.389636878820241,0.8028600000000002
-0.680460349145958,-1.885149824423587,-1.974279258596435,-1.634191341809709,-1.072165467974343,-0.432787505724441,0.9000427302445001,0.6231787396908502,0.4501387431669803,-0.8966966428184383,1.856860823021254,-0.0102475291310235,0.7057632740310051,-0.389636878820241,0.8056085714285717
-0.680460349145958,-1.882375530671303,-1.974863798650884,-1.622062939212743,-1.072165467974343,-0.432787505724441,0.9229287929234467,0.6410834904845859,0.4337211424688968,-0.8966966428184383,1.856702770481493,-0.0102475291310235,0.7057632740310051,-0.389636878820241,0.8083228571428573
-0.6994433024370792,-1.880857040910191,-1.979006634268761,-1.601930633111256,-1.069755008103343,-0.4466894107008213,0.9229287929234467,0.6410834904845859,0.4337211424688968,-0.8863771041651215,1.847294387485642,-0.0102475291310235,0.7057632740310051,-0.389636878820241,0.8107185714285716
-0.721091590581665,-1.885959409714143,-1.982333446932129,-1.605376718110415,-1.069755008103343,-0.4466894107008213,0.9229287929234467,0.6595217817922779,0.4224420926733276,-0.8863771041651215,1.851835541906417,-0.0102475291310235,0.7057632740310051,-0.389636878820241,0.8132900000000001
-0.7320544875255924,-1.903467712951629,-1.982877123311479,-1.605189661111624,-1.069755008103343,-0.4603751586714293,0.9229287929234467,0.6595217817922779,0.4224420926733276,-0.8863771041651215,1.835706989905997,-0.0102475291310235,0.7057632740310051,-0.389636878820241,0.8160900000000002
-0.7320544875255924,-1.918909259441671,-1.98287794326143,-1.589086511941606,-1.069987339353678,-0.4603751586714293,0.9347583024328029,0.676780968151814,0.4163510869064279,-0.8701318123672279,1.8523964299111,-0.0102475291310235,0.7057632740310051,-0.389636878820241,0.8196200000000001
-0.7429188372326577,-1.920828622290188,-1.985294332068962,-1.599466018344923,-1.069987339353678,-0.4733286299327849,0.9347583024328029,0.676780968151814,0.4163510869064279,-0.84930489774929,1.884164183218278,-0.0102475291310235,0.6579465713469541,-0.389636878820241,0.82438
-0.7572731607307193,-1.922827505390879,-1.990461402532653,-1.589928420370235,-1.069987339353678,-0.4733286299327849,0.9323188323633421,0.6912118065998356,0.4151355483642151,-0.84930489774929,1.923000178583339,-0.0102475291310235,0.6340382200049277,-0.389636878820241,0.8299100000000001
-0.7723323046129741,-1.922311538946859,-1.996324538352193,-1.590320926288149,-1.072587820088083,-0.4853616226881092,0.9323188323633421,0.6912118065998356,0.4151355483642151,-0.8253566482780815,1.945152364918322,-0.0102475291310235,0.6340382200049277,-0.389636878820241,0.8361000000000001
-0.7723323046129741,-1.91776642656377,-2.000136066163062,-1.576686068050097,-1.072587820088083,-0.496619889464762,0.9323188323633421,0.7014463301419842,0.4181255772305114,-0.8253566482780815,1.95893472643674,-0.0102475291310235,0.6340382200049277,-0.389636878820241,0.8430700000000002
-0.7838886325558899,-1.913332583939387,-2.003985879185382,-1.575479987350137,-1.072587820088083,-0.496619889464762,0.9323188323633421,0.7014463301419842,0.4181255772305114,-0.8253566482780815,1.954882527733645,-0.0102475291310235,0.6340382200049277,-0.389636878820241,0.8504214285714287
-0.7989410588095709,-1.904300677948991,-2.005861780009909,-1.573631925246763,-1.077113035649794,-0.496619889464762,0.9063178158766223,0.706518284662339,0.4243428478434868,-0.7997575745990442,1.924055690792849,-0.0102475291310235,0.6340382200049277,-0.389636878820241,0.857947142857143
-0.833780132388591,-1.898157722702567,-2.007334370337814,-1.570799518217987,-1.077113035649794,-0.5074637244727228,0.9063178158766223,0.706518284662339,0.4243428478434868,-0.773897404549296,1.942561841451961,-0.0102475291310235,0.6340382200049277,-0.389636878820241,0.8654014285714288
-0.84873578184246,-1.889170186971473,-2.00983568936514,-1.556992282783191,-1.077113035649794,-0.5074637244727228,0.8829143536176968,0.7058892308045127,0.4326082569679032,-0.773897404549296,1.916905462119534,-0.0102475291310235,0.6340382200049277,-0.389636878820241,0.8726800000000002
-0.8556593033428317,-1.889170186971473,-2.014132442068107,-1.548550555283529,-1.083043409624308,-0.5182897949251147,0.8829143536176968,0.7058892308045127,0.4326082569679032,-0.7490275438209709,1.947834335829993,-0.0102475291310235,0.6340382200049277,-0.389636878820241,0.8793500000000002
-0.8556593033428317,-1.875880362232724,-2.015671996108655,-1.554178184259584,-1.083043409624308,-0.52937646298823,0.8829143536176968,0.6994076345076307,0.4416858654012333,-0.7490275438209709,1.947073378566134,-0.0102475291310235,0.6340382200049277,-0.389636878820241,0.8849400000000001
-0.8556593033428317,-1.873300829238217,-2.017391945474091,-1.557637457259033,-1.083043409624308,-0.52937646298823,0.8537599095977673,0.6994076345076307,0.4416858654012333,-0.7490275438209709,1.945864117228092,-0.0102475291310235,0.6579465713469541,-0.389636878820241,0.8888100000000001
-0.8845480954813996,-1.870916414888894,-2.023511840734778,-1.556924851198367,-1.089864374973108,-0.52937646298823,0.8203696790563219,0.6872333206279522,0.4504048731596514,-0.726241214005479,1.953834503535587,-0.0102475291310235,0.6579465713469541,-0.389636878820241,0.8910900000000002
-0.8941819660982105,-1.870916414888894,-2.025809704377578,-1.565783014269634,-1.089864374973108,-0.5408007288130965,0.8203696790563219,0.6872333206279522,0.4504048731596514,-0.7064845062490669,1.985992341353672,-0.0102475291310235,0.6579465713469541,-0.389636878820241,0.8922400000000001
-0.8941819660982105,-1.861664789038661,-2.030621198913239,-1.568248920337137,-1.089864374973108,-0.5408007288130965,0.8203696790563219,0.6697599343676812,0.4577205849563296,-0.7064845062490669,1.989347339118563,-0.0102475291310235,0.6579465713469541,-0.389636878820241,0.8923700000000002
-0.8941819660982105,-1.855374566337465,-2.037664278891345,-1.563083815571263,-1.09712107918502,-0.5524322864809484,0.8203696790563219,0.6697599343676812,0.4577205849563296,-0.7064845062490669,1.988000968931734,-0.0102475291310235,0.6579465713469541,-0.389636878820241,0.8916528571428574
-0.8991527002916397,-1.847017029535201,-2.041618274069942,-1.559206743371803,-1.09712107918502,-0.5524322864809484,0.7845107308508769,0.6697599343676812,0.4577205849563296,-0.6905777957776305,1.98563952287467,-0.0102475291310235,0.6579465713469541,-0.389636878820241,0.890264285714286
-0.9004816112208167,-1.835767183217286,-2.04584415889794,-1.570121120353372,-1.09712107918502,-0.5639901107322679,0.7845107308508769,0.6697599343676812,0.4577205849563296,-0.6792245502002876,1.977439339876889,-0.0102475291310235,0.6818549226889787,-0.389636878820241,0.8885328571428575
-0.9029202856863625,-1.840223020817641,-2.048993355096114,-1.553224867802947,-1.104444265867972,-0.5751335384635774,0.7479775653193604,0.647549195013575,0.4646776635148873,-0.6792245502002876,1.979410403604177,-0.0102475291310235,0.6818549226889787,-0.389636878820241,0.8861800000000004
-0.895588795625395,-1.832418116196104,-2.051730908900261,-1.567568056045216,-1.104444265867972,-0.5751335384635774,0.7479775653193604,0.647549195013575,0.4646776635148873,-0.673000189342872,1.977469201528622,-0.0102475291310235,0.6818549226889787,-0.389636878820241,0.8836100000000003
-0.8908296534006798,-1.826540273336866,-2.053024825902642,-1.560353517575326,-1.104444265867972,-0.5751335384635774,0.7124189533169458,0.6212748167123345,0.4629748394190086,-0.673000189342872,1.988172944230924,-0.0102475291310235,0.6818549226889787,-0.389636878820241,0.8812000000000004
-0.8902058791505641,-1.826540273336866,-2.054016702838589,-1.569068498589728,-1.111554238493437,-0.5855429507066562,0.7124189533169458,0.6212748167123345,0.4629748394190086,-0.6723291953505578,1.979225611345704,-0.0102475291310235,0.6818549226889787,-0.389636878820241,0.8791700000000005
-0.8928486462301821,-1.812416822109718,-2.053737505661768,-1.567935710433914,-1.111554238493437,-0.5855429507066562,0.6792519531851515,0.5916745708858977,0.4629748394190086,-0.6723291953505578,1.979983976806426,-0.0102475291310235,0.6818549226889787,-0.389636878820241,0.8774900000000004
-0.8987391864855006,-1.801760755757256,-2.053351332593442,-1.575277826209961,-1.111554238493437,-0.5949550782344926,0.6496600039537803,0.5916745708858977,0.4629748394190086,-0.6774582647059201,1.984532208670261,-0.0102475291310235,0.6818549226889787,-0.389636878820241,0.8758900000000004
-0.8998050420808827,-1.792880828065692,-2.053897541273181,-1.585015008076661,-1.118253933299483,-0.5949550782344926,0.6496600039537803,0.5595097474319342,0.4572039049717193,-0.6774582647059201,1.989868131531287,-0.0102475291310235,0.6818549226889787,-0.389636878820241,0.8737600000000004
-0.8963022413371292,-1.77625763645341,-2.053897541273181,-1.593532773876497,-1.118253933299483,-0.6031583779623019,0.6246284051386864,0.5595097474319342,0.4572039049717193,-0.6774582647059201,1.976856602413696,-0.0102475291310235,0.6818549226889787,-0.389636878820241,0.8712600000000004
-0.8939754254714775,-1.772303706343115,-2.05318070254168,-1.60206759683376,-1.118253933299483,-0.6031583779623019,0.6246284051386864,0.5255414362497104,0.4471249179765036,-0.6884236729987921,1.99369940430264,0.06022648324275301,0.6818549226889787,-0.389636878820241,0.8685900000000004
-0.8939754254714775,-1.768981380718033,-2.052318816186484,-1.615721890791856,-1.124420301553756,-0.609980950655223,0.6246284051386864,0.5255414362497104,0.4471249179765036,-0.6884236729987921,1.99590720062166,0.06022648324275301,0.6818549226889787,-0.389636878820241,0.8657000000000004
-0.8833823829947809,-1.769369567259242,-2.05082912547122,-1.627884875036578,-1.124420301553756,-0.609980950655223,0.6049536340860434,0.4905522829108936,0.4327104182657697,-0.6884236729987921,2.031571433435377,0.06022648324275301,0.6818549226889787,-0.389636878820241,0.8628700000000004
-0.8737267918481288,-1.774906132923541,-2.047435088380661,-1.655573972757244,-1.124420301553756,-0.6152972897561644,0.6049536340860434,0.4905522829108936,0.4327104182657697,-0.7050065423504013,2.038592593284767,0.06022648324275301,0.6818549226889787,-0.389636878820241,0.8601200000000004
-0.8566269981183856,-1.776894622509054,-2.038824958434322,-1.683325294873951,-1.124420301553756,-0.6152972897561644,0.5911963305285112,0.4554254059623543,0.4142312692189858,-0.7050065423504013,2.029635871387713,0.06022648324275301,0.6818549226889787,-0.389636878820241,0.8567400000000005
-0.8444845288253123,-1.777514807184986,-2.035515992294741,-1.688691459276445,-1.124420301553756,-0.6190542096827619,0.5836037065817763,0.4554254059623543,0.4142312692189858,-0.7266745244687892,2.01800490371276,0.06022648324275301,0.6818549226889787,-0.389636878820241,0.8530200000000004
-0.8161963517905629,-1.772268022506036,-2.029335936937139,-1.703272266687831,-1.124420301553756,-0.6190542096827619,0.5836037065817763,0.4212327175776179,0.3923581472289133,-0.7525266568277221,1.991744587997386,0.06022648324275301,0.6818549226889787,-0.389636878820241,0.8491000000000005
-0.8109931358583659,-1.76397986217419,-2.021805098992369,-1.70811267636668,-1.124420301553756,-0.6212893418004282,0.5820608767979782,0.4212327175776179,0.3923581472289133,-0.7525266568277221,1.991430868963083,0.06022648324275301,0.6818549226889787,-0.389636878820241,0.8448500000000004
-0.7857743105990613,-1.75030627143249,-2.021982629701733,-1.752106726592596,-1.124420301553756,-0.6212893418004282,0.5820608767979782,0.389255567415968,0.3682130238189117,-0.7525266568277221,1.974440749389484,0.1307004956165295,0.6818549226889787,-0.389636878820241,0.8412700000000004
-0.7835684923887508,-1.747238711759,-2.029906551687852,-1.774694631044001,-1.124420301553756,-0.6221144997759775,0.5861252488794225,0.389255567415968,0.3682130238189117,-0.7812859913067259,1.963487234395959,0.1307004956165295,0.6818549226889787,-0.389636878820241,0.8388700000000006
-0.7825710625988508,-1.745946257123876,-2.032367784333458,-1.801231265720525,-1.124420301553756,-0.6221144997759775,0.5861252488794225,0.3609088331063838,0.3433165464141166,-0.7812859913067259,1.961660359747966,0.1307004956165295,0.6818549226889787,-0.389636878820241,0.8370400000000006
-0.7836498083321509,-1.747092262336913,-2.042571789836191,-1.799092980196071,-1.124420301553756,-0.6216691346013444,0.5951492294367855,0.3609088331063838,0.3433165464141166,-0.8113840264315346,1.95152926561841,0.1307004956165295,0.6818549226889787,-0.389636878820241,0.8352100000000006
-0.7848535131737134,-1.753981442476237,-2.043446262348809,-1.822190070479151,-1.124420301553756,-0.6216691346013444,0.5951492294367855,0.337608048446756,0.3194169457741222,-0.8113840264315346,1.97848079969011,0.1307004956165295,0.6818549226889787,-0.389636878820241,0.8330300000000005
-0.7875437039958845,-1.773872576957847,-2.038647182650999,-1.845196621356041,-1.129995044471333,-0.6200782143012783,0.5951492294367855,0.337608048446756,0.3194169457741222,-0.8411285606129513,1.965779216382264,0.1307004956165295,0.6818549226889787,-0.389636878820241,0.8300100000000004
-0.780638375318761,-1.80267739825107,-2.0367960200637,-1.858155269525962,-1.129995044471333,-0.6200782143012783,0.6084324980853579,0.320628062220213,0.2982352914998324,-0.8411285606129513,1.981061131698635,0.1307004956165295,0.6579465713469541,-0.389636878820241,0.8269600000000004
-0.7767751198018983,-1.820227236747021,-2.028496598310153,-1.876830639766322,-1.129995044471333,-0.6174321080720122,0.6084324980853579,0.320628062220213,0.2982352914998324,-0.8688989131295218,1.997353270830149,0.1307004956165295,0.6579465713469541,-0.389636878820241,0.8234400000000004
-0.7783076727757434,-1.845688875357921,-2.026540150028978,-1.886440131601826,-1.134970689692128,-0.6174321080720122,0.6084324980853579,0.3109678858865805,0.2811899408886807,-0.8688989131295218,2.001722394117663,0.1307004956165295,0.6340382200049277,-0.389636878820241,0.8189600000000004
-0.792623078598098,-1.874342217528592,-2.025852026990488,-1.900549631886672,-1.134970689692128,-0.6137667457762795,0.6253323237948886,0.3109678858865805,0.2811899408886807,-0.8933257883363175,1.979847154291722,0.1307004956165295,0.6340382200049277,-0.389636878820241,0.8134900000000004
-0.8181114206367265,-1.887860838986154,-2.022371899583898,-1.913570577932212,-1.134970689692128,-0.6137667457762795,0.6453132392883184,0.3092293292965651,0.2691645355137791,-0.8933257883363175,1.926751412642635,0.1307004956165295,0.6340382200049277,-0.389636878820241,0.8061887500000002
-0.8181114206367265,-1.906839682795031,-2.020766076487742,-1.911557858777163,-1.139373298893382,-0.6090228292318681,0.6453132392883184,0.3092293292965651,0.2691645355137791,-0.9134442286790034,1.91623693439917,0.1307004956165295,0.6340382200049277,-0.389636878820241,0.7957937500000003
-0.8222428349599381,-1.910390774737678,-2.018592686371796,-1.921473073005512,-1.139373298893382,-0.6090228292318681,0.6453132392883184,0.3155297836077912,0.2623742853262822,-0.9134442286790034,1.904279065437806,0.1307004956165295,0.6340382200049277,-0.389636878820241,0.7823612500000003
-0.8328787460072541,-1.922348770833538,-2.023450286431431,-1.922137996648156,-1.139373298893382,-0.6090228292318681,0.6679623905980886,0.3155297836077912,0.2623742853262822,-0.9288045024720792,1.904765754666085,0.1307004956165295,0.6340382200049277,-0.389636878820241,0.7666962500000003
-0.8410304478308208,-1.927502814735349,-2.035201864716229,-1.926624955780391,-1.139373298893382,-0.6090228292318681,0.6679623905980886,0.3294599270015939,0.2603634738815657,-0.9288045024720792,1.872291971853333,0.1307004956165295,0.6340382200049277,-0.389636878820241,0.7489825000000003
-0.8583697734617939,-1.9503161497457,-2.053018045727109,-1.940566110881089,-1.143248315262308,-0.5953639550373651,0.7201688448273108,0.3294599270015939,0.2603634738815657,-0.9395131758823114,1.848958492364031,0.1307004956165295,0.6340382200049277,-0.389636878820241,0.7293225000000003
-0.8744721951073984,-1.971171861208366,-2.05959303833107,-1.938036157143236,-1.143248315262308,-0.5953639550373651,0.7201688448273108,0.3500941343730245,0.2621369742174944,-0.9395131758823114,1.87697105034163,0.1307004956165295,0.6340382200049277,-0.389636878820241,0.7070675000000003
-0.8896437364119829,-1.983143486761135,-2.078153715039014,-1.922081741652046,-1.146651516986219,-0.5953639550373651,0.7201688448273108,0.3500941343730245,0.2621369742174944,-0.9461812016263086,1.872368645381513,0.1307004956165295,0.6340382200049277,-0.389636878820241,0.6823275000000003
-0.9012035792536218,-1.999004981833801,-2.087701135813352,-1.912802437020753,-1.146651516986219,-0.5953639550373651,0.7201688448273108,0.3760787788219981,0.2664010833780828,-0.9461812016263086,1.888475380343024,0.1307004956165295,0.6340382200049277,-0.389636878820241,0.6558025000000003
-0.9206150010954262,-2.003998399378132,-2.097576631361334,-1.918902298134831,-1.146651516986219,-0.5734812187567119,0.7493342700314739,0.3760787788219981,0.2664010833780828,-0.9461812016263086,1.909698656678203,0.1307004956165295,0.6340382200049277,-0.389636878820241,0.6283025000000004
-0.9374676288296054,-2.007753233405387,-2.105551147045592,-1.922314616263678,-1.149639881767278,-0.5734812187567119,0.7802751471893197,0.405806282220603,0.2718691430269725,-0.9497683034930657,1.923396255666545,0.1307004956165295,0.6340382200049277,-0.389636878820241,0.6008012500000004
-0.9589690762603672,-2.02014476800647,-2.119228119594901,-1.922035490222066,-1.149639881767278,-0.5734812187567119,0.7802751471893197,0.405806282220603,0.2718691430269725,-0.9513373555509824,1.851087844796887,0.1307004956165295,0.6340382200049277,-0.389636878820241,0.5747762500000004
-0.9939039155349204,-2.035730493624038,-2.136715406158324,-1.911071938063085,-1.149639881767278,-0.5734812187567119,0.8127230668904444,0.4376338780730125,0.2775759368177312,-0.9513373555509824,1.787025354061377,0.201174507990306,0.6340382200049277,-0.389636878820241,0.5513587500000005
-0.9939039155349204,-2.039191555595885,-2.157214256112552,-1.897801643577582,-1.152255676687915,-0.558465360697607,0.8127230668904444,0.4376338780730125,0.2775759368177312,-0.9517703968126965,1.77250463160112,0.201174507990306,0.6340382200049277,-0.389636878820241,0.5309537500000004
-1.029158497414169,-2.043884138813867,-2.157214256112552,-1.90398271030462,-1.152255676687915,-0.5405134238996412,0.8127230668904444,0.4700869327394439,0.2831244693243201,-0.9517703968126965,1.753660555954187,0.201174507990306,0.6340382200049277,-0.389636878820241,0.5144700000000004
-1.041509708965024,-2.036926989288553,-2.17386776172722,-1.913765441816708,-1.152255676687915,-0.5405134238996412,0.8463305644027509,0.4700869327394439,0.2831244693243201,-0.9515257139225453,1.759572147344462,0.201174507990306,0.6340382200049277,-0.389636878820241,0.5030200000000005
-1.046048787550927,-2.026874227064953,-2.180679809071746,-1.905916282500971,-1.154500196625373,-0.5405134238996412,0.8806832734457275,0.5020042458174149,0.2887737820973409,-0.9515257139225453,1.770172397064796,0.201174507990306,0.6340382200049277,-0.389636878820241,0.49755000000000055
-1.05321835684823,-2.02536355733872,-2.185533394836803,-1.932982760821021,-1.154500196625373,-0.5198332728429631,0.8806832734457275,0.5020042458174149,0.2887737820973409,-0.9505124694754464,1.794842352978119,0.201174507990306,0.6340382200049277,-0.389636878820241,0.4989400000000005
-1.071964603195815,-2.023242879039471,-2.188120832236089,-1.938251571245128,-1.154500196625373,-0.5198332728429631,0.9153328816255344,0.532605158274865,0.2953269244771754,-0.9505124694754464,1.794039850737156,0.201174507990306,0.6340382200049277,-0.389636878820241,0.5071400000000005
-1.096457194903711,-2.022228135061308,-2.188120832236089,-1.945824061270039,-1.15630041290248,-0.4969838924227876,0.9153328816255344,0.532605158274865,0.2953269244771754,-0.9481226119495093,1.772934594687931,0.201174507990306,0.6340382200049277,-0.389636878820241,0.5209800000000004
-1.111523938767573,-2.025478452150892,-2.190460418326203,-1.944617337026022,-1.15630041290248,-0.4969838924227876,0.9498244297703325,0.5614784273208792,0.3038770435795654,-0.9481226119495093,1.760254762452953,0.201174507990306,0.6340382200049277,-0.389636878820241,0.5393862500000004
-1.119277832100364,-2.029511761614938,-2.1916108778451,-1.947611351336695,-1.15630041290248,-0.4728337092054348,0.9498244297703325,0.5614784273208792,0.3038770435795654,-0.9434060599544416,1.767752224877442,0.201174507990306,0.6340382200049277,-0.389636878820241,0.5615212500000004
-1.138794611850968,-2.030596839582298,-2.192784654569786,-1.954685661234302,-1.157482295047841,-0.4484653179624422,0.9498244297703325,0.588517700000294,0.3155226239783419,-0.9434060599544416,1.761288363290484,0.201174507990306,0.6340382200049277,-0.389636878820241,0.5858437500000004
-1.142868117818291,-2.032591637123311,-2.197981057926983,-1.967928732389575,-1.157482295047841,-0.4484653179624422,0.9837065906310699,0.588517700000294,0.3155226239783419,-0.935332743671558,1.788332273627629,0.201174507990306,0.6340382200049277,-0.389636878820241,0.6111187500000004
-1.148167550970471,-2.044335237493043,-2.206777605085031,-1.97100026676614,-1.157482295047841,-0.4484653179624422,1.016541998068798,0.6138363046161175,0.331141632957939,-0.935332743671558,1.807586655509863,0.201174507990306,0.6340382200049277,-0.389636878820241,0.6359975000000004
-1.149005526716889,-2.049323365175097,-2.209543364183955,-1.981748473369255,-1.15776944971511,-0.4250559864117534,1.016541998068798,0.6138363046161175,0.331141632957939,-0.9230675422173867,1.793086210856162,0.201174507990306,0.6340382200049277,-0.389636878820241,0.6592075000000004
-1.149059814390836,-2.061227086490331,-2.209543364183955,-1.972840379023381,-1.15776944971511,-0.4037502164894743,1.047927305421605,0.6376669620321174,0.3512619729936555,-0.9230675422173867,1.822568432789754,0.201174507990306,0.6579465713469541,-0.389636878820241,0.6800025000000003
-1.152868928175516,-2.067753913706197,-2.213779020386915,-1.975468256268551,-1.15776944971511,-0.4037502164894743,1.047927305421605,0.6376669620321174,0.3512619729936555,-0.9230675422173867,1.82491260855287,0.201174507990306,0.6579465713469541,-0.389636878820241,0.6972025000000003
-1.152868928175516,-2.092810453148807,-2.214609705341216,-1.971842610229472,-1.156816370606033,-0.4037502164894743,1.077509032774922,0.6602367072360372,0.3760182772129494,-0.9230675422173867,1.82062073386675,0.201174507990306,0.6579465713469541,-0.389636878820241,0.7102075000000003
-1.152868928175516,-2.113484032168018,-2.215044239006076,-1.972028610801914,-1.156816370606033,-0.3855354489070916,1.077509032774922,0.6602367072360372,0.3760182772129494,-0.8847939845059642,1.800189219370435,0.201174507990306,0.6579465713469541,-0.389636878820241,0.7198275000000003
-1.15822008668526,-2.123651503782949,-2.217665157561103,-1.962551082929289,-1.156816370606033,-0.3855354489070916,1.077509032774922,0.6816384209179208,0.4051618235775817,-0.8847939845059642,1.800248721214605,0.201174507990306,0.6579465713469541,-0.389636878820241,0.7266537500000003
-1.165923688713969,-2.123651503782949,-2.223725467242367,-1.950089844131542,-1.15427033620555,-0.371134038106314,1.104982604332672,0.6816384209179208,0.4051618235775817,-0.8847939845059642,1.794625895959995,0.201174507990306,0.6579465713469541,-0.389636878820241,0.7303287500000003
-1.165923688713969,-2.125981743630347,-2.228925960247917,-1.938789152341191,-1.15427033620555,-0.371134038106314,1.130075560656161,0.701745840569314,0.4380924165933661,-0.8847939845059642,1.782986793324836,0.201174507990306,0.6818549226889787,-0.389636878820241,0.7316362500000004
-1.187402788150288,-2.132671274548154,-2.228925960247917,-1.929208706003834,-1.15427033620555,-0.3609287599369865,1.130075560656161,0.701745840569314,0.4380924165933661,-0.859503485773955,1.780005967415121,0.201174507990306,0.6818549226889787,-0.389636878820241,0.7311912500000004
-1.194258038357924,-2.138100974746471,-2.228925960247917,-1.900733826433948,-1.149845819788245,-0.3609287599369865,1.130075560656161,0.7202006811956949,0.47389392046512,-0.859503485773955,1.785476407369087,0.201174507990306,0.7296716253730315,-0.389636878820241,0.7295500000000004
-1.194258038357924,-2.127241708131996,-2.228925960247917,-1.899056176106362,-1.149845819788245,-0.3549360713361834,1.130075560656161,0.7202006811956949,0.47389392046512,-0.831349468408732,1.779573286990376,0.201174507990306,0.7296716253730315,-0.389636878820241,0.7268800000000004
-1.219570824759234,-2.11254953593994,-2.228925960247917,-1.893783368796309,-1.149845819788245,-0.3549360713361834,1.152519587021649,0.7364702320853381,0.5113752144760326,-0.831349468408732,1.788097307756852,0.201174507990306,0.7535799767150578,-0.389636878820241,0.7233800000000004
-1.240311287689297,-2.09786932083209,-2.232118225805063,-1.855647938500172,-1.143390437161627,-0.3528281358995097,1.172013456997206,0.7364702320853381,0.5113752144760326,-0.8016277201796868,1.804173527120352,0.201174507990306,0.7535799767150578,-0.389636878820241,0.7194200000000004
-1.273536305805777,-2.092927323861915,-2.235840198297951,-1.843521799174195,-1.143390437161627,-0.3528281358995097,1.188176396497002,0.7499529563688763,0.5491384803772087,-0.8016277201796868,1.809620328511243,0.201174507990306,0.7535799767150578,-0.389636878820241,0.7157500000000004
-1.273536305805777,-2.076740271763876,-2.238409971581552,-1.83711842059773,-1.143390437161627,-0.3539990013082873,1.188176396497002,0.7499529563688763,0.5491384803772087,-0.7717254210317498,1.797882379971709,0.201174507990306,0.7535799767150578,-0.389636878820241,0.7123300000000004
-1.293151523118989,-2.061493859660406,-2.239091067180173,-1.822756617970597,-1.134924999485521,-0.3539990013082873,1.188176396497002,0.7499529563688763,0.5856964560027856,-0.7717254210317498,1.803249781419341,0.201174507990306,0.7535799767150578,-0.389636878820241,0.7089500000000004
-1.293151523118989,-2.038166390510776,-2.241148072548154,-1.791606040551647,-1.134924999485521,-0.3576641910543791,1.188176396497002,0.7499529563688763,0.5856964560027856,-0.742960110088772,1.79261997009241,0.201174507990306,0.7535799767150578,-0.389636878820241,0.7065400000000005
-1.307896522505116,-2.006021062684188,-2.245228340283507,-1.789476832519214,-1.134924999485521,-0.3576641910543791,1.200501144063695,0.7600977140775088,0.6196405521742746,-0.742960110088772,1.7893128329693,0.201174507990306,0.7535799767150578,-0.389636878820241,0.7050800000000005
-1.316824669423161,-1.999498184479287,-2.24382306466541,-1.770015788143706,-1.124654549520426,-0.3629616949632626,1.200501144063695,0.7600977140775088,0.6196405521742746,-0.7164510113252102,1.798886390337231,0.201174507990306,0.7535799767150578,-0.389636878820241,0.7046100000000005
-1.319238105627543,-1.976316283216364,-2.240617002833281,-1.758735096884643,-1.124654549520426,-0.3629616949632626,1.21095373653244,0.7690560056818669,0.64983940482251,-0.7164510113252102,1.798094209439465,0.201174507990306,0.7535799767150578,-0.389636878820241,0.7050100000000006
-1.315675623102051,-1.948992371389826,-2.235701376927455,-1.736204536263004,-1.124654549520426,-0.3690252275847439,1.21095373653244,0.7690560056818669,0.64983940482251,-0.6930371312485772,1.805873725766972,0.201174507990306,0.7535799767150578,-0.389636878820241,0.7069300000000005
-1.315675623102051,-1.929304916222457,-2.23106319389509,-1.727984499490986,-1.112959371601811,-0.3690252275847439,1.21095373653244,0.7679201630391752,0.6756306763939007,-0.6930371312485772,1.808518100824596,0.201174507990306,0.7535799767150578,-0.389636878820241,0.7099700000000005
-1.309151939479466,-1.914597958390356,-2.225166827029361,-1.719414072003518,-1.112959371601811,-0.375041819771382,1.21095373653244,0.7679201630391752,0.6756306763939007,-0.6732415690640517,1.80647556026507,0.201174507990306,0.7774883280570842,-0.389636878820241,0.7143800000000006
-1.304336457478464,-1.900620164479291,-2.222467092956839,-1.708861401798415,-1.112959371601811,-0.375041819771382,1.207615351160333,0.7679201630391752,0.6969589918778628,-0.6732415690640517,1.807760057463105,0.201174507990306,0.7774883280570842,-0.389636878820241,0.7192800000000006
-1.29992693151771,-1.896069138248927,-2.21989880086353,-1.688439039163,-1.10037374081658,-0.3803193163235599,1.207615351160333,0.7679201630391752,0.6969589918778628,-0.6572666522114236,1.825818765128113,0.201174507990306,0.7774883280570842,-0.389636878820241,0.7240600000000006
-1.295894146088171,-1.884228964414409,-2.219982804386377,-1.680088605038706,-1.10037374081658,-0.3803193163235599,1.197726955808134,0.7636695519911034,0.7144080005703665,-0.6450071308289614,1.837423264187582,0.201174507990306,0.7774883280570842,-0.389636878820241,0.7286900000000006
-1.293559222234461,-1.865583912629109,-2.222633021894236,-1.664895588748531,-1.10037374081658,-0.3843494303302643,1.197726955808134,0.7636695519911034,0.7144080005703665,-0.6450071308289614,1.833902844250742,0.201174507990306,0.7774883280570842,-0.389636878820241,0.7322900000000006
-1.293559222234461,-1.850238143872659,-2.222633021894236,-1.65718725153101,-1.087552627179576,-0.3843494303302643,1.180937183106377,0.7572292429998309,0.7290827190438522,-0.6360860831429641,1.819227832615513,0.201174507990306,0.7774883280570842,-0.389636878820241,0.7346100000000007
-1.291625322153711,-1.843105774353484,-2.222329081646159,-1.658974522662439,-1.087552627179576,-0.3868271474061971,1.180937183106377,0.7572292429998309,0.7290827190438522,-0.6360860831429641,1.811092116427326,0.201174507990306,0.7774883280570842,-0.389636878820241,0.7352600000000006
-1.291625322153711,-1.839693051908005,-2.214011141026742,-1.645217569837366,-1.087552627179576,-0.3868271474061971,1.157244736331821,0.7497847884162424,0.7423400283492821,-0.6360860831429641,1.816276862339829,0.201174507990306,0.7774883280570842,-0.389636878820241,0.7343700000000006
-1.291625322153711,-1.833462194423292,-2.201865499115129,-1.642518979399704,-1.075223462464444,-0.3876211482379125,1.157244736331821,0.7497847884162424,0.7423400283492821,-0.6360860831429641,1.820096150071371,0.201174507990306,0.7774883280570842,-0.389636878820241,0.7313700000000006
-1.28923785751842,-1.823954490786162,-2.201865499115129,-1.640590483745114,-1.075223462464444,-0.3876211482379125,1.127054284530601,0.7425934405666095,0.7554377386318969,-0.6299200139684787,1.84504961476857,0.201174507990306,0.7774883280570842,-0.389636878820241,0.7267700000000006
-1.28923785751842,-1.820727646021751,-2.201865499115129,-1.629707395400421,-1.075223462464444,-0.3867321187966781,1.127054284530601,0.7425934405666095,0.7554377386318969,-0.625798460958594,1.829470326040894,0.201174507990306,0.7774883280570842,-0.389636878820241,0.7202200000000005
-1.286255825723311,-1.820665334915438,-2.201865499115129,-1.609731797452619,-1.075223462464444,-0.3867321187966781,1.091146680299138,0.7367427684046648,0.7692233623516178,-0.625798460958594,1.849825669099642,0.201174507990306,0.7774883280570842,-0.389636878820241,0.7126400000000006
-1.283978839705303,-1.821231893036957,-2.201865499115129,-1.627595959041287,-1.075223462464444,-0.3842720023221728,1.050567244247997,0.7367427684046648,0.7692233623516178,-0.6229555705563896,1.862603754579146,0.201174507990306,0.7774883280570842,-0.389636878820241,0.7048625000000006
-1.281122602898007,-1.820198323024211,-2.185673233517152,-1.641630500166967,-1.075223462464444,-0.3842720023221728,1.050567244247997,0.7329161120927937,0.7692233623516178,-0.6229555705563896,1.861116131782353,0.201174507990306,0.7774883280570842,-0.389636878820241,0.6973425000000006
-1.273062114756319,-1.816834585159088,-2.185673233517152,-1.637861511288836,-1.075223462464444,-0.3804693461189952,1.050567244247997,0.7329161120927937,0.7692233623516178,-0.6229555705563896,1.872388930587775,0.201174507990306,0.7774883280570842,-0.389636878820241,0.6909175000000006
-1.265282742494606,-1.816834585159088,-2.18011958347671,-1.636113945822981,-1.075223462464444,-0.3804693461189952,1.006482498605191,0.7312216515338845,0.7839628755462701,-0.6206330606600549,1.878519277528112,0.201174507990306,0.7774883280570842,-0.389636878820241,0.6860075000000007
-1.265282742494606,-1.816834585159088,-2.170036727164524,-1.626370746864246,-1.075223462464444,-0.3756911455862537,1.006482498605191,0.7312216515338845,0.7839628755462701,-0.6181523291171184,1.878006753758531,0.201174507990306,0.7774883280570842,-0.389636878820241,0.6831925000000006
-1.258682784174302,-1.806134789448901,-2.170036727164524,-1.62246483530311,-1.075223462464444,-0.3756911455862537,0.9600684855311956,0.7311285322120713,0.7993373550574595,-0.6181523291171184,1.872293590967536,0.201174507990306,0.7774883280570842,-0.389636878820241,0.6826925000000006
-1.258682784174302,-1.803069908050231,-2.162582836667385,-1.623973985825527,-1.075223462464444,-0.3704635627071202,0.9600684855311956,0.7311285322120713,0.7993373550574595,-0.6150055225604414,1.865780403559004,0.201174507990306,0.7774883280570842,-0.389636878820241,0.6848775000000006
-1.239513237392368,-1.798224520949855,-2.158642356790496,-1.640470684690484,-1.075223462464444,-0.3704635627071202,0.9124647050748333,0.7315144968024297,0.8145637985343666,-0.6150055225604414,1.859155537161141,0.201174507990306,0.7774883280570842,-0.389636878820241,0.6899275000000007
-1.233626274633736,-1.796946036323297,-2.161907148915424,-1.639679217060767,-1.064123033037806,-0.3654655265696805,0.8647751558509459,0.7315144968024297,0.8145637985343666,-0.610958239334696,1.827871710978397,0.201174507990306,0.7774883280570842,-0.389636878820241,0.6980525000000006
-1.229375241488233,-1.796919197802322,-2.163029500417734,-1.644788940520424,-1.064123033037806,-0.3654655265696805,0.8647751558509459,0.7307831023083824,0.8285558573030467,-0.610958239334696,1.803925254990534,0.201174507990306,0.7774883280570842,-0.389636878820241,0.7083625000000007
-1.22640683909721,-1.801634776611424,-2.161317553378915,-1.654602724454685,-1.064123033037806,-0.3614707714752591,0.8647751558509459,0.7307831023083824,0.8285558573030467,-0.6061430555523891,1.805031928169182,0.201174507990306,0.7774883280570842,-0.389636878820241,0.7200200000000007
-1.22640683909721,-1.809220591065323,-2.161317553378915,-1.637496057986429,-1.054925165227588,-0.3614707714752591,0.818070107588549,0.7270127666189653,0.8400456717604821,-0.6061430555523891,1.783759837974434,0.201174507990306,0.7774883280570842,-0.389636878820241,0.7325200000000007
-1.21917026829959,-1.81602863671167,-2.146777740453662,-1.648997896238103,-1.054925165227588,-0.3592312359016733,0.818070107588549,0.7270127666189653,0.8400456717604821,-0.6011135606525342,1.759782157771665,0.201174507990306,0.7774883280570842,-0.389636878820241,0.7450200000000007
-1.216254706833169,-1.81602863671167,-2.140718165153934,-1.652754802475589,-1.054925165227588,-0.3592312359016733,0.7733684745686641,0.7181380870210268,0.8476309316637837,-0.6011135606525342,1.755110034588591,0.201174507990306,0.7774883280570842,-0.389636878820241,0.7569600000000006
-1.215302317260943,-1.823417946084715,-2.139069366317558,-1.654145465474951,-1.048170353299736,-0.3593287120432768,0.7733684745686641,0.7181380870210268,0.8476309316637837,-0.5968361899733113,1.754581399762723,0.201174507990306,0.7774883280570842,-0.389636878820241,0.7679600000000006
-1.215302317260943,-1.850194629471898,-2.134607093989054,-1.649395784552462,-1.048170353299736,-0.3593287120432768,0.7316185527682011,0.7021705428291373,0.84976376684823,-0.5968361899733113,1.762979192240665,0.201174507990306,0.7774883280570842,-0.389636878820241,0.7774500000000006
-1.207724899690752,-1.866689505982849,-2.137587652578037,-1.640622104998075,-1.048170353299736,-0.362049833371151,0.6936975578292833,0.7021705428291373,0.84976376684823,-0.5946209874504066,1.775758415354455,0.201174507990306,0.7774883280570842,-0.389636878820241,0.7847400000000005
-1.187456465161322,-1.866689505982849,-2.138518898619905,-1.641840570787757,-1.044210362706312,-0.362049833371151,0.6936975578292833,0.6774429799903895,0.8447463634180014,-0.5946209874504066,1.77841633320242,0.201174507990306,0.7774883280570842,-0.389636878820241,0.7890000000000005
-1.186361164223271,-1.877822158192935,-2.138601010316373,-1.635030887639343,-1.044210362706312,-0.362049833371151,0.6936975578292833,0.6774429799903895,0.8447463634180014,-0.5960029351227767,1.771757964475444,0.201174507990306,0.7774883280570842,-0.389636878820241,0.7900000000000005
-1.186361164223271,-1.876296199441095,-2.136771024567216,-1.654846099427776,-1.044210362706312,-0.362049833371151,0.6604350673061239,0.6428468159577566,0.8308167841905645,-0.5960029351227767,1.779667942739938,0.201174507990306,0.7774883280570842,-0.389636878820241,0.7885600000000005
-1.188584970460351,-1.872252281880886,-2.136771024567216,-1.63674496217581,-1.043176159240891,-0.3673293849400637,0.6604350673061239,0.6428468159577566,0.8308167841905645,-0.6025783717783468,1.766332586081431,0.201174507990306,0.7774883280570842,-0.389636878820241,0.7849475000000005
-1.198853678025846,-1.872252281880886,-2.136771024567216,-1.651607007319461,-1.043176159240891,-0.3673293849400637,0.6326563750294526,0.5980275231320404,0.8063591281394868,-0.6025783717783468,1.793738225011101,0.201174507990306,0.7774883280570842,-0.5520900180747342,0.7789475000000003
-1.205392668577471,-1.846048474407523,-2.134089726116904,-1.648702602395094,-1.043176159240891,-0.3747652222633538,0.6326563750294526,0.5980275231320404,0.8063591281394868,-0.6158097183538908,1.821156775093011,0.201174507990306,0.7774883280570842,-0.5520900180747342,0.7711725000000003
-1.204806690579453,-1.839451288439587,-2.12986038906649,-1.655170973248858,-1.043176159240891,-0.3747652222633538,0.6112319959058795,0.5435107934291443,0.770189030879687,-0.6158097183538908,1.835924161410506,0.201174507990306,0.7774883280570842,-0.3803673089788375,0.7621225000000003
-1.199773319652833,-1.832653691653957,-2.12986038906649,-1.663796286611121,-1.043176159240891,-0.3836709920308064,0.6112319959058795,0.5435107934291443,0.770189030879687,-0.6368359698616333,1.828109617370739,0.201174507990306,0.7774883280570842,-1.455794521935454,0.7516275000000002
-1.199773319652833,-1.831027706181239,-2.124510651334507,-1.67328062578828,-1.043176159240891,-0.3836709920308064,0.597108327959535,0.4807490911234452,0.7218293199184731,-0.6368359698616333,1.832303692207575,0.201174507990306,0.7535799767150578,-1.455794521935454,0.7398675000000001
-1.197451611302208,-1.831827320550058,-2.118932648727783,-1.683001999522191,-1.044970793596127,-0.4020735139844196,0.597108327959535,0.4807490911234452,0.7218293199184731,-0.6368359698616333,1.826571254086695,0.201174507990306,0.7535799767150578,-1.615733879538064,0.7274625000000001
-1.186032198911791,-1.842246186414451,-2.116349994834526,-1.719776729909851,-1.044970793596127,-0.4020735139844196,0.5912907929738263,0.4120930919413969,0.6617086410386646,-0.6368359698616333,1.828389309567406,0.201174507990306,0.7535799767150578,-0.6674097513560076,0.7153925000000001
-1.18465538875027,-1.842840059948325,-2.108824355390958,-1.717950864698503,-1.044970793596127,-0.4020735139844196,0.5912907929738263,0.4120930919413969,0.6617086410386646,-0.6663180209439248,1.867861411784717,0.201174507990306,0.7535799767150578,-1.159168287010364,0.7038375
-1.184435522120694,-1.845636356375918,-2.105851348479849,-1.729221088753366,-1.049285764675471,-0.4020735139844196,0.5947510571569001,0.3406833416487093,0.5912393990968516,-0.6663180209439248,1.895484081646094,0.201174507990306,0.7535799767150578,-0.5025999418028354,0.6922375
-1.184699587281286,-1.852453195853793,-2.107462109860517,-1.729330816623768,-1.049285764675471,-0.4139057434639026,0.6082367612414867,0.3406833416487093,0.5912393990968516,-0.7501240392289561,1.929541660816973,0.201174507990306,0.7535799767150578,-0.7051164761346193,0.68116
-1.183250429632192,-1.854324332217709,-2.107997226931144,-1.751089113165465,-1.049285764675471,-0.4139057434639026,0.6082367612414867,0.2702272606979601,0.5127508226512709,-0.7501240392289561,1.938265720169961,0.201174507990306,0.7535799767150578,-0.8744825149318729,0.6712899999999999
-1.163524592543373,-1.861477459133791,-2.109109858358969,-1.759418158167746,-1.055636040962693,-0.4139057434639026,0.6082367612414867,0.2702272606979601,0.5127508226512709,-0.7501240392289561,1.978428721382096,0.201174507990306,0.7535799767150578,-0.8744825149318729,0.66221
-1.163524592543373,-1.863080521884888,-2.107543762941424,-1.776248491625312,-1.055636040962693,-0.4139057434639026,0.6320055720297385,0.2046352241063524,0.4292914320126352,-0.7501240392289561,1.955114678213251,0.201174507990306,0.7535799767150578,-0.8744825149318729,0.6535599999999999
-1.152161372322281,-1.864925817198898,-2.093400679074696,-1.768537726491329,-1.055636040962693,-0.4149408042418359,0.6320055720297385,0.2046352241063524,0.4292914320126352,-0.8022865703466611,1.926672158479375,0.201174507990306,0.7535799767150578,-0.8744825149318729,0.6459499999999999
-1.152161372322281,-1.866484176026807,-2.089584688678899,-1.790682723002591,-1.06340365296253,-0.4149408042418359,0.6320055720297385,0.1475726681240822,0.3443588961788076,-0.85855930497742,1.890900469395333,0.201174507990306,0.7296716253730315,-0.8744825149318729,0.6397899999999999
-1.128035101609473,-1.869493853769718,-2.089584688678899,-1.809052413264902,-1.06340365296253,-0.4120744420321237,0.6655821909421251,0.1475726681240822,0.3443588961788076,-0.85855930497742,1.860952531698232,0.201174507990306,0.7296716253730315,-0.8744825149318729,0.6349699999999998
-1.110365116758097,-1.876996467913522,-2.089584688678899,-1.815177750726073,-1.06340365296253,-0.4120744420321237,0.6655821909421251,0.1020626460037893,0.2616239181128707,-0.85855930497742,1.863781005024727,0.2716485203640825,0.7296716253730315,-0.8744825149318729,0.6306199999999998
-1.103984208263595,-1.892742358686737,-2.089584688678899,-1.828470593013049,-1.071881441889137,-0.4054061635565555,0.7076671380712611,0.1020626460037893,0.2616239181128707,-0.9161433074671749,1.812760551923,0.2716485203640825,0.7535799767150578,-0.8744825149318729,0.6270099999999998
-1.094822957983853,-1.903835395898205,-2.077932884741198,-1.839139471101703,-1.071881441889137,-0.4054061635565555,0.7076671380712611,0.07024502171667835,0.1846876054238854,-0.9161433074671749,1.771801565034385,0.2716485203640825,0.7535799767150578,-0.8744825149318729,0.6243599999999999
-1.088103399560843,-1.937502647378594,-2.069997916802509,-1.86500680184596,-1.071881441889137,-0.3954490884146615,0.756254446254154,0.07024502171667835,0.1846876054238854,-0.9719587461845032,1.748073082154225,0.2716485203640825,0.7296716253730315,-0.8744825149318729,0.6218999999999999
-1.071424245536789,-1.966909652672739,-2.069997916802509,-1.880099264134276,-1.080318027462642,-0.3954490884146615,0.756254446254154,0.05329203896637409,0.1168773992458611,-0.9719587461845032,1.72761557174836,0.2716485203640825,0.7296716253730315,-0.8744825149318729,0.61903
-1.072799481822573,-1.988383853368242,-2.068845960270567,-1.908363270504016,-1.080318027462642,-0.3829557856467471,0.8088991668457355,0.05329203896637409,0.1168773992458611,-1.022943294493388,1.724886779477555,0.2716485203640825,0.7296716253730315,-1.041648994783688,0.61636
-1.081677641487419,-2.032941378973518,-2.071931348522249,-1.928236229205134,-1.080318027462642,-0.3829557856467471,0.8630163793542779,0.05141380133763174,0.0610633293899475,-1.022943294493388,1.73600534872993,0.2716485203640825,0.7296716253730315,-1.041648994783688,0.61403
-1.098631498790189,-2.078784251665376,-2.071931348522249,-1.948250440073567,-1.087969366482151,-0.368710490015064,0.8630163793542779,0.05141380133763174,0.0610633293899475,-1.066317059291073,1.758132313213452,0.2716485203640825,0.7296716253730315,-1.041648994783688,0.61134
-1.098631498790189,-2.121745022526014,-2.071931348522249,-1.975174354145452,-1.087969366482151,-0.368710490015064,0.9161221255906924,0.05141380133763174,0.01947391477813168,-1.099804824033181,1.782827404821242,0.2716485203640825,0.7296716253730315,-1.041648994783688,0.60795
-1.098631498790189,-2.16153351283159,-2.07650926823145,-1.978473430443185,-1.087969366482151,-0.3533677521174509,0.9161221255906924,0.05141380133763174,0.01947391477813168,-1.099804824033181,1.80630529367056,0.2716485203640825,0.7296716253730315,-1.041648994783688,0.60387
-1.139648763903021,-2.199616919250139,-2.07650926823145,-2.000472282175491,-1.087969366482151,-0.3533677521174509,0.9659873062162266,0.08923137737380227,-0.006489099738845826,-1.099804824033181,1.783329007264063,0.2716485203640825,0.7296716253730315,-1.041648994783688,0.5994900000000001
-1.139648763903021,-2.231792855367449,-2.08908519837509,-2.015092259081915,-1.087969366482151,-0.3373938181228006,0.9659873062162266,0.08923137737380227,-0.006489099738845826,-1.121821482789591,1.771516608685306,0.2716485203640825,0.7296716253730315,-1.041648994783688,0.5944100000000001
-1.156323759876857,-2.278080865797196,-2.093150234230698,-2.013489721042867,-1.087969366482151,-0.3373938181228006,0.9659873062162266,0.125155652594022,-0.01640486547051817,-1.121821482789591,1.772274235761419,0.2716485203640825,0.7296716253730315,-1.041648994783688,0.5885
-1.156323759876857,-2.289816350601352,-2.099174678870979,-2.020971109126966,-1.094156706593717,-0.3211195741549608,0.9659873062162266,0.125155652594022,-0.01640486547051817,-1.131604805361242,1.776228291946696,0.2716485203640825,0.7296716253730315,-1.041648994783688,0.58213
-1.156323759876857,-2.352184888519807,-2.10881386637649,-2.028110483115606,-1.094156706593717,-0.3211195741549608,1.048788254020744,0.125155652594022,-0.01089777266372006,-1.131604805361242,1.779006608212535,0.2716485203640825,0.7296716253730315,-1.041648994783688,0.57593
-1.173600110948063,-2.374317075329847,-2.113283972299759,-2.034945406527642,-1.094156706593717,-0.3048627173162273,1.048788254020744,0.125155652594022,-0.01089777266372006,-1.131604805361242,1.789746868368002,0.2716485203640825,0.7296716253730315,-1.041648994783688,0.5692400000000001
-1.207531138816416,-2.398613924729412,-2.121786834605279,-2.026797175034825,-1.098324627731377,-0.3048627173162273,1.079073849526728,0.2176021476846894,0.008436758883716929,-1.129250037774089,1.787923919393136,0.2716485203640825,0.7296716253730315,-1.041648994783688,0.5621300000000001
-1.284357007709998,-2.41525652498708,-2.125338427866505,-2.014006430171821,-1.098324627731377,-0.2890528458444715,1.079073849526728,0.2176021476846894,0.008436758883716929,-1.115612997127844,1.770176232599927,0.2716485203640825,0.7296716253730315,-1.041648994783688,0.5552600000000002
-1.284357007709998,-2.420684506693177,-2.138375181880789,-2.022957553122258,-1.098324627731377,-0.2890528458444715,1.100848853039281,0.2176021476846894,0.03924127228598052,-1.115612997127844,1.75889543271423,0.2716485203640825,0.7535799767150578,-0.8839091961265169,0.5486900000000002
-1.284357007709998,-2.434118520562756,-2.148545883578486,-2.031352463156952,-1.100091776201661,-0.274305050125978,1.100848853039281,0.2176021476846894,0.03924127228598052,-1.092105392617784,1.763200969846072,0.2716485203640825,0.7535799767150578,-0.8839091961265169,0.5424600000000003
-1.294190587974569,-2.44111187882671,-2.16366808995206,-2.029521833852301,-1.100091776201661,-0.274305050125978,1.113755260787552,0.2681795399816156,0.07868310560364075,-1.092105392617784,1.774587091628875,0.2716485203640825,0.7535799767150578,-0.8839091961265169,0.5366800000000003
-1.313043562194708,-2.44111187882671,-2.16366808995206,-2.030813008462544,-1.100091776201661,-0.2614190589010517,1.113755260787552,0.2681795399816156,0.07868310560364075,-1.060451841119023,1.798581924488866,0.2716485203640825,0.7535799767150578,-0.8839091961265169,0.5313600000000004
-1.331618622826327,-2.447158915362721,-2.183835157747062,-2.036704095320784,-1.099287445333481,-0.2614190589010517,1.113755260787552,0.3179654264548587,0.07868310560364075,-1.060451841119023,1.810072416671481,0.2716485203640825,0.7535799767150578,-0.8839091961265169,0.5266300000000004
-1.377572321273153,-2.451472894214226,-2.189911019004479,-1.991349810278131,-1.099287445333481,-0.2513088297234192,1.117732713368188,0.3179654264548587,0.07868310560364075,-1.022474474257882,1.82267693855315,0.2716485203640825,0.7774883280570842,-0.6768364325506516,0.5225400000000004
-1.400000991233489,-2.471765172076435,-2.192072257458832,-1.99307993804626,-1.099287445333481,-0.2513088297234192,1.112960118862215,0.3646576948801193,0.1715823692334897,-1.022474474257882,1.827055974079082,0.2716485203640825,0.7774883280570842,-0.6744797622519727,0.5186500000000004
-1.415525387529363,-2.486420576942977,-2.194536651459528,-1.97287664411443,-1.095966507166237,-0.2448864302415177,1.112960118862215,0.3646576948801193,0.1715823692334897,-0.979939023528636,1.803525676854671,0.2716485203640825,0.7774883280570842,-0.6414863780707187,0.5152100000000004
-1.423948498089185,-2.495990356878317,-2.206615358512053,-1.965057582284733,-1.095966507166237,-0.2448864302415177,1.112960118862215,0.4064459378647063,0.2196641336684606,-0.979939023528636,1.778790202982854,0.2716485203640825,0.7774883280570842,-0.86269916343855,0.5123800000000005
-1.447291947430428,-2.511890623351657,-2.21361139460089,-1.961637809979667,-1.095966507166237,-0.2429424082325096,1.099837790641482,0.4064459378647063,0.2196641336684606,-0.979939023528636,1.732275614304141,0.2716485203640825,0.7774883280570842,-0.6650530810573287,0.5097100000000004
-1.476952345924472,-2.512576427195024,-2.221197036203002,-1.945530674975869,-1.090395686908015,-0.2460660213362954,1.099837790641482,0.4420511845159045,0.2661077997933438,-0.9344668515780601,1.718427667470394,0.2716485203640825,0.7774883280570842,-0.4839036907667523,0.5071500000000004
-1.476952345924472,-2.509532676789497,-2.23176358499127,-1.929244465053907,-1.090395686908015,-0.2460660213362954,1.099837790641482,0.4420511845159045,0.2661077997933438,-0.8874985657302379,1.708586887253841,0.2716485203640825,0.7774883280570842,-0.4839036907667523,0.5044500000000005
-1.476952345924472,-2.507358148086563,-2.23176358499127,-1.917148458927344,-1.090395686908015,-0.2460660213362954,1.051286942050823,0.4707318112380736,0.2661077997933438,-0.8874985657302379,1.704439001183763,0.2716485203640825,0.7774883280570842,-0.6956897949399395,0.5014200000000005
-1.51411790290246,-2.495385006927785,-2.23176358499127,-1.902250559698713,-1.083010883807211,-0.2546147838941615,1.051286942050823,0.4707318112380736,0.2661077997933438,-0.840288619556062,1.691364825680161,0.2716485203640825,0.7774883280570842,-0.6956897949399395,0.4983300000000005
-1.51411790290246,-2.489034680753576,-2.23713850278066,-1.907851201601473,-1.083010883807211,-0.2546147838941615,1.051286942050823,0.4922619806559871,0.3097028098812781,-0.840288619556062,1.654319709723546,0.2716485203640825,0.7774883280570842,-0.5332366556854463,0.49515000000000053
-1.54932119231821,-2.481751862416566,-2.241895096794819,-1.894271445158312,-1.083010883807211,-0.2687081647388159,1.051286942050823,0.4922619806559871,0.3097028098812781,-0.840288619556062,1.650880497897394,0.2716485203640825,0.7774883280570842,-0.5332366556854463,0.4918600000000006
-1.584467247928796,-2.473380065588732,-2.240024124093781,-1.895683684112953,-1.083010883807211,-0.2687081647388159,1.017800991061372,0.5068855293855894,0.3498743273921535,-0.7939170294972465,1.671250261592317,0.2716485203640825,0.7774883280570842,-0.5332366556854463,0.4883100000000006
-1.586917967766994,-2.468529104861451,-2.242733698114827,-1.871257154863871,-1.083010883807211,-0.2882201313588996,1.017800991061372,0.5068855293855894,0.3498743273921535,-0.7493140022393134,1.65889577354618,0.2716485203640825,0.7774883280570842,-0.5332366556854463,0.4848200000000006
-1.587779322656234,-2.458226784014078,-2.24488838793659,-1.847540224440424,-1.074357328358831,-0.2882201313588996,0.9798239983443099,0.5152450527356243,0.3865456688773428,-0.7493140022393134,1.643394575754982,0.2716485203640825,0.7774883280570842,-0.5332366556854463,0.4809600000000006
-1.591417641975495,-2.434339159345994,-2.263943526487426,-1.821476641618913,-1.074357328358831,-0.3127581678897547,0.9387950396028327,0.5152450527356243,0.3865456688773428,-0.7072943933776458,1.648018536228884,0.2716485203640825,0.7774883280570842,-0.5332366556854463,0.4770000000000006
-1.602970537539708,-2.419023450523951,-2.263943526487426,-1.836189403805983,-1.074357328358831,-0.3127581678897547,0.9387950396028327,0.5182786659105341,0.4199778456445815,-0.7072943933776458,1.653725297674572,0.2716485203640825,0.7774883280570842,-0.5332366556854463,0.47321000000000063
-1.608160528750532,-2.412301647576181,-2.271800342577742,-1.819868595139617,-1.074357328358831,-0.3416304128265996,0.9387950396028327,0.5182786659105341,0.4199778456445815,-0.6685924834608332,1.637995513473072,0.2716485203640825,0.7774883280570842,-0.5332366556854463,0.4700900000000006
-1.624524628533596,-2.406395955175419,-2.275893743457127,-1.809553419880425,-1.074357328358831,-0.3416304128265996,0.8962112153559323,0.5170739691034003,0.4506085300492259,-0.6685924834608332,1.659295007005511,0.2716485203640825,0.7774883280570842,-0.5332366556854463,0.46759000000000056
-1.624524628533596,-2.392348221400237,-2.275752972226858,-1.788244259498556,-1.074357328358831,-0.3738305696272601,0.8962112153559323,0.5170739691034003,0.4506085300492259,-0.6685924834608332,1.636625227737089,0.2716485203640825,0.7774883280570842,-0.5332366556854463,0.46560000000000057
-1.624524628533596,-2.386682712538359,-2.275634313917323,-1.789367422335624,-1.074357328358831,-0.3738305696272601,0.853527556020348,0.5126899492296951,0.4788817786299028,-0.6685924834608332,1.618570314505165,0.2716485203640825,0.7774883280570842,-0.2813871564349684,0.46420000000000056
-1.633059219001991,-2.380753589000084,-2.275792973231271,-1.776662958352435,-1.074357328358831,-0.4080821407433171,0.853527556020348,0.5126899492296951,0.4788817786299028,-0.6338829462695964,1.621378098291727,0.2716485203640825,0.7774883280570842,-0.2813871564349684,0.4630800000000006
-1.633059219001991,-2.368495881844333,-2.276438892142276,-1.751857771421708,-1.074357328358831,-0.4080821407433171,0.8120823961883752,0.5059906210986573,0.5050801156478373,-0.6338829462695964,1.60900624821201,0.2716485203640825,0.7774883280570842,-0.2813871564349684,0.4626300000000006
-1.637716809658011,-2.347365099167497,-2.276438892142276,-1.744849300969459,-1.074357328358831,-0.4429528931028189,0.8120823961883752,0.5059906210986573,0.5050801156478373,-0.6037767464124384,1.679464363322578,0.2716485203640825,0.7774883280570842,-0.2813871564349684,0.4622400000000006
-1.6307393454351,-2.330952294192268,-2.27794706584247,-1.734232988268525,-1.065029503730516,-0.4429528931028189,0.7730418489024169,0.4975478075789582,0.5291974085191125,-0.6037767464124384,1.71619816617566,0.2716485203640825,0.7774883280570842,-0.2813871564349684,0.4621800000000006
-1.624854131142906,-2.317705167575271,-2.275969920266116,-1.70712957528124,-1.065029503730516,-0.4770069183341798,0.7730418489024169,0.4975478075789582,0.5291974085191125,-0.5787916997274459,1.691775575937172,0.2716485203640825,0.7774883280570842,-0.2813871564349684,0.46230000000000054
-1.622327297461434,-2.306965633069566,-2.273634890969112,-1.708558592299144,-1.065029503730516,-0.4770069183341798,0.7373533283079765,0.4876536565297528,0.5508864763227854,-0.5787916997274459,1.659072825910733,0.2716485203640825,0.7774883280570842,-0.2813871564349684,0.46219000000000054
-1.628223920476232,-2.289766557286158,-2.264187451968865,-1.720225310958828,-1.065029503730516,-0.5089379159422603,0.7373533283079765,0.4876536565297528,0.5508864763227854,-0.5593106036009355,1.62438189925594,0.2716485203640825,0.7774883280570842,-0.2813871564349684,0.4612100000000005
-1.642055179087236,-2.267706153473787,-2.258280559488593,-1.715812386500957,-1.065029503730516,-0.5089379159422603,0.7057250193150524,0.4764323500746425,0.5694975590444065,-0.5593106036009355,1.607870429574175,0.2716485203640825,0.7774883280570842,-0.2813871564349684,0.4596900000000005
-1.651477241158809,-2.255339353168027,-2.254180688480714,-1.72700073666905,-1.065029503730516,-0.5376397048965444,0.7057250193150524,0.4764323500746425,0.5694975590444065,-0.5455455757297043,1.59677099250506,0.2716485203640825,0.7774883280570842,-0.2813871564349684,0.45740000000000053
-1.651477241158809,-2.225492725042632,-2.249161250089933,-1.733378577661669,-1.065029503730516,-0.5376397048965444,0.6786405450457601,0.4639845989592258,0.5842084606351999,-0.5455455757297043,1.560506244170853,0.2716485203640825,0.7774883280570842,-0.2813871564349684,0.45404000000000055
-1.642379805821857,-2.214623746127208,-2.241020628438519,-1.722412790408804,-1.065029503730516,-0.562213249139175,0.6786405450457601,0.4639845989592258,0.5842084606351999,-0.5375257103359232,1.577699784899179,0.2716485203640825,0.7774883280570842,-0.2813871564349684,0.45004000000000055
-1.633737988444911,-2.192013222122427,-2.226770477323904,-1.748599358462727,-1.065029503730516,-0.562213249139175,0.6563974681443328,0.4505030240196818,0.5942219547239088,-0.5375257103359232,1.594157624289753,0.2716485203640825,0.7774883280570842,-0.2813871564349684,0.4453200000000005
-1.633737988444911,-2.17698354367256,-2.226770477323904,-1.768261043290062,-1.065029503730516,-0.5819440478987822,0.6563974681443328,0.4505030240196818,0.5942219547239088,-0.5351217836510911,1.566366336683012,0.2716485203640825,0.7774883280570842,-0.2813871564349684,0.4402400000000005
-1.614054705293899,-2.162777612012822,-2.212806233729351,-1.785774302525084,-1.065029503730516,-0.5819440478987822,0.6391729531935154,0.4363540401333934,0.5989799930771963,-0.5381110183524452,1.547482336903562,0.2716485203640825,0.7774883280570842,-0.2813871564349684,0.43467000000000056
-1.609208287404609,-2.158040040022012,-2.201775968427464,-1.78356751405742,-1.065029503730516,-0.5962849249970272,0.6391729531935154,0.4363540401333934,0.5989799930771963,-0.5381110183524452,1.534864085754299,0.2716485203640825,0.7774883280570842,-0.2813871564349684,0.4284700000000005
-1.595956432352089,-2.149226847149404,-2.193109101194564,-1.786681218797652,-1.055618694737745,-0.5962849249970272,0.6271279765753893,0.422142815997374,0.5983442095513881,-0.5381110183524452,1.535736232575884,0.2716485203640825,0.7774883280570842,-0.2813871564349684,0.4217400000000005
-1.595956432352089,-2.149254210893433,-2.192292282179391,-1.799252460282767,-1.055618694737745,-0.6048624580918479,0.6271279765753893,0.422142815997374,0.5983442095513881,-0.5462593040608968,1.527301416220826,0.2716485203640825,0.7774883280570842,-0.2813871564349684,0.4148500000000005
-1.595956432352089,-2.149254210893433,-2.188338243199222,-1.803364109248329,-1.055618694737745,-0.6048624580918479,0.6205161071981454,0.4087326498439097,0.5927053930401412,-0.5462593040608968,1.530685494256653,0.2716485203640825,0.7774883280570842,-0.2813871564349684,0.4075300000000005
-1.583706120957319,-2.153776609054207,-2.178657106178314,-1.804247789101971,-1.055618694737745,-0.6048624580918479,0.6205161071981454,0.4087326498439097,0.5927053930401412,-0.5593721765895487,1.539055484788334,0.2716485203640825,0.7774883280570842,-0.2813871564349684,0.4002700000000005
-1.583706120957319,-2.168923823888382,-2.173669046408986,-1.833150943174988,-1.055618694737745,-0.6048624580918479,0.6197215986029098,0.3971641752240586,0.5829874541033587,-0.5593721765895487,1.547780610949348,0.2716485203640825,0.8013966793991089,-0.4391269550921755,0.39381000000000055
-1.581737973991099,-2.175440246807245,-2.169016084449858,-1.829658265508214,-1.055618694737745,-0.6043077099796732,0.6197215986029098,0.3971641752240586,0.5829874541033587,-0.5772676746229868,1.579203272261015,0.2716485203640825,0.8013966793991089,-0.4391269550921755,0.38815000000000055
-1.578670359281653,-2.180917432171661,-2.169016084449858,-1.847259462226404,-1.04666577873172,-0.6043077099796732,0.6251817804479782,0.3884799847887116,0.5705318852779825,-0.5772676746229868,1.631193032993864,0.2716485203640825,0.8013966793991089,-0.262690905398921,0.38328000000000056
-1.577347980353499,-2.185550834904691,-2.165181115152557,-1.847399447490179,-1.04666577873172,-0.6043077099796732,0.6251817804479782,0.3884799847887116,0.5705318852779825,-0.5996613590462557,1.631570056500178,0.2716485203640825,0.8013966793991089,-0.262690905398921,0.37923000000000057
-1.574540044072379,-2.185196645082273,-2.156328269460079,-1.866638340509131,-1.04666577873172,-0.6043077099796732,0.6372224181990995,0.3835423644304148,0.5569046032641425,-0.5996613590462557,1.631300512423963,0.2716485203640825,0.8013966793991089,-0.262690905398921,0.3763700000000006
-1.570874682338812,-2.176608744850739,-2.15424403487459,-1.870214874429379,-1.038617956381466,-0.582139695331066,0.6372224181990995,0.3835423644304148,0.5569046032641425,-0.6260042671939201,1.582143818222045,0.2716485203640825,0.8013966793991089,-0.262690905398921,0.3750200000000006
-1.563429047510967,-2.167687334295896,-2.153883619500871,-1.888368517957441,-1.038617956381466,-0.582139695331066,0.6558892561484084,0.3829377187086522,0.5437070852320802,-0.6260042671939201,1.575870425296189,0.2716485203640825,0.8013966793991089,-0.262690905398921,0.37561000000000055
-1.553061252110287,-2.158248287976903,-2.150404948293621,-1.896442778821311,-1.038617956381466,-0.582139695331066,0.6558892561484084,0.3829377187086522,0.5437070852320802,-0.65534324319187,1.619210923524949,0.2716485203640825,0.8013966793991089,-0.262690905398921,0.3782700000000006
-1.547757207272953,-2.158248287976903,-2.146857083405405,-1.893718628580863,-1.031792713319064,-0.582139695331066,0.6808521775057423,0.3869852929452511,0.5324605444609007,-0.65534324319187,1.638668888657076,0.2716485203640825,0.7774883280570842,-0.262690905398921,0.3832000000000006
-1.544962298152957,-2.138348052316791,-2.133316944458177,-1.913361648459396,-1.031792713319064,-0.564740585069202,0.6808521775057423,0.3869852929452511,0.5324605444609007,-0.6862623048672234,1.639864279962935,0.2716485203640825,0.7774883280570842,-0.262690905398921,0.3899300000000006
-1.543291630507169,-2.12800065659765,-2.128784007621847,-1.914747722439607,-1.031792713319064,-0.5445103655582854,0.7113981154802648,0.3957836563973108,0.5245779588991938,-0.6862623048672234,1.654622159889626,0.2716485203640825,0.7774883280570842,-0.4367702847934966,0.39771000000000056
-1.532478316331179,-2.116985841388091,-2.128784007621847,-1.935999666583364,-1.026350796929285,-0.5445103655582854,0.7113981154802648,0.3957836563973108,0.5245779588991938,-0.7169395545368485,1.647225878603536,0.2716485203640825,0.7774883280570842,-0.4367702847934966,0.4059400000000005
-1.523279827907171,-2.108016980995974,-2.126614762565666,-1.952062117042022,-1.026350796929285,-0.5445103655582854,0.7464934223991495,0.3957836563973108,0.5213713696283734,-0.7169395545368485,1.62896583449267,0.2716485203640825,0.7774883280570842,-0.4367702847934966,0.4147700000000006
-1.510822300422369,-2.102218519594598,-2.118704385914827,-1.95344625192796,-1.026350796929285,-0.5225900282102139,0.78491034917072,0.3957836563973108,0.5213713696283734,-0.7169395545368485,1.617698273070757,0.2716485203640825,0.7535799767150578,-0.4367702847934966,0.42412000000000055
-1.510822300422369,-2.109210461783654,-2.118704385914827,-1.961037172653865,-1.022278393646956,-0.5225900282102139,0.78491034917072,0.4269343985952813,0.5240185254389202,-0.7453334429568005,1.621589412118253,0.342122532737859,0.7296716253730315,-0.2721175865935649,0.4333600000000005
-1.480943467315335,-2.12198017557996,-2.115541727594511,-1.996675011304736,-1.022278393646956,-0.5000475100056415,0.78491034917072,0.4269343985952813,0.5240185254389202,-0.7453334429568005,1.607288188594939,0.342122532737859,0.7296716253730315,-0.2721175865935649,0.4420900000000005
-1.467196391414977,-2.142391588884701,-2.115541727594511,-1.949815579856071,-1.022278393646956,-0.5000475100056415,0.825397540847353,0.4482945656395098,0.5334620397467396,-0.7694656166529227,1.599585855713287,0.342122532737859,0.7296716253730315,-0.2721175865935649,0.4495600000000005
-1.467196391414977,-2.153231831666067,-2.11318602924198,-1.957746639735943,-1.019383894023979,-0.477728545263244,0.825397540847353,0.4482945656395098,0.5334620397467396,-0.7877098680815704,1.59797131972181,0.342122532737859,0.7296716253730315,-0.2721175865935649,0.4553600000000005
-1.467196391414977,-2.177498465108415,-2.11016459814511,-1.947377921385214,-1.019383894023979,-0.477728545263244,0.866823235257189,0.4482945656395098,0.5502696329256265,-0.7877098680815704,1.604903479899695,0.342122532737859,0.7057632740310051,-0.2721175865935649,0.45919000000000043
-1.456266567461756,-2.194813225559987,-2.11016459814511,-1.953702901135707,-1.019383894023979,-0.4561420903348179,0.866823235257189,0.4482945656395098,0.5502696329256265,-0.7989956866199583,1.609758138729245,0.342122532737859,0.7057632740310051,-0.2721175865935649,0.4611800000000004
-1.448726211519328,-2.212208339778606,-2.108984615420748,-1.948730467630381,-1.019383894023979,-0.4561420903348179,0.9082242942418108,0.4981632416126047,0.5744915865080708,-0.7989956866199583,1.63630201217287,0.342122532737859,0.7057632740310051,-0.4791903501694302,0.4613700000000004
-1.444453138589508,-2.226184702775834,-2.107848450292727,-1.950661026012155,-1.019383894023979,-0.4354277047323898,0.9082242942418108,0.4981632416126047,0.5744915865080708,-0.8028900798417673,1.644618752687382,0.342122532737859,0.7057632740310051,-0.4791903501694302,0.4603200000000004
-1.444453138589508,-2.237027221288467,-2.10852779507781,-1.951768290988247,-1.019383894023979,-0.4354277047323898,0.9487698261571186,0.4981632416126047,0.5744915865080708,-0.8028900798417673,1.625595944127944,0.342122532737859,0.7057632740310051,-0.4791903501694302,0.4573700000000004
-1.44285776107784,-2.23985695717926,-2.115064803976058,-1.941219152579948,-1.017319376584441,-0.4154297467472141,0.9487698261571186,0.4981632416126047,0.5744915865080708,-0.8028900798417673,1.61462629846762,0.342122532737859,0.6818549226889787,-0.312023870317615,0.4525900000000004
-1.443168801197603,-2.241699182107304,-2.115064803976058,-1.936485958986845,-1.017319376584441,-0.4154297467472141,0.9877040078899709,0.5497544981489925,0.642178467315901,-0.799569280385357,1.603597962989208,0.342122532737859,0.6818549226889787,-0.312023870317615,0.4465600000000004
-1.447059549553935,-2.241699182107304,-2.115064803976058,-1.921227802034748,-1.017319376584441,-0.3958569079493786,0.9877040078899709,0.5497544981489925,0.642178467315901,-0.7897097346289338,1.603462786734505,0.342122532737859,0.6818549226889787,-0.312023870317615,0.43997000000000036
-1.449781950441691,-2.248149533423514,-2.115064803976058,-1.916534021698616,-1.015631430154191,-0.3958569079493786,1.024311188138942,0.5497544981489925,0.6825546597199453,-0.7897097346289338,1.617460592772363,0.342122532737859,0.6818549226889787,-0.312023870317615,0.4334100000000004
-1.454583888867634,-2.247257448332906,-2.118738199199756,-1.915948890980037,-1.015631430154191,-0.3764601938585201,1.024311188138942,0.5497544981489925,0.6825546597199453,-0.7897097346289338,1.629615304907112,0.342122532737859,0.6818549226889787,-0.312023870317615,0.42721000000000037
-1.454583888867634,-2.245313235232595,-2.121280484654064,-1.903378999364984,-1.015631430154191,-0.3764601938585201,1.057895868809675,0.573235672524993,0.6825546597199453,-0.7743355479102675,1.656605816782417,0.342122532737859,0.6818549226889787,-0.312023870317615,0.42149000000000036
-1.459274661506844,-2.238513588482633,-2.124533278760449,-1.906365804415566,-1.013832980013352,-0.3571716958297281,1.057895868809675,0.573235672524993,0.6825546597199453,-0.7743355479102675,1.633441137977406,0.342122532737859,0.6818549226889787,-0.312023870317615,0.4163400000000004
-1.464869055075484,-2.227868031463287,-2.124533278760449,-1.889366341302685,-1.013832980013352,-0.3571716958297281,1.057895868809675,0.5938445054168519,0.724497587229287,-0.7743355479102675,1.641008401922288,0.342122532737859,0.6818549226889787,-0.312023870317615,0.4120600000000004
-1.466355095229481,-2.225063888514664,-2.127894749308366,-1.897211851245533,-1.013832980013352,-0.3381972739108339,1.057895868809675,0.5938445054168519,0.724497587229287,-0.7546602133711976,1.629117060454786,0.342122532737859,0.6818549226889787,-0.312023870317615,0.4086300000000004
-1.465491618570756,-2.223481898255536,-2.127894749308366,-1.877573515362184,-1.011477835384015,-0.3381972739108339,1.113262126248883,0.610854450487164,0.7658188761083164,-0.7319424308881667,1.625167096164089,0.342122532737859,0.6818549226889787,-0.312023870317615,0.4067200000000004
-1.465694935783936,-2.224091823155389,-2.127894749308366,-1.865809732919752,-1.011477835384015,-0.3200722926974796,1.113262126248883,0.610854450487164,0.7658188761083164,-0.7319424308881667,1.611835445761527,0.342122532737859,0.6818549226889787,-0.5073132824001574,0.4062000000000004
-1.478556679413225,-2.227066540399444,-2.134191316396385,-1.859171408570905,-1.011477835384015,-0.3200722926974796,1.133782786900214,0.6237844338464972,0.8397174806536972,-0.7319424308881667,1.612005980472117,0.342122532737859,0.6818549226889787,-0.5073132824001574,0.40686000000000033
-1.485347588319275,-2.222339575274194,-2.147707757200304,-1.845148575657263,-1.011477835384015,-0.303663793800823,1.133782786900214,0.6237844338464972,0.8397174806536972,-0.707358565215634,1.638382772125952,0.342122532737859,0.6579465713469541,-0.5073132824001574,0.40816000000000036
-1.485347588319275,-2.214301770669143,-2.149372613556274,-1.840624259992627,-1.011477835384015,-0.303663793800823,1.148882389109712,0.6323949677910375,0.8397174806536972,-0.707358565215634,1.63235125698618,0.342122532737859,0.6818549226889787,-0.5073132824001574,0.41015000000000035
-1.485347588319275,-2.206498645869674,-2.158842727314126,-1.824973228352836,-1.011477835384015,-0.2900974243491093,1.148882389109712,0.6323949677910375,0.8397174806536972,-0.6819004727309185,1.612793232239422,0.342122532737859,0.6818549226889787,-0.5073132824001574,0.41265000000000035
-1.488494659489277,-2.187699329112343,-2.158842727314126,-1.808063071632372,-1.008219829204498,-0.2900974243491093,1.148882389109712,0.6366906576047481,0.8704548427753102,-0.6819004727309185,1.601205172890131,0.342122532737859,0.6818549226889787,-0.5073132824001574,0.41608000000000034
-1.49125965565893,-2.172338956231651,-2.158842727314126,-1.795797106901054,-1.008219829204498,-0.280611110039483,1.148882389109712,0.6366906576047481,0.8704548427753102,-0.656313779525421,1.61049797032287,0.342122532737859,0.6818549226889787,-0.5073132824001574,0.4205200000000004
-1.49125965565893,-2.152871141619991,-2.158842727314126,-1.778821445185354,-1.008219829204498,-0.280611110039483,1.162231759846238,0.6369457798773934,0.8970480744089867,-0.656313779525421,1.598579518210506,0.342122532737859,0.6818549226889787,-0.5073132824001574,0.4259900000000004
-1.496794486918274,-2.149210400291944,-2.160939955842837,-1.791564658089749,-1.003847506812692,-0.2763502086781218,1.162231759846238,0.6369457798773934,0.8970480744089867,-0.6310766184204158,1.59271485603127,0.342122532737859,0.6818549226889787,-0.5073132824001574,0.4324500000000005
-1.496794486918274,-2.148161771949518,-2.173324432927564,-1.770093079853139,-1.003847506812692,-0.2763502086781218,1.162231759846238,0.6337278739311298,0.9203389147816741,-0.6310766184204158,1.629222165935144,0.342122532737859,0.6818549226889787,-0.3497305950961909,0.43974000000000046
-1.488888454327428,-2.148943773064254,-2.179837677751347,-1.766280842071787,-1.003847506812692,-0.2781264091705471,1.162231759846238,0.6337278739311298,0.9203389147816741,-0.6064034119620896,1.64508993401019,0.342122532737859,0.6818549226889787,-0.3497305950961909,0.44816000000000045
-1.483779448370727,-2.156884805713458,-2.18133598691573,-1.767485780402124,-0.998295001170693,-0.2781264091705471,1.161100749335517,0.6278757763559606,0.9416721424392425,-0.6064034119620896,1.665308512544663,0.342122532737859,0.6818549226889787,-0.3497305950961909,0.45782000000000045
-1.473237522970619,-2.162934954679926,-2.18446840689301,-1.757381793182855,-0.998295001170693,-0.2861910232537305,1.161100749335517,0.6278757763559606,0.9416721424392425,-0.5822619777013288,1.700623982219057,0.342122532737859,0.6818549226889787,-0.3497305950961909,0.4685800000000004
-1.470791533760699,-2.165244798177962,-2.18657466175907,-1.757337750364514,-0.998295001170693,-0.3000961914526435,1.155934955073724,0.6204191875453076,0.9626685046637334,-0.5822619777013288,1.761082092631311,0.342122532737859,0.6818549226889787,-0.5261666447894454,0.48023000000000043
-1.470349772369924,-2.164616444729482,-2.18870627314756,-1.737138174418294,-0.9916344531409059,-0.3000961914526435,1.155934955073724,0.6204191875453076,0.9626685046637334,-0.5584059942174929,1.764604160792219,0.342122532737859,0.6818549226889787,-0.5261666447894454,0.4932300000000004
-1.471250252578647,-2.161423598638587,-2.191344901326778,-1.734481554825369,-0.9916344531409059,-0.3000961914526435,1.148122016052654,0.6124643400292645,0.9849303969473863,-0.5584059942174929,1.780475153453445,0.342122532737859,0.6818549226889787,-0.7051164761346193,0.5068800000000004
-1.478374348101903,-2.156051000675577,-2.194588289062797,-1.72201517621134,-0.9916344531409059,-0.3186933444187564,1.148122016052654,0.6124643400292645,0.9849303969473863,-0.5344315387928694,1.79414879180501,0.342122532737859,0.6818549226889787,-0.7051164761346193,0.5210400000000004
-1.477416676147024,-2.148189456130239,-2.196680658743317,-1.705239512264113,-0.9916344531409059,-0.3186933444187564,1.139249150221891,0.6050748719073693,1.009728805261141,-0.5344315387928694,1.792266401513875,0.342122532737859,0.6818549226889787,-0.7051164761346193,0.5356400000000003
-1.473078397649966,-2.143991398458599,-2.197751526607377,-1.733814053956626,-0.9840568921473435,-0.3402653695317322,1.139249150221891,0.6050748719073693,1.009728805261141,-0.5098595344376577,1.79766755628092,0.342122532737859,0.6818549226889787,-0.7051164761346193,0.5504200000000004
-1.463394436314816,-2.137108723924714,-2.197751526607377,-1.723488168216753,-0.9840568921473435,-0.3402653695317322,1.130857956608941,0.5991728956934348,1.037758314150659,-0.5098595344376577,1.813136562066866,0.342122532737859,0.6818549226889787,-0.7051164761346193,0.5654200000000003
-1.445986822382131,-2.135980597398436,-2.194344871762786,-1.712778194201434,-0.9758478772539696,-0.3627512907823006,1.124253624598289,0.5991728956934348,1.037758314150659,-0.4842353243307138,1.81756172641398,0.342122532737859,0.6579465713469541,-0.7051164761346193,0.5803700000000003
-1.439233799622182,-2.13625092771535,-2.189172456511676,-1.709121467846606,-0.9758478772539696,-0.3627512907823006,1.124253624598289,0.5954841564124116,1.069019628766061,-0.4572349891947009,1.84163740970281,0.342122532737859,0.6579465713469541,-0.5403066665814471,0.5951300000000003
-1.434914898880796,-2.13959144376967,-2.189172456511676,-1.718146006042877,-0.9758478772539696,-0.3840052432628435,1.124253624598289,0.5954841564124116,1.069019628766061,-0.4572349891947009,1.826450132060464,0.342122532737859,0.6579465713469541,-0.7004031355372973,0.6106100000000002
-1.431537665330041,-2.141347801225251,-2.189172456511676,-1.719448217276595,-0.9673609778475081,-0.3840052432628435,1.120434240409927,0.5945149345050011,1.102820077843378,-0.4572349891947009,1.820842579009955,0.342122532737859,0.6579465713469541,-0.7004031355372973,0.6266900000000002
-1.41320087537112,-2.138195052713112,-2.189172456511676,-1.668544349335804,-0.9673609778475081,-0.402031062515682,1.120434240409927,0.5945149345050011,1.102820077843378,-0.428770423267578,1.828627053495713,0.342122532737859,0.6340382200049277,-0.7004031355372973,0.6428500000000003
-1.41320087537112,-2.126748497037773,-2.189172456511676,-1.654423123460184,-0.9673609778475081,-0.402031062515682,1.120099078705185,0.5965072089882386,1.13784744464159,-0.428770423267578,1.816268667642144,0.342122532737859,0.6340382200049277,-0.7004031355372973,0.6596600000000002
-1.378929420178107,-2.116436856380814,-2.18475675934298,-1.657534721733661,-0.9673609778475081,-0.4151580494262214,1.120099078705185,0.5965072089882386,1.13784744464159,-0.3990783217197153,1.774995310379505,0.342122532737859,0.6340382200049277,-0.5403066665814471,0.6773400000000003
-1.356599436282614,-2.107794617663675,-2.177161373009861,-1.643835310966738,-0.9673609778475081,-0.4151580494262214,1.123648362533332,0.6013529385178454,1.172290210269554,-0.3990783217197153,1.755753610856256,0.342122532737859,0.6340382200049277,-0.5403066665814471,0.6960200000000002
-1.345258343952097,-2.096391072886401,-2.169696000101138,-1.653174676044788,-0.9673609778475081,-0.4221532673140417,1.123648362533332,0.6013529385178454,1.172290210269554,-0.3687695481174485,1.710474942943566,0.342122532737859,0.6340382200049277,-0.5403066665814471,0.7163100000000002
-1.334372413304309,-2.088389177890659,-2.167612300521506,-1.630667551987016,-0.9673609778475081,-0.4221532673140417,1.131150465477008,0.6085269712939951,1.204008658554699,-0.3687695481174485,1.718427744562055,0.342122532737859,0.6340382200049277,-0.5403066665814471,0.7384400000000002
-1.315470782006562,-2.067893952717041,-2.167612300521506,-1.637337193168692,-0.9673609778475081,-0.4222690648488206,1.131150465477008,0.6085269712939951,1.204008658554699,-0.3388210066203524,1.701031217355413,0.342122532737859,0.6340382200049277,-0.5403066665814471,0.7622700000000002
-1.296804578584374,-2.056843385815529,-2.167612300521506,-1.622815957354659,-0.9589903195976404,-0.4222690648488206,1.142330023358276,0.6171234922631355,1.230770935965262,-0.3388210066203524,1.709270170637874,0.342122532737859,0.6340382200049277,-0.5403066665814471,0.7876600000000001
-1.275477569010929,-2.041413403086604,-2.165877821881179,-1.624749549239592,-0.9511449491235365,-0.4152210623826733,1.142330023358276,0.6171234922631355,1.230770935965262,-0.3105032862727492,1.725928524244012,0.342122532737859,0.6340382200049277,-0.5403066665814471,0.8134900000000002
-1.256421951124331,-2.031634968070517,-2.165764441128818,-1.628977862746467,-0.9511449491235365,-0.4152210623826733,1.156639515042417,0.6260330629005346,1.250540524287592,-0.3105032862727492,1.714438843500136,0.342122532737859,0.6340382200049277,-0.5403066665814471,0.8398700000000001
-1.236072278580471,-2.024584581646123,-2.170568234592781,-1.615952817762804,-0.9511449491235365,-0.4152210623826733,1.156639515042417,0.6260330629005346,1.250540524287592,-0.2852391440103673,1.660489092672866,0.342122532737859,0.6340382200049277,-0.5403066665814471,0.8668900000000003
-1.228722186920996,-2.018739826321088,-2.172944625217445,-1.627394712611552,-0.94422673720776,-0.4011221205580069,1.173423560884617,0.6342175108453918,1.261754794243675,-0.2852391440103673,1.613631805509556,0.342122532737859,0.6340382200049277,-0.5403066665814471,0.8945100000000001
-1.209796589196671,-2.014535869962957,-2.173806037563885,-1.622025188931493,-0.94422673720776,-0.3804325939348554,1.173423560884617,0.6342175108453918,1.261754794243675,-0.2852391440103673,1.675498940977247,0.342122532737859,0.6340382200049277,-0.5403066665814471,0.9226900000000002
-1.209796589196671,-2.003136671442553,-2.172253507733495,-1.622096628874844,-0.94422673720776,-0.3804325939348554,1.192102609454524,0.6409743338599859,1.263524173117867,-0.2643959734129153,1.67627901887641,0.342122532737859,0.6340382200049277,-0.5403066665814471,0.9510800000000001
-1.209796589196671,-2.003136671442553,-2.171949441015287,-1.629138760979191,-0.9386070794345842,-0.3804325939348554,1.192102609454524,0.6409743338599859,1.263524173117867,-0.2490521011426277,1.68066812727192,0.342122532737859,0.6340382200049277,-0.5403066665814471,0.9789800000000002
-1.204941130861667,-1.992677638463559,-2.173476597374668,-1.632121306302234,-0.9386070794345842,-0.3804325939348554,1.212258751386179,0.6460799050780698,1.255719773263134,-0.2490521011426277,1.662627725704545,0.342122532737859,0.6340382200049277,-0.5403066665814471,1.00546
-1.204871532159647,-1.979545040424636,-2.176704735486473,-1.646675854250083,-0.9386070794345842,-0.322951017291173,1.212258751386179,0.6460799050780698,1.255719773263134,-0.2398183807862734,1.625387270926396,0.342122532737859,0.6340382200049277,-0.3073105297202572,1.03098
-1.204871532159647,-1.955666053529005,-2.17719797273971,-1.654740816590525,-0.9345950407704541,-0.322951017291173,1.23359164060683,0.6497798420654918,1.238950830340784,-0.2398183807862734,1.593394040151717,0.342122532737859,0.6340382200049277,-0.3073105297202572,1.05604
-1.201184047122807,-1.948232852807838,-2.177172072313669,-1.658377363989733,-0.9345950407704541,-0.322951017291173,1.23359164060683,0.6497798420654918,1.238950830340784,-0.2367832018226377,1.587969660641109,0.342122532737859,0.6340382200049277,-0.3073105297202572,1.0811600000000001
-1.199416921006539,-1.93998263233906,-2.172204497623748,-1.666750613016933,-0.9345950407704541,-0.322951017291173,1.255853111636015,0.652688407165222,1.214446788889453,-0.2367832018226377,1.607970441534992,0.342122532737859,0.6340382200049277,-0.636773037473361,1.1066800000000003
-1.186266097136755,-1.934701767165581,-2.172204497623748,-1.682800175643413,-0.9323986003515362,-0.2539842074162578,1.255853111636015,0.652688407165222,1.214446788889453,-0.2395725519182184,1.600084588540228,0.342122532737859,0.6340382200049277,-0.636773037473361,1.1327200000000004
-1.180064202004387,-1.932485585400503,-2.172204497623748,-1.684314709490842,-0.9323986003515362,-0.2539842074162578,1.278859525414241,0.6556667237124505,1.183875054212696,-0.2395725519182184,1.58974966958436,0.342122532737859,0.6340382200049277,-0.4791903501694302,1.1588800000000004
-1.158388674280664,-1.927226255236622,-2.172204497623748,-1.706885071224704,-0.9323986003515362,-0.2539842074162578,1.278859525414241,0.6556667237124505,1.183875054212696,-0.2474582691169302,1.584424014752537,0.342122532737859,0.586221517320875,-0.4791903501694302,1.1846
-1.133508472649418,-1.919521371179194,-2.163924556635182,-1.707015046444699,-0.9320919828150603,-0.2539842074162578,1.302536036344785,0.6596800124752248,1.149135808870771,-0.2474582691169302,1.569931901482953,0.342122532737859,0.586221517320875,-0.6485563889666839,1.2102400000000002
-1.124547095265474,-1.912650836406875,-2.160827906007181,-1.707909874524138,-0.9320919828150603,-0.2198571909646494,1.302536036344785,0.6596800124752248,1.149135808870771,-0.2594670758394135,1.56305384316076,0.342122532737859,0.586221517320875,-0.6485563889666839,1.2363700000000002
-1.112160112787801,-1.913790813461001,-2.160827906007181,-1.714266113623272,-0.9320919828150603,-0.2198571909646494,1.326891967664748,0.6656061896938529,1.112169619800546,-0.2594670758394135,1.563351882540704,0.342122532737859,0.586221517320875,-0.6485563889666839,1.26391
-1.104105409274027,-1.923309960487109,-2.160827906007181,-1.707290431705026,-0.9336030458048821,-0.1883655322448582,1.326891967664748,0.6656061896938529,1.112169619800546,-0.2744883033125878,1.528766348715967,0.342122532737859,0.586221517320875,-0.4862603610654311,1.29275
-1.097251697338144,-1.922443942547102,-2.160827906007181,-1.723096296342588,-0.9336030458048821,-0.1883655322448582,1.351914849221155,0.6740280464408501,1.074800168688973,-0.2744883033125878,1.525775091251601,0.342122532737859,0.586221517320875,-0.4862603610654311,1.3224
-1.094719826496136,-1.911667154047218,-2.159154166550585,-1.712455954408091,-0.9336030458048821,-0.160915847577877,1.351914849221155,0.6740280464408501,1.074800168688973,-0.2913835179587672,1.560787124253631,0.342122532737859,0.586221517320875,-0.4862603610654311,1.3527900000000002
-1.090042310080819,-1.911667154047218,-2.158944579893618,-1.702385092342115,-0.9367277665313688,-0.160915847577877,1.377448208620456,0.6850889999282076,1.038621138892147,-0.2913835179587672,1.573180818024317,0.342122532737859,0.586221517320875,-0.4862603610654311,1.3831200000000001
-1.088025965848808,-1.896354225068243,-2.165911646444454,-1.707700413788854,-0.9367277665313688,-0.1384708966265744,1.377448208620456,0.6850889999282076,1.038621138892147,-0.309086859393169,1.565720235505484,0.342122532737859,0.5623131659788487,-0.4862603610654311,1.41342
-1.072419267914011,-1.888845835605042,-2.168128823723243,-1.700009352655661,-0.9367277665313688,-0.1215157577141568,1.403105610258267,0.6850889999282076,1.004929207260181,-0.309086859393169,1.594802341117118,0.342122532737859,0.5623131659788487,-0.6744797622519727,1.44386
-1.065852456456315,-1.874922298407851,-2.167441562439989,-1.697264186380632,-0.9411699231909257,-0.1215157577141568,1.403105610258267,0.6850889999282076,1.004929207260181,-0.3266867321395416,1.585917282941311,0.342122532737859,0.5623131659788487,-0.6744797622519727,1.47497
-1.062953479339249,-1.863655639930165,-2.158019920289219,-1.679541849737907,-0.9411699231909257,-0.1215157577141568,1.428234557202912,0.6984545984501652,0.9746982035430178,-0.3266867321395416,1.617433454466432,0.342122532737859,0.5623131659788487,-0.5167399635948015,1.50629
-1.060292444828888,-1.861859924920108,-2.158019920289219,-1.671621850489782,-0.9411699231909257,-0.1100856164560348,1.428234557202912,0.6984545984501652,0.9746982035430178,-0.3266867321395416,1.601772622405521,0.342122532737859,0.5623131659788487,-0.5167399635948015,1.53731
-1.060292444828888,-1.862648870245998,-2.158019920289219,-1.672424153366848,-0.9465934793998882,-0.1100856164560348,1.45193562755431,0.7287325748885095,0.9746982035430178,-0.3266867321395416,1.591135971668064,0.342122532737859,0.5623131659788487,-0.6509130592653627,1.56805
-1.06119413237813,-1.863481845069396,-2.146728256752171,-1.663035494585048,-0.9465934793998882,-0.1038491165524068,1.45193562755431,0.7287325748885095,0.9746982035430178,-0.3434857414579482,1.528850241132468,0.342122532737859,0.5623131659788487,-0.4532669768841414,1.5981199999999998
-1.065104747593736,-1.866013040885887,-2.146728256752171,-1.653677463276914,-0.9465934793998882,-0.1038491165524068,1.473142776762135,0.7287325748885095,0.9269324367128802,-0.3434857414579482,1.51765118052427,0.342122532737859,0.5623131659788487,-0.4532669768841414,1.6277099999999998
-1.053385784265767,-1.864907719974938,-2.144014287133273,-1.627410884396141,-0.9526698008040783,-0.1022395151563202,1.473142776762135,0.7287325748885095,0.9269324367128802,-0.3590296355247563,1.499777189217484,0.342122532737859,0.5623131659788487,-0.4532669768841414,1.6570399999999996
-1.044038355147419,-1.869136633467787,-2.134286824791666,-1.639313906465295,-0.9526698008040783,-0.1022395151563202,1.490745200126605,0.7559756639079573,0.9098468695680083,-0.3590296355247563,1.584490907603702,0.342122532737859,0.5623131659788487,-0.4532669768841414,1.6869999999999998
-1.039514279619694,-1.871438714927179,-2.133947939836705,-1.64082231800516,-0.9526698008040783,-0.1046122112112659,1.490745200126605,0.7559756639079573,0.9098468695680083,-0.3730868883939008,1.638839185520463,0.342122532737859,0.5623131659788487,-0.4532669768841414,1.7175799999999999
-1.035359854902249,-1.867521381429331,-2.135027737855134,-1.627692595712206,-0.9591093282058839,-0.1046122112112659,1.503703802270482,0.7559756639079573,0.9098468695680083,-0.3730868883939008,1.681244542458765,0.342122532737859,0.5623131659788487,-0.4532669768841414,1.7492100000000002
-1.032728485907149,-1.865633735185361,-2.134335509019339,-1.617161718763014,-0.9591093282058839,-0.1103840715958218,1.503703802270482,0.7559756639079573,0.9098468695680083,-0.3855704551644361,1.696959345714793,0.342122532737859,0.5623131659788487,-0.4532669768841414,1.782050493884648
-1.030912969881675,-1.860613596062844,-2.133330040919549,-1.610704410741127,-0.9591093282058839,-0.1191130403461964,1.511129793795637,0.7656848552637937,0.8972142847512317,-0.3855704551644361,1.710864619209725,0.342122532737859,0.5623131659788487,-0.4532669768841414,1.8168533715903763
-1.03014906291912,-1.854846958206381,-2.133330040919549,-1.613085419959858,-0.9591093282058839,-0.1191130403461964,1.511129793795637,0.7656848552637937,0.8972142847512317,-0.3964248784327991,1.713672385736758,0.342122532737859,0.5623131659788487,-0.4532669768841414,1.8538786721630793
-1.028229088892191,-1.842139866470111,-2.133330040919549,-1.606795140182872,-0.9591093282058839,-0.1191130403461964,1.512334755727816,0.7718389465391089,0.8887750892364593,-0.3964248784327991,1.710255990281867,0.342122532737859,0.5623131659788487,-0.4532669768841414,1.8924771877063271
-1.024392907978383,-1.830213322972745,-2.133330040919549,-1.607305271358118,-0.9591093282058839,-0.1305077040159982,1.512334755727816,0.7718389465391089,0.8887750892364593,-0.4055269437893483,1.732790672633817,0.342122532737859,0.5623131659788487,-0.4532669768841414,1.9328289182201197
-1.024392907978383,-1.82660273872546,-2.13328746279107,-1.615251838333991,-0.9656798786470427,-0.1305077040159982,1.506876411436544,0.7742277442838401,0.8841781198800706,-0.4055269437893483,1.742318728120545,0.342122532737859,0.5623131659788487,-0.4532669768841414,1.974663863704457
-1.024392907978383,-1.818875406366567,-2.133399714366493,-1.622176453869901,-0.9656798786470427,-0.1443837037548655,1.506876411436544,0.7742277442838401,0.8841781198800706,-0.4126447202065892,1.750208160667608,0.342122532737859,0.5623131659788487,-0.4532669768841414,2.0173320241593387
-1.020615397095945,-1.803407203312895,-2.133480420698809,-1.608196354124518,-0.9656798786470427,-0.1443837037548655,1.494597384651143,0.7730469966483478,0.8830415017463406,-0.4174739545493746,1.749579288865351,0.342122532737859,0.5623131659788487,-0.4532669768841414,2.0602533995847656
-1.013700124975194,-1.797283338974614,-2.133480420698809,-1.624117401318912,-0.9722174846489517,-0.1605954959898676,1.494597384651143,0.7730469966483478,0.8830415017463406,-0.4174739545493746,1.743605101026232,0.342122532737859,0.5623131659788487,-0.4532669768841414,2.1029558372816344
-1.010336896058185,-1.789773373631186,-2.133445314877514,-1.632909808048271,-0.9722174846489517,-0.1605954959898676,1.475635309761501,0.7688215082797747,0.8850035772564347,-0.4174739545493746,1.737939817489962,0.342122532737859,0.5623131659788487,-0.6909764543426176,2.1442793372499453
-1.002240073265609,-1.781480498025891,-2.133503384945226,-1.610807504481204,-0.9722174846489517,-0.1789683516579278,1.475635309761501,0.7688215082797747,0.8850035772564347,-0.419736179956866,1.716496270988812,0.342122532737859,0.5623131659788487,-0.6909764543426176,2.1832459529832557
-1.002240073265609,-1.782211826820704,-2.133756558387899,-1.630458866925136,-0.978629863082108,-0.1789683516579278,1.475635309761501,0.7622707354721239,0.8897393911520607,-0.419736179956866,1.699468813462996,0.342122532737859,0.5623131659788487,-0.6909764543426176,2.2186600146722664
-1.002240073265609,-1.792723267686055,-2.135449091877566,-1.612037556354599,-0.978629863082108,-0.1992435293246859,1.475635309761501,0.7622707354721239,0.8897393911520607,-0.4192931663154872,1.682205336662238,0.342122532737859,0.5623131659788487,-0.6909764543426176,2.2500644172883986
-1.002240073265609,-1.793203508081782,-2.140365419724019,-1.619721077474233,-0.978629863082108,-0.1992435293246859,1.419562114761097,0.7541480966550372,0.8969273906755248,-0.4192931663154872,1.672324969193839,0.342122532737859,0.5623131659788487,-0.6909764543426176,2.2774367845209413
-0.9933741214905232,-1.791083564682556,-2.140365419724019,-1.618386986813841,-0.9848883514836185,-0.2210450107854065,1.419562114761097,0.7541480966550372,0.8969273906755248,-0.4162247497398467,1.6944867243677,0.342122532737859,0.5623131659788487,-0.6909764543426176,2.3004571163698952
-0.9775688440323034,-1.786369093041914,-2.143497192403113,-1.619038176058386,-0.9848883514836185,-0.2210450107854065,1.419562114761097,0.7450952709346574,0.9061670321418749,-0.4162247497398467,1.708580625285426,0.342122532737859,0.5623131659788487,-0.6909764543426176,2.31910541283526
-0.9851320392216786,-1.779369144837359,-2.149752713508271,-1.628639001741323,-0.9848883514836185,-0.2438655451003899,1.419562114761097,0.7450952709346574,0.9061670321418749,-0.410839698196813,1.72366796301204,0.342122532737859,0.5623131659788487,-0.9098325694118057,2.3338816739170363
-0.98642661789898,-1.778261657910753,-2.14954846069458,-1.623517957421675,-0.9910084561271376,-0.2438655451003899,1.383991449805861,0.7355507346155354,0.916869225774973,-0.410839698196813,1.722144723482836,0.342122532737859,0.5623131659788487,-0.9098325694118057,2.344506124783769
-0.9825422867937472,-1.773373146404035,-2.145163419121391,-1.627374353143008,-0.9910084561271376,-0.2670445709393718,1.383991449805861,0.7355507346155354,0.916869225774973,-0.4036260849164159,1.727465669425675,0.342122532737859,0.5623131659788487,-0.5968667537493467,2.351095223532766
-0.9825422867937472,-1.762119504014902,-2.142803199428466,-1.642954738784848,-0.9910084561271376,-0.2670445709393718,1.344778493571869,0.7257397137316507,0.9281749860112867,-0.4036260849164159,1.736706039836152,0.342122532737859,0.5623131659788487,-0.5968667537493467,2.354488970164027
-0.9776335078311819,-1.755273371105728,-2.139270174877832,-1.648164363804457,-0.9970269340703359,-0.2897132602708247,1.344778493571869,0.7257397137316507,0.9281749860112867,-0.3951727032435035,1.77889195234687,0.342122532737859,0.5623131659788487,-0.5968667537493467,2.3555182408889954
-0.9676976715140805,-1.747696153261241,-2.138487337706529,-1.65966169456207,-0.9970269340703359,-0.2897132602708247,1.303229727875786,0.7157452958762623,0.9389633964600756,-0.3951727032435035,1.814638376225478,0.342122532737859,0.5623131659788487,-0.5968667537493467,2.3549634805469566
-0.968474464347966,-1.747696153261241,-2.136700318630002,-1.658929135919842,-0.9970269340703359,-0.3107332042355214,1.303229727875786,0.7157452958762623,0.9389633964600756,-0.3951727032435035,1.873149626621144,0.342122532737859,0.5623131659788487,-0.5968667537493467,2.3532710913430224
-0.9665675890287866,-1.729901112177217,-2.133729734487984,-1.669183827403449,-1.002984831483698,-0.3107332042355214,1.219666678701968,0.7056246211381815,0.9479635122477907,-0.3860927037601998,1.901459684666815,0.342122532737859,0.5623131659788487,-0.5968667537493467,2.350823449587903
-0.9634092550899062,-1.721142714665984,-2.133729734487984,-1.68566842220169,-1.002984831483698,-0.3287006733936737,1.219666678701968,0.7056246211381815,0.9479635122477907,-0.3769610209062976,1.871085366182527,0.342122532737859,0.5623131659788487,-0.5968667537493467,2.3480093574440293
-0.9592900185622781,-1.718555796096567,-2.129110775183731,-1.704639120448971,-1.002984831483698,-0.3287006733936737,1.219666678701968,0.6955166144680196,0.9539342896365286,-0.3769610209062976,1.844457612300942,0.342122532737859,0.5623131659788487,-0.5968667537493467,2.3450170557537904
-0.9545793837834762,-1.718555796096567,-2.128017079573413,-1.713099775631315,-1.008918700941281,-0.3420670200099373,1.219666678701968,0.6955166144680196,0.9539342896365286,-0.3682650376434624,1.815016575161282,0.342122532737859,0.5623131659788487,-0.5968667537493467,2.341413003928346
-0.9545793837834762,-1.71037563362793,-2.129670343070475,-1.729185493680843,-1.008918700941281,-0.3420670200099373,1.181600137880222,0.6857051873276284,0.9558565709190529,-0.3682650376434624,1.827913806005573,0.342122532737859,0.5623131659788487,-0.5968667537493467,2.3375081277020815
-0.944203525103993,-1.705717044351289,-2.129670343070475,-1.729915192915277,-1.008918700941281,-0.3493578991289329,1.181600137880222,0.6857051873276284,0.9558565709190529,-0.3603774792166016,1.825317982372478,0.342122532737859,0.5623131659788487,-0.5968667537493467,2.3335977786779534
-0.944203525103993,-1.695607271249129,-2.131793945034037,-1.756944992773527,-1.01485472108796,-0.3493578991289329,1.148930848529742,0.676635624278025,0.9530827057939224,-0.3603774792166016,1.846964279697714,0.342122532737859,0.5623131659788487,-0.5968667537493467,2.3294771850191225
-0.9388078810586281,-1.692575064484857,-2.134856778473614,-1.771379524980918,-1.01485472108796,-0.3494275969907494,1.123787086098584,0.676635624278025,0.9530827057939224,-0.353561030948716,1.846825254961758,0.342122532737859,0.5623131659788487,-0.5968667537493467,2.32483645828344
-0.9333995367542781,-1.697317282068387,-2.144715463081626,-1.774220662732781,-1.01485472108796,-0.3494275969907494,1.123787086098584,0.6688968311566494,0.9454137084255817,-0.353561030948716,1.811873909361849,0.342122532737859,0.5623131659788487,-0.4249869333001737,2.3194893834445156
-0.9333995367542781,-1.699428227178893,-2.144715463081626,-1.767272379747479,-1.020800947329443,-0.3416777595922719,1.123787086098584,0.6688968311566494,0.9454137084255817,-0.3479846882327251,1.812222985318034,0.342122532737859,0.5623131659788487,-0.4249869333001737,2.313248993599546
-0.9235539604360111,-1.697713935609201,-2.147793761411794,-1.780020595018164,-1.020800947329443,-0.3416777595922719,1.107946762719209,0.6631772862634012,0.9331141539346413,-0.3479846882327251,1.845137115603082,0.342122532737859,0.5623131659788487,-0.4249869333001737,2.3058844966449605
-0.9168871787106286,-1.695984105595662,-2.151478029267308,-1.813033985331555,-1.020800947329443,-0.3261836977013462,1.107946762719209,0.6631772862634012,0.9331141539346413,-0.3479846882327251,1.853917666376402,0.342122532737859,0.5623131659788487,-0.4249869333001737,2.2969394860934687
-0.9157382281782073,-1.701939472203042,-2.154105759074457,-1.826406659345368,-1.026738176228571,-0.3261836977013462,1.10260983454705,0.6602059181372585,0.9168975175803408,-0.3437124219278935,1.841019857543375,0.342122532737859,0.5623131659788487,-0.4249869333001737,2.286379239417901
-0.924008397726329,-1.705522854221669,-2.155371869031955,-1.845573405004108,-1.026738176228571,-0.3037016037031945,1.10260983454705,0.6602059181372585,0.9168975175803408,-0.3406504853454415,1.793556458934221,0.342122532737859,0.5623131659788487,-0.4249869333001737,2.2744843783847797
-0.924008397726329,-1.706047121525089,-2.159106501637774,-1.849943278463949,-1.026738176228571,-0.3037016037031945,1.108264155510752,0.6606939897625138,0.897901753299079,-0.3406504853454415,1.768853277092741,0.342122532737859,0.5623131659788487,-0.2603342351002421,2.2612807747796717
-0.924008397726329,-1.704745455845981,-2.158573566752403,-1.864317459135867,-1.032612197214826,-0.2755643469423326,1.124653027288632,0.6606939897625138,0.897901753299079,-0.3384806992585206,1.720265232920988,0.342122532737859,0.5623131659788487,-0.2603342351002421,2.2468851522008912
-0.9296932988470751,-1.700625644428053,-2.153483503344384,-1.88217563590997,-1.032612197214826,-0.2755643469423326,1.124653027288632,0.6652772356934554,0.8776468752621839,-0.3384806992585206,1.686335340828544,0.342122532737859,0.5623131659788487,-0.2603342351002421,2.2313718261589552
-0.9381976333088099,-1.696625594047415,-2.144399981910914,-1.89850016369186,-1.032612197214826,-0.2434992159753433,1.124653027288632,0.6652772356934554,0.8776468752621839,-0.3366226827127272,1.688525535536286,0.342122532737859,0.5623131659788487,-0.2603342351002421,2.2145572615063642
-0.9445948566277705,-1.686987331599415,-2.139941838609269,-1.914632200635742,-1.038329863865812,-0.2434992159753433,1.150804604194919,0.67444270375489,0.857953166779079,-0.3366226827127272,1.694634584826188,0.342122532737859,0.5623131659788487,-0.2603342351002421,2.196325783333076
-0.9342728904416276,-1.684474955884948,-2.133210354735655,-1.928350310024201,-1.038329863865812,-0.2094174327175339,1.150804604194919,0.67444270375489,0.857953166779079,-0.3342598411600535,1.72509176386645,0.342122532737859,0.5623131659788487,-0.2603342351002421,2.176790343714206
-0.923998405547294,-1.677303277493847,-2.133397119396197,-1.957105649859197,-1.038329863865812,-0.2094174327175339,1.185100870425709,0.6884404641178814,0.8408073755485735,-0.3342598411600535,1.752674682101235,0.342122532737859,0.5623131659788487,-0.2603342351002421,2.156370942649754
-0.9199084207425862,-1.675248436671096,-2.133689582867103,-1.956116390911769,-1.043761268036033,-0.1752181769721949,1.185100870425709,0.6884404641178814,0.8408073755485735,-0.3304449513347298,1.728975849460628,0.342122532737859,0.5623131659788487,-0.2603342351002421,2.136333986627012
-0.9184782910532965,-1.672266004216197,-2.132817840575239,-1.976575646024946,-1.043761268036033,-0.1752181769721949,1.225409309518548,0.6884404641178814,0.8281792483967865,-0.3304449513347298,1.710462918823254,0.342122532737859,0.586221517320875,-0.2603342351002421,2.117174198173148
-0.9169474785951496,-1.677474700053796,-2.130560371173269,-1.982381758420322,-1.043761268036033,-0.1426185548161547,1.225409309518548,0.707202108773219,0.8281792483967865,-0.3242710831519586,1.691578220218952,0.5535445698591885,0.586221517320875,-0.2603342351002421,2.0995509555216407
-0.913662309495596,-1.681772361316565,-2.130560371173269,-2.003133179526607,-1.048748439150497,-0.1426185548161547,1.269301872689667,0.7302882004236487,0.8218008518606634,-0.3242710831519586,1.65526662820896,0.5535445698591885,0.586221517320875,-0.07667106315778201,2.083878837224014
-0.8974207703691454,-1.683858523909842,-2.128128338400018,-2.008407237769548,-1.048748439150497,-0.1426185548161547,1.269301872689667,0.7302882004236487,0.8218008518606634,-0.3242710831519586,1.621502459578627,0.5535445698591885,0.586221517320875,-0.07667106315778201,2.0700132723810567
-0.8974207703691454,-1.686600066936592,-2.127680530622336,-2.008381550086718,-1.048748439150497,-0.1129979871936449,1.314348658971202,0.7568780616516751,0.822930937697282,-0.3242710831519586,1.59062014814746,0.5535445698591885,0.586221517320875,-0.07667106315778201,2.058449945482251
-0.8919939704098764,-1.69316564105819,-2.128961097946454,-2.02379438825445,-1.053119431852365,-0.08725378495129142,1.314348658971202,0.7568780616516751,0.822930937697282,-0.3150630143170071,1.604088056982414,0.5535445698591885,0.586221517320875,-0.2367675321136322,2.050098856527598
-0.8919939704098764,-1.69316564105819,-2.128961097946454,-2.024542539088765,-1.053119431852365,-0.08725378495129142,1.358428547657868,0.7858077760756375,0.8321371873930278,-0.3150630143170071,1.667767419298651,0.5535445698591885,0.586221517320875,-0.3967068897162418,2.04563523048711
-0.8874955261429879,-1.696370947524923,-2.130179303775629,-2.025267646742545,-1.053119431852365,-0.0656988286513929,1.358428547657868,0.7858077760756375,0.8321371873930278,-0.3025353188936263,1.672279400241421,0.5535445698591885,0.586221517320875,-0.3967068897162418,2.0449037459660495
-0.8835686300743507,-1.702235729173218,-2.13027853751734,-2.029000626978972,-1.056709141357264,-0.0656988286513929,1.399962104585019,0.8156505774220885,0.8491323440084274,-0.3025353188936263,1.675544420944486,0.5535445698591885,0.586221517320875,-0.3967068897162418,2.047164402964415
-0.8850204809095681,-1.699804850314098,-2.127408660642452,-2.030067181260099,-1.056709141357264,-0.04805831728974079,1.399962104585019,0.8156505774220885,0.8491323440084274,-0.2868798337788533,1.722402502348534,0.5535445698591885,0.586221517320875,-0.3967068897162418,2.050788399319777
-0.8911178698631816,-1.693214048337828,-2.126738764599936,-2.02004025924359,-1.056709141357264,-0.04805831728974079,1.437988582363242,0.8448275232423195,0.8726980957103879,-0.2868798337788533,1.751030880850338,0.5535445698591885,0.586221517320875,-0.1849207855430188,2.054517494189745
-0.8962452804310466,-1.690144958708404,-2.127469952216051,-2.013644655920579,-1.059388065643376,-0.03360242782381268,1.437988582363242,0.8448275232423195,0.8726980957103879,-0.2687676931114732,1.728694503086443,0.5535445698591885,0.6101298686629014,-0.1849207855430188,2.05742522816316
-0.8962452804310466,-1.685115826605268,-2.134947168253329,-2.002702054834934,-1.059388065643376,-0.03360242782381268,1.472084038530088,0.8717400396964675,0.9007295041182384,-0.2687676931114732,1.729152801485494,0.5535445698591885,0.6101298686629014,-0.1849207855430188,2.058979999999999
-0.9045465269519893,-1.680199281005675,-2.140588991667727,-1.994756050171154,-1.059388065643376,-0.02139064317681624,1.472084038530088,0.8717400396964675,0.9007295041182384,-0.2492645232638889,1.721299180699946,0.5535445698591885,0.6101298686629014,-0.1849207855430188,2.0589599999999995
-0.912653451142632,-1.669029402896262,-2.143724146360469,-1.992041641050738,-1.061092705157219,-0.02139064317681624,1.502180373376315,0.8717400396964675,0.9304253284497296,-0.2492645232638889,1.763236371099995,0.5535445698591885,0.6101298686629014,-0.1849207855430188,2.056399999999999
-0.9163138010853935,-1.653614609082201,-2.147621572655178,-1.982061936665742,-1.061092705157219,-0.02139064317681624,1.502180373376315,0.8717400396964675,0.9304253284497296,-0.2296725276569734,1.801119305453788,0.5535445698591885,0.6101298686629014,-0.3615139465895137,2.0507999999999993
-0.9163138010853935,-1.649818517865955,-2.153527966243557,-1.972898153957186,-1.061092705157219,-0.02139064317681624,1.528368000113385,0.9131635343666163,0.9586217879000798,-0.2296725276569734,1.799445437241722,0.5535445698591885,0.6101298686629014,-0.3615139465895137,2.041539999999999
-0.9195822876693243,-1.627334604121105,-2.156970940132784,-1.970365357832517,-1.061845898470134,-0.01054111170350514,1.528368000113385,0.9131635343666163,0.9586217879000798,-0.2113357066420547,1.798867334593847,0.5535445698591885,0.6101298686629014,-0.1919907964390196,2.0297299999999994
-0.9193303574882261,-1.604707401112138,-2.159948678259331,-1.956214696261215,-1.061845898470134,-0.01054111170350514,1.550765773221213,0.9131635343666163,0.9586217879000798,-0.2113357066420547,1.797329790270856,0.5535445698591885,0.586221517320875,-0.02733809823908799,2.0166999999999993
-0.9094518575489232,-1.591489041684464,-2.160407557990536,-1.956248527944485,-1.061845898470134,0.009287199102517879,1.550765773221213,0.9131635343666163,0.9586217879000798,-0.1954534186098212,1.775526977815006,0.5535445698591885,0.586221517320875,-0.02733809823908799,2.0040699999999996
-0.894602114498889,-1.577700866580612,-2.157138957076443,-1.954922239220653,-1.061760685622214,0.009287199102517879,1.569502322550467,0.9323376726321454,0.9822163406129416,-0.1954534186098212,1.787889664247306,0.5535445698591885,0.586221517320875,0.1679513138434545,1.9937999999999996
-0.8890629735533739,-1.552554685683202,-2.150101979754963,-1.935051588927305,-1.061760685622214,0.01863633772897417,1.569502322550467,0.9323376726321454,0.9822163406129416,-0.1829377143477941,1.771407931471649,0.5535445698591885,0.586221517320875,0.1679513138434545,1.9864899999999994
-0.8890629735533739,-1.53382983659359,-2.150101979754963,-1.946365810849919,-1.061760685622214,0.01863633772897417,1.584774136472781,0.9333783508139739,0.9985842324910595,-0.1743377288998691,1.805117885569867,0.5535445698591885,0.586221517320875,0.1679513138434545,1.9827399999999997
-0.8692824789399977,-1.53382983659359,-2.150101979754963,-1.949928950732128,-1.06103226279547,0.02749869867724198,1.584774136472781,0.9333783508139739,0.9985842324910595,-0.1743377288998691,1.796624839184827,0.5535445698591885,0.586221517320875,0.1679513138434545,1.9829299999999996
-0.8591842627690202,-1.512449052651106,-2.143253384452895,-1.929420680299182,-1.06103226279547,0.02749869867724198,1.596894132827672,0.9296799698912747,1.005895593029808,-0.1743377288998691,1.77661910972612,0.5535445698591885,0.586221517320875,0.1679513138434545,1.9876499999999997
-0.8475783940331395,-1.50165257740645,-2.134083942873516,-1.921203949293272,-1.06103226279547,0.02749869867724198,1.596894132827672,0.9296799698912747,1.005895593029808,-0.1698387133585112,1.792147762608405,0.5535445698591885,0.586221517320875,-0.01791141704444401,1.9964
-0.8308122735233664,-1.499455446390042,-2.129441146821517,-1.92267608070919,-1.06103226279547,0.0356722657825746,1.606272271798032,0.9296799698912747,1.003282169811225,-0.1698387133585112,1.794711896937047,0.5535445698591885,0.586221517320875,-0.01791141704444401,2.0095199999999998
-0.8308122735233664,-1.494597310557764,-2.121206882050775,-1.923915316612084,-1.059927148880852,0.0356722657825746,1.606272271798032,0.9296799698912747,1.003282169811225,-0.1693182587669298,1.796248960467735,0.5535445698591885,0.586221517320875,-0.01791141704444401,2.0249499999999996
-0.8204686284001181,-1.483241844637856,-2.11671595711066,-1.907597451689272,-1.059927148880852,0.0356722657825746,1.613340708664722,0.922434602007109,0.9908395354216605,-0.1693182587669298,1.811448331422602,0.5535445698591885,0.586221517320875,-0.01791141704444401,2.0411499999999996
-0.8098372012923369,-1.47922156772324,-2.109017994298125,-1.924238611072604,-1.058770915425553,0.04296931344368862,1.613340708664722,0.922434602007109,0.9908395354216605,-0.172423506774049,1.821048507275054,0.5535445698591885,0.586221517320875,-0.01791141704444401,2.05605
-0.8046819993392657,-1.478157439320309,-2.103561207359063,-1.88437756757183,-1.058770915425553,0.04296931344368862,1.618475540569782,0.9129954565189106,0.9694842025852549,-0.172423506774049,1.821020462386325,0.5535445698591885,0.586221517320875,-0.01791141704444401,2.0675
-0.7950685438377486,-1.478188775597735,-2.102512028612382,-1.872460166832493,-1.058770915425553,0.04926964143194407,1.618475540569782,0.9129954565189106,0.9694842025852549,-0.1786340209191644,1.864151748440472,0.5535445698591885,0.586221517320875,-0.01791141704444401,2.0741799999999997
-0.782305237364499,-1.473767456111131,-2.100860995978048,-1.861158398249281,-1.057926224216675,0.04926964143194407,1.621954646619887,0.9027042281718839,0.9407257960654151,-0.1786340209191644,1.87972998463103,0.5535445698591885,0.586221517320875,-0.01791141704444401,2.0749699999999995
-0.7741123131196531,-1.464087493814395,-2.098902261326223,-1.858823016564389,-1.057926224216675,0.05451820547989462,1.621954646619887,0.9027042281718839,0.9407257960654151,-0.1872879930335088,1.885724805551697,0.5535445698591885,0.586221517320875,-0.01791141704444401,2.0690599999999995
-0.7574008933302347,-1.454927412490458,-2.098010931260128,-1.838986860242014,-1.057926224216675,0.05451820547989462,1.623958628934161,0.892771599598105,0.9064404968409424,-0.1872879930335088,1.864023297401747,0.5535445698591885,0.586221517320875,-0.01791141704444401,2.05603
-0.7471847785758341,-1.437709990716043,-2.094169612789789,-1.830930294117104,-1.057756576605233,0.05868405264481488,1.623958628934161,0.892771599598105,0.9064404968409424,-0.1872879930335088,1.870912306587025,0.5535445698591885,0.586221517320875,-0.01791141704444401,2.03618
-0.7448082734833338,-1.427902549921117,-2.091441141279648,-1.847967356417946,-1.057756576605233,0.05868405264481488,1.623958628934161,0.8842365281879332,0.8687169776392106,-0.1975653877691466,1.868446693243402,0.5535445698591885,0.586221517320875,-0.01791141704444401,2.00861
-0.7411808828195184,-1.418153720400344,-2.084533699992822,-1.829659069400105,-1.057756576605233,0.06173431553410819,1.624603555748845,0.8842365281879332,0.8687169776392106,-0.208440242428803,1.909541077586092,0.5535445698591885,0.586221517320875,-0.01791141704444401,1.97455
-0.7415786246808058,-1.410809710742865,-2.083833384956072,-1.814049119139899,-1.058583100539234,0.06173431553410819,1.62399048860158,0.8779952046859311,0.8297897193768746,-0.208440242428803,1.916597577357608,0.5535445698591885,0.586221517320875,-0.01791141704444401,1.9344899999999998
-0.7412088284873763,-1.394691820768266,-2.081969991027247,-1.822831031417887,-1.058583100539234,0.06365610406440043,1.62399048860158,0.8779952046859311,0.8297897193768746,-0.218634650915286,1.909206694603737,0.5535445698591885,0.586221517320875,-0.01791141704444401,1.89017
-0.74037784543343,-1.377027409823412,-2.080864435832939,-1.821030553234787,-1.058583100539234,0.06365610406440043,1.62399048860158,0.8748469238586409,0.7920147188841068,-0.218634650915286,1.953249511934082,0.5535445698591885,0.586221517320875,-0.3638706168881926,1.8424099999999999
-0.7372746713724212,-1.37576557641193,-2.07549227850923,-1.819663052023754,-1.060644113661368,0.06450340139498997,1.62399048860158,0.8748469238586409,0.7920147188841068,-0.2266194821381628,1.946765214495156,0.5535445698591885,0.586221517320875,-0.3638706168881926,1.79271
-0.7274592379026005,-1.374743279251261,-2.068021824569524,-1.811947342282982,-1.060644113661368,0.06450340139498997,1.619590749733678,0.8754867236489716,0.7578218866938331,-0.2266194821381628,1.972987833432997,0.5535445698591885,0.586221517320875,-0.3638706168881926,1.74161
-0.7136233308476241,-1.373252751993894,-2.050324206180613,-1.828420800269769,-1.060644113661368,0.06442804056018107,1.619590749733678,0.8754867236489716,0.7578218866938331,-0.2306986630186514,1.969188063482312,0.5535445698591885,0.586221517320875,-0.2037741479323425,1.68979
-0.7136233308476241,-1.376835354744364,-2.046117696801483,-1.809926063984782,-1.064058970323492,0.06442804056018107,1.616288540459616,0.8804090989733608,0.7295995283009049,-0.2306986630186514,1.995088387657256,0.5535445698591885,0.586221517320875,-0.2037741479323425,1.63764
-0.707991816933955,-1.392410912454641,-2.037514681641999,-1.804547088177237,-1.064058970323492,0.06368034001057861,1.616288540459616,0.8804090989733608,0.7295995283009049,-0.2291845424830928,2.027538741002263,0.5535445698591885,0.586221517320875,-0.2037741479323425,1.58542
-0.699984883710007,-1.392410912454641,-2.037514681641999,-1.803576899222793,-1.064058970323492,0.06368034001057861,1.616288540459616,0.889754371360026,0.7095026868997452,-0.2291845424830928,2.052424397586917,0.5535445698591885,0.586221517320875,-0.2037741479323425,1.5339900000000002
-0.6898398484015092,-1.399864311456108,-2.029662183440037,-1.792901790223525,-1.068793680425178,0.06259041159634286,1.616288540459616,0.889754371360026,0.7095026868997452,-0.2291845424830928,2.069415126970179,0.5535445698591885,0.586221517320875,-0.2037741479323425,1.4832600000000002
-0.6795862730164278,-1.410246192772966,-2.029662183440037,-1.781300611239982,-1.068793680425178,0.06259041159634286,1.609339441212523,0.9031707244325324,0.6992080650295993,-0.2206338628713553,2.087930331625445,0.5535445698591885,0.586221517320875,-0.02969476853776685,1.4337100000000003
-0.6724657847462913,-1.419250504242317,-2.02086171474958,-1.772949413915973,-1.068793680425178,0.06153676581754829,1.609339441212523,0.9031707244325324,0.6992080650295993,-0.2040848654927322,2.085043217554901,0.5535445698591885,0.586221517320875,-0.02969476853776685,1.3846600000000004
-0.6684429459215998,-1.420901271709723,-2.013560600401204,-1.752461054040334,-1.074633543384966,0.06153676581754829,1.606562323795068,0.9197543409489078,0.6996647816057968,-0.2040848654927322,1.980365330902947,0.2716485203640825,0.586221517320875,-0.2084874885296645,1.3368000000000004
-0.6437681271407201,-1.420180741042984,-2.008958618469114,-1.743373548704216,-1.074633543384966,0.0608869399914452,1.606562323795068,0.9197543409489078,0.6996647816057968,-0.1792379565742829,1.915216668446065,0.2716485203640825,0.586221517320875,-0.2084874885296645,1.2895500000000004
-0.6307939190463546,-1.41946342727161,-2.008958618469114,-1.716368828565511,-1.074633543384966,0.0608869399914452,1.606562323795068,0.9380937894981531,0.7109088129023949,-0.1792379565742829,1.901919639371918,0.2716485203640825,0.586221517320875,-0.01555474674576515,1.2435800000000004
-0.6065554058027588,-1.411125837112057,-2.000026038567857,-1.704180677966009,-1.081178074285666,0.06089913446145587,1.606562323795068,0.9380937894981531,0.7109088129023949,-0.1792379565742829,1.881090305354341,0.2716485203640825,0.586221517320875,-0.1967041370363416,1.1995200000000004
-0.6065554058027588,-1.400453843316606,-1.99667296920368,-1.68070092441408,-1.081178074285666,0.06089913446145587,1.60466658695695,0.9564080979095222,0.7319927149089932,-0.146551651874529,1.858766737476214,0.2716485203640825,0.586221517320875,-0.1967041370363416,1.1577200000000005
-0.5880812088134021,-1.39294693225391,-1.98985488588788,-1.657482655964072,-1.081178074285666,0.06161628076347171,1.60466658695695,0.9564080979095222,0.7319927149089932,-0.1072425556841247,1.853496997006169,0.2716485203640825,0.586221517320875,-0.1967041370363416,1.1178800000000007
-0.5880812088134021,-1.38653677262564,-1.97989701437236,-1.639905216143484,-1.08787100501416,0.06161628076347171,1.603629688216051,0.9727439967603152,0.7610349758319219,-0.1072425556841247,1.843204223342551,0.2716485203640825,0.586221517320875,-0.1967041370363416,1.0799800000000006
-0.5700646982038665,-1.383331636690382,-1.97989701437236,-1.616101905855425,-1.08787100501416,0.06281673917486799,1.603629688216051,0.9727439967603152,0.7610349758319219,-0.1072425556841247,1.806289772832852,0.2716485203640825,0.586221517320875,-0.1967041370363416,1.0443800000000008
-0.5549485882256231,-1.376752489701738,-1.976827298697893,-1.597250995782477,-1.08787100501416,0.06281673917486799,1.602273033892631,0.9851955605287092,0.7953661286090601,-0.1072425556841247,1.77987213674065,0.2716485203640825,0.586221517320875,0.1868046762327782,1.0108500000000007
-0.5443013796484824,-1.368349624796106,-1.967238405309476,-1.600911227435327,-1.094063901989117,0.06406208635454111,1.602273033892631,0.9851955605287092,0.7953661286090601,-0.0631698717253409,1.804752924279711,0.2716485203640825,0.586221517320875,0.1868046762327782,0.9798100000000007
-0.5443013796484824,-1.345818955928854,-1.964265814447548,-1.577076285925873,-1.094063901989117,0.06406208635454111,1.600383711208589,0.9921180028551748,0.8317664143546931,-0.0631698717253409,1.839449462741003,0.2716485203640825,0.586221517320875,0.0268653186301685,0.9507100000000006
-0.5377679043520209,-1.334896695360209,-1.959180083821529,-1.56613756968382,-1.094063901989117,0.06480724027593787,1.600383711208589,0.9921180028551748,0.8317664143546931,-0.01659151652086747,1.81280180645683,0.2716485203640825,0.586221517320875,0.0268653186301685,0.9243000000000008
-0.5417845740414506,-1.317829089700725,-1.96445920870017,-1.543217383361293,-1.099100472606306,0.06480724027593787,1.600383711208589,0.992308392161871,0.8668099453602174,-0.01659151652086747,1.852701892482779,0.1307004956165295,0.6101298686629014,0.0268653186301685,0.9002400000000007
-0.5569482539585345,-1.2803527705282,-1.976578996877294,-1.532019697306715,-1.099100472606306,0.06448077309491004,1.600383711208589,0.992308392161871,0.8668099453602174,0.07508075061737514,1.869862544602472,0.1307004956165295,0.6101298686629014,0.0268653186301685,0.8775900000000008
-0.5652782158750211,-1.251421230455978,-1.976578996877294,-1.522189025458631,-1.099100472606306,0.06448077309491004,1.59643839121241,0.9851240994622747,0.8972948473131039,0.07508075061737514,1.861602971943245,0.1307004956165295,0.6101298686629014,0.0268653186301685,0.8557400000000006
-0.5797778141192357,-1.220220821230312,-1.988543646109913,-1.487236812911686,-1.102405606144498,0.06247896785376687,1.59643839121241,0.9851240994622747,0.8972948473131039,0.07508075061737514,1.87266277780938,0.1307004956165295,0.6340382200049277,0.0268653186301685,0.8352500000000006
-0.5896643782917801,-1.194302680644904,-1.988543646109913,-1.47386628000968,-1.102405606144498,0.0581130210633841,1.589414897709248,0.9705222616054539,0.9206643128166522,0.07508075061737514,1.859192021228767,0.1307004956165295,0.6340382200049277,0.1868046762327782,0.8163400000000006
-0.596006178323934,-1.143396438054936,-1.988543646109913,-1.458671402799764,-1.102405606144498,0.0581130210633841,1.578238743829165,0.9705222616054539,0.9206643128166522,0.1166120501939007,1.853019573664658,0.1307004956165295,0.6579465713469541,0.1868046762327782,0.7985300000000006
-0.608191093401821,-1.102424256489602,-1.988543646109913,-1.436785388171963,-1.103564071229094,0.0581130210633841,1.578238743829165,0.9490249733964806,0.9353003463516089,0.1166120501939007,1.812995769470329,0.1307004956165295,0.6579465713469541,0.02922198892881164,0.7819400000000007
-0.6117295000227212,-1.07349665159024,-1.988543646109913,-1.413511788991384,-1.103564071229094,0.05059614316756553,1.578238743829165,0.9490249733964806,0.9353003463516089,0.1538755892515178,1.794351346132945,0.1307004956165295,0.6579465713469541,0.02922198892881164,0.7665900000000007
-0.6122893613144048,-1.042173345798331,-1.998009175826718,-1.402722313709326,-1.103564071229094,0.05059614316756553,1.561864433341423,0.9216258025328161,0.9406372343982566,0.1538755892515178,1.778717741270582,0.1307004956165295,0.6579465713469541,0.02922198892881164,0.7530200000000007
-0.6113346227173359,-1.008671384660448,-2.001300453149863,-1.361916031473657,-1.102377211247884,0.03912211806217284,1.561864433341423,0.9216258025328161,0.9406372343982566,0.1865939103199235,1.759423181006535,0.1307004956165295,0.6579465713469541,0.1868046762327782,0.7404800000000007
-0.609609121448104,-0.9798548591467992,-2.001106612049744,-1.345823688293822,-1.102377211247884,0.03912211806217284,1.539431852884445,0.8896534159993723,0.9371144098871209,0.1865939103199235,1.754850115197047,0.1307004956165295,0.6579465713469541,0.1868046762327782,0.7288000000000008
-0.5942643611492038,-0.9446771001084601,-1.997653873665884,-1.315677164427001,-1.102377211247884,0.02302020062760169,1.539431852884445,0.8896534159993723,0.9371144098871209,0.214999713026549,1.771343239846407,0.1307004956165295,0.6579465713469541,0.1868046762327782,0.7183300000000007
-0.5846796023624684,-0.9140804265152276,-1.994324877176715,-1.285059407622185,-1.098892649548356,0.02302020062760169,1.510452684929118,0.8546069346627162,0.9259951166524074,0.214999713026549,1.783817197063096,0.1307004956165295,0.6579465713469541,-0.1520845127150053,0.7095300000000007
-0.5755002775357322,-0.8970341208786922,-1.992141176393259,-1.261937309270521,-1.098892649548356,0.001925355154180544,1.510452684929118,0.8546069346627162,0.9259951166524074,0.2396684781127814,1.818420316855642,0.1307004956165295,0.6579465713469541,-0.1520845127150053,0.7020400000000007
-0.5652785595214769,-0.8716900464209607,-1.986818405519684,-1.231508388512323,-1.098892649548356,0.001925355154180544,1.474972740332132,0.8179820024241742,0.9090655214249606,0.2396684781127814,1.783579292405019,0.1307004956165295,0.6579465713469541,-0.3450172544988689,0.6955300000000006
-0.5652785595214769,-0.8549303563858093,-1.974266466078974,-1.196278381545991,-1.093409619249502,-0.02409080106132833,1.433669652419006,0.8179820024241742,0.9090655214249606,0.2613132559696591,1.773202045915497,0.1307004956165295,0.6579465713469541,-0.3450172544988689,0.6903800000000007
-0.5586402349499036,-0.8438583378833693,-1.96868964272662,-1.180332953762874,-1.093409619249502,-0.02409080106132833,1.433669652419006,0.781124483928031,0.8882611274968735,0.2613132559696591,1.76995035024976,0.1307004956165295,0.6579465713469541,-0.3450172544988689,0.6864700000000006
-0.5586402349499036,-0.8331363672602384,-1.961968832408152,-1.139217219466456,-1.093409619249502,-0.05443864155130564,1.387863020881785,0.781124483928031,0.8882611274968735,0.2805851814315136,1.774032535871084,0.1307004956165295,0.6340382200049277,-0.3450172544988689,0.6833400000000006
-0.5442081079798161,-0.8194026198127005,-1.959633547027862,-1.10097589179235,-1.086466867426407,-0.05443864155130564,1.387863020881785,0.7451595255408684,0.8653068039388861,0.2805851814315136,1.75003478567862,0.1307004956165295,0.6340382200049277,-0.5426633368800903,0.6802000000000007
-0.5273268009683958,-0.8072452566402654,-1.958576267201485,-1.072339740318484,-1.086466867426407,-0.08797710657345575,1.387863020881785,0.7451595255408684,0.8653068039388861,0.2979241693597865,1.763774781190325,0.1307004956165295,0.6340382200049277,-0.7145431573292632,0.6771400000000007
-0.5273268009683958,-0.7959739268332845,-1.954364907381933,-1.036819277594232,-1.086466867426407,-0.08797710657345575,1.339420656369143,0.7110039653278184,0.8414518758549121,0.2979241693597865,1.72983309810838,0.1307004956165295,0.6340382200049277,-0.7145431573292632,0.6739600000000008
-0.5180206823032847,-0.7879769783889767,-1.951883592248679,-1.012507397376968,-1.07881841744749,-0.1230674995371953,1.339420656369143,0.7110039653278184,0.8414518758549121,0.3134862539610066,1.755160570582881,-0.1511955538785765,0.6340382200049277,-0.5497333477760911,0.6706700000000008
-0.4948601229316989,-0.778198183979533,-1.945081252143083,-0.9819626129395528,-1.07881841744749,-0.1230674995371953,1.290551084710839,0.6793995492004989,0.8414518758549121,0.3134862539610066,1.748632527980898,-0.1511955538785765,0.6340382200049277,-0.5497333477760911,0.6669800000000008
-0.4948601229316989,-0.755075685877541,-1.945081252143083,-0.9528354602298454,-1.07881841744749,-0.1577647433706449,1.290551084710839,0.6793995492004989,0.8414518758549121,0.3271595368593297,1.789551105931796,-0.1511955538785765,0.6340382200049277,-0.5497333477760911,0.6627900000000008
-0.4809340111420085,-0.7305925137300029,-1.940827831765862,-0.9215952437527982,-1.071398014646817,-0.1577647433706449,1.243501389760475,0.6508941438112616,0.793080012814127,0.3271595368593297,1.774139962400943,-0.1511955538785765,0.6340382200049277,-0.5497333477760911,0.6580900000000007
-0.4730790560954283,-0.6948336150988875,-1.940827831765862,-0.877432426542986,-1.071398014646817,-0.1901280518966485,1.200221919719393,0.6508941438112616,0.793080012814127,0.3386652243983815,1.761513661412529,-0.1511955538785765,0.6340382200049277,-0.5497333477760911,0.6523100000000007
-0.4604617759015969,-0.6660867847124236,-1.925662862629646,-0.8713053317884779,-1.071398014646817,-0.1901280518966485,1.200221919719393,0.625772706552275,0.7683728665090716,0.3386652243983815,1.715675628993043,-0.1511955538785765,0.6340382200049277,-0.389636878820241,0.6454500000000007
-0.4579586365949186,-0.6256563868443862,-1.908979992537455,-0.8311227762297932,-1.065271693453134,-0.218558137948357,1.200221919719393,0.625772706552275,0.7683728665090716,0.3477187021104429,1.7130480628085,-0.1511955538785765,0.6101298686629014,-0.389636878820241,0.6377000000000008
-0.4498028027947319,-0.5950011144449976,-1.893324101152844,-0.816863929727389,-1.065271693453134,-0.218558137948357,1.162081688983725,0.6040045180961806,0.7683728665090716,0.3477187021104429,1.686171517658225,-0.1511955538785765,0.6101298686629014,-0.389636878820241,0.6294500000000008
-0.4434530468158249,-0.5373186501690189,-1.893324101152844,-0.7958298243552947,-1.065271693453134,-0.2420663329939855,1.162081688983725,0.6040045180961806,0.7683728665090716,0.3542112385108082,1.669131862602287,-0.1511955538785765,0.6101298686629014,-0.2155574994256653,0.6209200000000008
-0.428247553397242,-0.5026944659136416,-1.880787875482734,-0.782448673075484,-1.061579053803301,-0.2420663329939855,1.162081688983725,0.585260001601978,0.7166055088033721,0.3542112385108082,1.646992174340685,-0.1511955538785765,0.6101298686629014,0.0127252968381668,0.6127300000000008
-0.4182876167572139,-0.4609300510568039,-1.863805364254683,-0.7629269904550606,-1.061579053803301,-0.2604312191071234,1.129704944087513,0.585260001601978,0.7166055088033721,0.3583665582352168,1.647138729105038,-0.1511955538785765,0.6101298686629014,0.1797346653367773,0.6047000000000008
-0.4019781637807473,-0.4130367318791292,-1.855633481233028,-0.7589004858018404,-1.061579053803301,-0.2604312191071234,1.102964874097662,0.568999972799287,0.7166055088033721,0.3583665582352168,1.660406501241254,-0.1511955538785765,0.6101298686629014,-0.02733809823908799,0.5968400000000008
-0.3808160153221396,-0.4031519207434231,-1.850828346174257,-0.7531013696264038,-1.061462993130049,-0.2742357940859391,1.102964874097662,0.568999972799287,0.7166055088033721,0.3608290249836034,1.710385946852842,-0.1511955538785765,0.6101298686629014,-0.02733809823908799,0.5892900000000008
-0.3747562339741676,-0.3826004264514217,-1.846859416137583,-0.7451221075425843,-1.061462993130049,-0.2742357940859391,1.081121258171878,0.5546039537610404,0.6899306775929581,0.3608290249836034,1.731932154595249,-0.1511955538785765,0.6101298686629014,-0.02733809823908799,0.5822600000000008
-0.3672683293375424,-0.3681503422846802,-1.842662474503395,-0.7386479220473063,-1.061462993130049,-0.2742357940859391,1.081121258171878,0.5546039537610404,0.6899306775929581,0.3626599833908725,1.722037576866207,-0.1511955538785765,0.6101298686629014,-0.02733809823908799,0.5761100000000008
-0.3557746745911606,-0.3458156063433082,-1.836880856949513,-0.732474746750549,-1.065985496514414,-0.2742357940859391,1.063029990408713,0.5414870255523384,0.6637948830907906,0.3626599833908725,1.737228762531297,-0.1511955538785765,0.6101298686629014,-0.02733809823908799,0.5710600000000008
-0.3557746745911606,-0.3269513866742083,-1.826686433181753,-0.738661689268295,-1.065985496514414,-0.2847862676814398,1.063029990408713,0.5414870255523384,0.6637948830907906,0.3652471302887829,1.744876729830334,-0.1511955538785765,0.6101298686629014,-0.02733809823908799,0.5672300000000007
-0.3351292021887726,-0.3195793677154943,-1.820499858608605,-0.7423296210849893,-1.065985496514414,-0.2847862676814398,1.063029990408713,0.5414870255523384,0.6394283118552274,0.3652471302887829,1.718770659190491,-0.1511955538785765,0.6101298686629014,-0.1896341261403408,0.5647200000000007
-0.3160533861994703,-0.3197614408053561,-1.815660173046918,-0.7267073193339799,-1.076028898757291,-0.3037350858465235,1.047327592861187,0.5414870255523384,0.6394283118552274,0.3701496978717443,1.776993739385496,-0.1511955538785765,0.586221517320875,-0.1896341261403408,0.5633900000000007
-0.3085514694123963,-0.3193283882336033,-1.813743636839444,-0.7240110771317337,-1.076028898757291,-0.3037350858465235,1.047327592861187,0.5171877706607105,0.6180860776645447,0.3701496978717443,1.780028113603506,-0.1511955538785765,0.586221517320875,-0.1896341261403408,0.5624000000000007
-0.2989735768671261,-0.310315710286091,-1.812087599334515,-0.7257018192179504,-1.076028898757291,-0.3037350858465235,1.032533100722251,0.5171877706607105,0.6180860776645447,0.3789021388226307,1.797217870860032,-0.1511955538785765,0.586221517320875,-0.1896341261403408,0.5618200000000007
-0.2887488388109313,-0.2974305088377042,-1.812087599334515,-0.7028044926253711,-1.092189134925296,-0.3037350858465235,1.017081860671873,0.5171877706607105,0.6007586721316504,0.3789021388226307,1.751589097130993,-0.1511955538785765,0.586221517320875,-0.3568006059921918,0.5617200000000007
-0.2700946583839114,-0.2744805344288101,-1.812087599334515,-0.7106473347554468,-1.092189134925296,-0.3162972846637215,1.017081860671873,0.5171877706607105,0.6007586721316504,0.3927954924206345,1.784369336654518,-0.1511955538785765,0.586221517320875,-0.3568006059921918,0.5621100000000007
-0.2700946583839114,-0.2590358436430282,-1.806567209024021,-0.698744099310632,-1.092189134925296,-0.3162972846637215,0.999357195803704,0.4924927983917759,0.5879507722987731,0.3927954924206345,1.816934547444047,-0.1511955538785765,0.586221517320875,-0.3568006059921918,0.5625800000000007
-0.2293996804755633,-0.2484241577057363,-1.798785488857897,-0.6875267096938389,-1.114674235534475,-0.3333746142791622,0.999357195803704,0.4924927983917759,0.5879507722987731,0.412666600858983,1.772240651842317,-0.1511955538785765,0.586221517320875,-0.3568006059921918,0.5633300000000008
-0.2293996804755633,-0.2440189313345366,-1.79490106182713,-0.6872007358675293,-1.114674235534475,-0.3333746142791622,0.9777714974027767,0.4924927983917759,0.5795591844575627,0.412666600858983,1.777239015508579,-0.1511955538785765,0.586221517320875,-0.3568006059921918,0.5635700000000007
-0.2293996804755633,-0.2341588318164193,-1.793368462142164,-0.6803182732786338,-1.114674235534475,-0.3562213993506765,0.950886286185293,0.4924927983917759,0.5795591844575627,0.412666600858983,1.792594542094007,-0.1511955538785765,0.586221517320875,-0.7756594737412443,0.5631400000000008
-0.2184509608259226,-0.2271833533915625,-1.792218790966597,-0.6784779254210666,-1.143223510958266,-0.3562213993506765,0.950886286185293,0.478557765026064,0.5748558959702622,0.412666600858983,1.798527692922525,-0.1511955538785765,0.586221517320875,-0.7756594737412443,0.5617500000000007
-0.1959905138085058,-0.1972378199239956,-1.791508563557838,-0.6626912015532453,-1.143223510958266,-0.3854333699975489,0.950886286185293,0.478557765026064,0.5748558959702622,0.4387379931996194,1.744202575462947,-0.1511955538785765,0.586221517320875,-0.7756594737412443,0.5591100000000008
-0.186987360477888,-0.1906866660274087,-1.784440103397832,-0.6437913918813296,-1.143223510958266,-0.3854333699975489,0.9175389176994165,0.4625548625744769,0.5725836667158151,0.4387379931996194,1.707435711014187,-0.1511955538785765,0.5623131659788487,-0.7756594737412443,0.5560800000000008
-0.1836238350494047,-0.1855450868479685,-1.778133546736357,-0.6372883834321909,-1.177064399666881,-0.4208946608579165,0.9175389176994165,0.4625548625744769,0.5725836667158151,0.5069777293241153,1.712175968407938,-0.1511955538785765,0.5623131659788487,-0.7756594737412443,0.5529700000000007
-0.1827769197764675,-0.181896313055502,-1.771565160479483,-0.6283217829296663,-1.177064399666881,-0.4208946608579165,0.9175389176994165,0.4437025075562598,0.5711708706033565,0.5069777293241153,1.748388384087067,-0.1511955538785765,0.5623131659788487,-0.1120211176377148,0.5497900000000008
-0.1835661327525771,-0.1735253771652908,-1.770595207409707,-0.6209719692025109,-1.177064399666881,-0.4618079819400421,0.8769759561127348,0.4437025075562598,0.5711708706033565,0.5069777293241153,1.753922701733845,-0.1511955538785765,0.5623131659788487,-0.1120211176377148,0.5463600000000007
-0.1791832443721814,-0.1551215760863377,-1.770120796609227,-0.6220384767833348,-1.214928970725572,-0.4618079819400421,0.8769759561127348,0.421403480178875,0.5690418260887257,0.5069777293241153,1.729010008005581,-0.1511955538785765,0.5623131659788487,-0.1120211176377148,0.5426900000000008
-0.1706914373332288,-0.1516219148924206,-1.768801063735838,-0.5936771429725607,-1.214928970725572,-0.5067808480924881,0.8290014485006051,0.421403480178875,0.5690418260887257,0.546403977206352,1.770929614388601,-0.1511955538785765,0.4666797606107449,-0.1120211176377148,0.5382800000000008
-0.1656116524123974,-0.1329636478960362,-1.765481274990035,-0.6280281514874678,-1.214928970725572,-0.5067808480924881,0.8290014485006051,0.3954356902499322,0.5649506437260073,0.546403977206352,1.806027138640919,-0.362617590999906,0.3710463552426412,-0.1120211176377148,0.5338400000000008
-0.1420387931838812,-0.1233185001699776,-1.766483819818328,-0.633199552507634,-1.255154566239026,-0.5539610110952958,0.7741179620101559,0.3954356902499322,0.5649506437260073,0.5868758398945908,1.818923501414903,-0.5035656157474591,0.3471380039006148,-0.1120211176377148,0.5292900000000007
-0.1420387931838812,-0.1071191683817233,-1.769249704400652,-0.6605104773646826,-1.255154566239026,-0.5539610110952958,0.7136207370645317,0.3660596756097537,0.5582383475682805,0.5868758398945908,1.778406697477078,-0.5035656157474591,0.3471380039006148,-0.1591545236109705,0.5247200000000007
-0.1362106483738529,-0.09793121604230641,-1.770927438957697,-0.6622837010658664,-1.255154566239026,-0.6012181633710614,0.7136207370645317,0.3660596756097537,0.5582383475682805,0.6263211172829789,1.761283560170213,-0.5035656157474591,0.3471380039006148,0.01743863743552452,0.5206500000000007
-0.09511930671971595,-0.08118063096901398,-1.770936408282599,-0.6656074615574779,-1.295875479038938,-0.6012181633710614,0.6496062906469972,0.3339867464468746,0.5489301526073301,0.6263211172829789,1.789461221134467,-0.5035656157474591,0.3471380039006148,0.01743863743552452,0.5162300000000007
-0.07899406900937211,-0.07179199598964126,-1.771696996821913,-0.6796487845125996,-1.295875479038938,-0.6463472500271104,0.6496062906469972,0.3339867464468746,0.5489301526073301,0.662704865990613,1.830667955364916,-0.5035656157474591,0.3471380039006148,0.01743863743552452,0.5107600000000007
-0.07899406900937211,-0.0670531040582102,-1.777656815931041,-0.6954026251400056,-1.295875479038938,-0.6463472500271104,0.6496062906469972,0.3002447721942588,0.537650327220338,0.662704865990613,1.811110246496628,-0.5035656157474591,0.3471380039006148,0.01743863743552452,0.5039400000000007
-0.07899406900937211,-0.0670531040582102,-1.780350487957519,-0.7028914793148204,-1.335267129865932,-0.687276514995636,0.5848570896457823,0.3002447721942588,0.537650327220338,0.6941486047263071,1.802719773454513,-0.5035656157474591,0.3471380039006148,0.01743863743552452,0.4957400000000007
-0.07066250513442687,-0.073212118341273,-1.786933387756189,-0.7012068808132675,-1.335267129865932,-0.687276514995636,0.5225877056412883,0.2660193990789243,0.5253981850387711,0.6941486047263071,1.85670479337108,-0.5035656157474591,0.3471380039006148,0.01743863743552452,0.4867800000000007
-0.07066250513442687,-0.07524187344773214,-1.786933387756189,-0.6966720422686198,-1.335267129865932,-0.722281474242643,0.5225877056412883,0.2325082471178307,0.5253981850387711,0.7190244338147471,1.832806801340317,-0.5035656157474591,0.3471380039006148,0.01743863743552452,0.47739000000000076
-0.06337277366652219,-0.07905681641920857,-1.794225917155346,-0.7021291818116214,-1.371766611617324,-0.722281474242643,0.5225877056412883,0.2325082471178307,0.5132594007422409,0.7190244338147471,1.846526878449767,-0.5035656157474591,0.3471380039006148,0.01743863743552452,0.4675900000000007
-0.06337277366652219,-0.07886439843301156,-1.803259847501418,-0.6944092043951974,-1.371766611617324,-0.7501756782402117,0.5225877056412883,0.2325082471178307,0.5132594007422409,0.7360271198410547,1.852891201454807,-0.5035656157474591,0.3232296525585884,0.01743863743552452,0.45756000000000074
-0.05588724858042006,-0.0713472967264373,-1.805939418566997,-0.7058382723260862,-1.371766611617324,-0.7501756782402117,0.4184161661450691,0.2008001570439895,0.5021264487051467,0.7360271198410547,1.816168337588292,-0.5035656157474591,0.3232296525585884,0.01743863743552452,0.4473800000000008
-0.05209215482293417,-0.06563936410344054,-1.805113189189461,-0.692721849229698,-1.404210235278207,-0.7704122936052938,0.4184161661450691,0.2008001570439895,0.5021264487051467,0.7442100372479727,1.815804831820252,-0.5035656157474591,0.3232296525585884,0.01743863743552452,0.4367200000000008
-0.04226692486599797,-0.05939292487786068,-1.801227537938617,-0.6974671054398849,-1.404210235278207,-0.7704122936052938,0.4184161661450691,0.1718087238850423,0.4924935897016639,0.7442100372479727,1.806940450408975,-0.5035656157474591,0.3232296525585884,0.01743863743552452,0.4264400000000007
-0.04226692486599797,-0.04737172954297023,-1.801227537938617,-0.69149350598844,-1.404210235278207,-0.7830648613170346,0.3819879437451421,0.1718087238850423,0.4924935897016639,0.7429848593952083,1.799418543451715,-0.5035656157474591,0.3232296525585884,0.01743863743552452,0.41721000000000075
-0.03124919505479712,-0.03603875743939654,-1.792667897351024,-0.7046439899581688,-1.43188118579481,-0.7830648613170346,0.3819879437451421,0.1462716232343065,0.4843739731601061,0.7429848593952083,1.814836215357488,-0.5035656157474591,0.3232296525585884,0.01743863743552452,0.4095600000000007
-0.03124919505479712,-0.0229773683764611,-1.792667897351024,-0.6935338013326449,-1.43188118579481,-0.7887291622315563,0.3584072913864929,0.1462716232343065,0.4843739731601061,0.7321169022427656,1.850923067692092,-0.5035656157474591,0.3232296525585884,-0.1473711721176833,0.4037000000000007
-0.01708189864781203,-0.01810095570187681,-1.78737643347718,-0.7059182699955473,-1.43188118579481,-0.7887291622315563,0.3584072913864929,0.1247663892167219,0.4773510489614834,0.7321169022427656,1.864699820582816,-0.5035656157474591,0.3232296525585884,-0.1473711721176833,0.39898000000000067
-0.00465432646621248,-0.01404731576369162,-1.781363864624258,-0.702297677955457,-1.454490483991016,-0.7884122304008182,0.348179651739156,0.1247663892167219,0.4773510489614834,0.7117502333713944,1.870145851349679,-0.5035656157474591,0.3232296525585884,-0.1473711721176833,0.3952000000000007
0.008994499584842315,0.002210170036202185,-1.780657766468973,-0.692249910547823,-1.454490483991016,-0.7884122304008182,0.348179651739156,0.1076756653182406,0.4707357118516093,0.7117502333713944,1.928725721796618,-0.5035656157474591,0.3232296525585884,-0.1473711721176833,0.3921700000000007
0.02458448507070404,0.016954899612882,-1.781234771543215,-0.696926943949677,-1.454490483991016,-0.7834381436986142,0.348179651739156,0.1076756653182406,0.4707357118516093,0.6824586652062095,1.963014970587673,-0.5035656157474591,0.3232296525585884,-0.1473711721176833,0.3898200000000007
0.03688215382424311,0.02115911836333639,-1.782956204955238,-0.6878201912732657,-1.472112363490987,-0.7834381436986142,0.3505592184558938,0.09509609340658716,0.4637749112339644,0.6824586652062095,1.985718617272977,-0.5035656157474591,0.3232296525585884,0.01036862653952367,0.3878600000000007
0.03688215382424311,0.02210222669400042,-1.785629250411142,-0.7159890002531236,-1.472112363490987,-0.7753590711336011,0.3505592184558938,0.09509609340658716,0.4637749112339644,0.6452786599008198,2.008481730916315,-0.5035656157474591,0.3232296525585884,0.01036862653952367,0.38602000000000075
0.05571663326279681,0.02915694333065018,-1.790656300626679,-0.6921564652090355,-1.472112363490987,-0.7753590711336011,0.3635623753502317,0.08675699451536577,0.4558534249941132,0.6452786599008198,2.046882219211727,-0.5035656157474591,0.3232296525585884,0.01036862653952367,0.38374000000000075
0.07677480593743052,0.03559039863004043,-1.795571806939055,-0.6744090947235546,-1.485093260995909,-0.7658483040021974,0.3635623753502317,0.08675699451536577,0.4558534249941132,0.601672889903544,2.001136447561886,-0.5035656157474591,0.2993213012165638,0.01036862653952367,0.38081000000000076
0.07677480593743052,0.03488478124717861,-1.795571806939055,-0.6717744152178158,-1.485093260995909,-0.7658483040021974,0.384220173103812,0.08201522724931753,0.4466400388788062,0.601672889903544,1.963197944500225,-0.5035656157474591,0.3232296525585884,0.1703079841421333,0.3767800000000008
0.07677480593743052,0.03384963456756906,-1.800381048602545,-0.6762862380776111,-1.485093260995909,-0.7565630343313814,0.384220173103812,0.08201522724931753,0.4466400388788062,0.553405969139516,1.955952618766982,-0.5035656157474591,0.3471380039006148,0.1703079841421333,0.3716400000000008
0.07677480593743052,0.03202461809528039,-1.801453804234332,-0.6967770091634395,-1.493960826983306,-0.748988647884713,0.409014382894599,0.07992644690534711,0.4361407665811206,0.553405969139516,2.006715257021441,-0.5035656157474591,0.3471380039006148,0.3327611233966266,0.36562000000000083
0.08377753810292975,0.02344829515285769,-1.804058184470426,-0.6941660713808906,-1.493960826983306,-0.748988647884713,0.4343596674358401,0.07992644690534711,0.4361407665811206,0.5023606688642063,2.009257620792764,-0.5035656157474591,0.3471380039006148,0.3327611233966266,0.35915000000000086
0.09326465448721809,0.01446198935165518,-1.813198107012361,-0.69164434211952,-1.493960826983306,-0.748988647884713,0.4343596674358401,0.07934561628933172,0.424637369046716,0.5023606688642063,1.994667754392452,-0.5035656157474591,0.3471380039006148,0.3327611233966266,0.3522200000000008
0.09803813497601582,0.001593904721681578,-1.813198107012361,-0.6949962924768558,-1.499354031929756,-0.7443053012538023,0.4343596674358401,0.07934561628933172,0.424637369046716,0.4503451575645387,1.975019798946207,-0.5035656157474591,0.3471380039006148,0.3327611233966266,0.3451600000000008
0.09803813497601582,-0.02715754463533311,-1.813198107012361,-0.6977443693900968,-1.499354031929756,-0.7443053012538023,0.4569937580743668,0.07902012079249465,0.424637369046716,0.4503451575645387,1.992899225805931,-0.5035656157474591,0.3471380039006148,0.3327611233966266,0.3385700000000008
0.1278449816117619,-0.0505296964854525,-1.813198107012361,-0.6910798948263915,-1.499354031929756,-0.743324073167603,0.474196143927666,0.07902012079249465,0.424637369046716,0.3989349427667602,1.95431935897259,-0.5035656157474591,0.3471380039006148,-0.7662327925466004,0.3331600000000008
0.133383227397286,-0.07336908603876979,-1.813198107012361,-0.6995947012008047,-1.501973736540248,-0.743324073167603,0.474196143927666,0.0776610034593734,0.4001121878605707,0.3989349427667602,1.957740111440636,-0.5035656157474591,0.3471380039006148,-0.7662327925466004,0.32903000000000077
0.1385685931518287,-0.0838525161500999,-1.813198107012361,-0.6857696140418642,-1.501973736540248,-0.7465061608371102,0.474196143927666,0.0776610034593734,0.4001121878605707,0.3493749762934206,1.972282693077247,-0.5035656157474591,0.3471380039006148,-0.7662327925466004,0.3258900000000008
0.1529913431172754,-0.1130994297986107,-1.823450846237309,-0.6682959971299235,-1.501973736540248,-0.7465061608371102,0.4838515079951711,0.0739869593108838,0.3874517997921614,0.3493749762934206,1.969190046402122,-0.5035656157474591,0.3471380039006148,-0.9286859318011293,0.32411000000000073
0.1550571676599444,-0.1271951939306426,-1.827151690938216,-0.6598956365728061,-1.502541224459265,-0.7540327758553944,0.4844420796873804,0.0739869593108838,0.3874517997921614,0.302543699587078,1.941521778022422,-0.5035656157474591,0.3471380039006148,-0.9286859318011293,0.32358000000000076
0.1533532683611919,-0.1410038280677529,-1.827151690938216,-0.6599832694931875,-1.502541224459265,-0.7540327758553944,0.4844420796873804,0.06675078042782853,0.3874517997921614,0.302543699587078,1.936747637385714,-0.5035656157474591,0.3471380039006148,-0.9286859318011293,0.3243100000000007
0.1483502604092882,-0.1410038280677529,-1.827151690938216,-0.6525375053262443,-1.502541224459265,-0.7658787708658092,0.4750381317495815,0.06675078042782853,0.3874517997921614,0.2589624631499212,1.934796868581862,-0.5035656157474591,0.3471380039006148,-0.9286859318011293,0.3257600000000007
0.1483502604092882,-0.1530191703284363,-1.83083528016662,-0.6363512814934574,-1.501759647327596,-0.7658787708658092,0.4750381317495815,0.05477311329704344,0.360013279333275,0.2589624631499212,1.954550992724026,-0.5035656157474591,0.3471380039006148,-0.9286859318011293,0.32785000000000075
0.1411545163914405,-0.164824978262095,-1.83083528016662,-0.6384945705216157,-1.501759647327596,-0.7818678262784976,0.4552975811182063,0.05477311329704344,0.360013279333275,0.218833756631598,1.934519002805727,-0.6445136404950121,0.3471380039006148,-0.9286859318011293,0.3298200000000007
0.1241338899255637,-0.1636009656500607,-1.83083528016662,-0.6243491779221823,-1.501759647327596,-0.7818678262784976,0.4552975811182063,0.03700459230309228,0.360013279333275,0.218833756631598,1.937791037156446,-0.6445136404950121,0.3471380039006148,-0.9286859318011293,0.3311900000000007
0.1211738412516344,-0.16102465106847,-1.837723146718245,-0.6336024582224267,-1.500280811894579,-0.8017178310776322,0.4552975811182063,0.03700459230309228,0.360013279333275,0.218833756631598,1.954993611859461,-0.6445136404950121,0.3471380039006148,-0.9286859318011293,0.3315300000000007
0.1224992378504328,-0.159762224176387,-1.843228187900585,-0.6121781423760965,-1.500280811894579,-0.8017178310776322,0.4254501333865205,0.0126179590802879,0.3439208231441042,0.182097183322173,1.96622742126467,-0.6445136404950121,0.3471380039006148,-0.9286859318011293,0.33077000000000073
0.1235008390890654,-0.1636697266437335,-1.847553590141552,-0.5968937641114674,-1.500280811894579,-0.8250861558043721,0.4254501333865205,0.0126179590802879,0.3439208231441042,0.1484885824875355,1.980860505764485,-0.6445136404950121,0.3471380039006148,-0.9286859318011293,0.3293900000000007
0.1228369980394568,-0.172251284526479,-1.847553590141552,-0.6023297579991685,-1.498678567339799,-0.8250861558043721,0.3862481563551966,-0.01889068575220611,0.325200413143065,0.1484885824875355,2.000554427888879,-0.6445136404950121,0.3471380039006148,-0.9286859318011293,0.3270500000000007
0.1205198128360221,-0.1786076195017554,-1.845212059917871,-0.609732532325947,-1.498678567339799,-0.8516063746444801,0.3388944236691094,-0.01889068575220611,0.325200413143065,0.1175862796025835,1.978742344856704,-0.6445136404950121,0.3471380039006148,-0.9286859318011293,0.3239500000000007
0.109311393214792,-0.1786076195017554,-1.843918605822947,-0.5976101935629266,-1.498678567339799,-0.8516063746444801,0.3388944236691094,-0.05762518489657567,0.3031486748031277,0.1175862796025835,1.966459523361716,-0.6445136404950121,0.3471380039006148,-0.7685894628452792,0.3201800000000007
0.0991904100870938,-0.1850797111628493,-1.841517055904671,-0.5815620200404291,-1.497427889226145,-0.880909262438317,0.3388944236691094,-0.05762518489657567,0.3031486748031277,0.08883859829875479,1.976732840130107,-0.6445136404950121,0.3471380039006148,-0.7685894628452792,0.3162500000000007
0.08984417348953493,-0.1965455043048334,-1.840645604663454,-0.5749847515021876,-1.497427889226145,-0.880909262438317,0.2849705272346959,-0.1032610958980234,0.2772680061744565,0.08883859829875479,1.966738152552842,-0.6445136404950121,0.3471380039006148,-0.7685894628452792,0.3126659459459466
0.08984417348953493,-0.1970274217514825,-1.841294204708607,-0.576144788452176,-1.497427889226145,-0.9126367847896388,0.2849705272346959,-0.1032610958980234,0.2772680061744565,0.08883859829875479,1.967119678378505,-0.6445136404950121,0.3471380039006148,-0.7685894628452792,0.3104197297297304
0.08441920804244732,-0.2017498542493651,-1.84126031780122,-0.5646912939522092,-1.496887764410906,-0.9126367847896388,0.2263788116678677,-0.1550622449709541,0.247339769500191,0.06157946933899509,1.971582535062209,-0.6445136404950121,0.3710463552426412,-0.3591572762908706,0.30994918918918984
0.06021232723594631,-0.2066609374463917,-1.841577995225977,-0.5811622699424821,-1.496887764410906,-0.9464560359882943,0.2263788116678677,-0.1550622449709541,0.247339769500191,0.06157946933899509,1.99000281360765,-0.6445136404950121,0.3710463552426412,-0.3591572762908706,0.31171810810810874
0.04868956756533403,-0.2240823010550506,-1.853636170770333,-0.5838916279348852,-1.496887764410906,-0.9464560359882943,0.1652872136588171,-0.21192041669436,0.2134495247933992,0.03504582325892969,1.995136747644285,-0.6445136404950121,0.3710463552426412,-0.3591572762908706,0.31624621621621685
0.03878773044054953,-0.2318950221723939,-1.86263194258755,-0.5918359087070917,-1.497285296002668,-0.9820697929801874,0.1040400082667551,-0.21192041669436,0.2134495247933992,0.008410295753947422,1.984658962106934,-0.6445136404950121,0.3710463552426412,-0.3591572762908706,0.3235891891891899
0.02371670377502208,-0.2401018349211831,-1.866844871420258,-0.5947499415105378,-1.497285296002668,-0.9820697929801874,0.1040400082667551,-0.2724045242244188,0.1759758108959592,0.008410295753947422,2.014920653233967,-0.6445136404950121,0.3710463552426412,-0.3591572762908706,0.3342886486486493
0.01533456084626832,-0.2461726888054141,-1.868348269485799,-0.5834234001892349,-1.497285296002668,-0.9820697929801874,0.1040400082667551,-0.2724045242244188,0.1759758108959592,0.008410295753947422,2.003012168487461,-0.6445136404950121,0.3710463552426412,-0.6108496641880722,0.3483121621621629
0.008049320801961558,-0.2527681740709493,-1.86828510911025,-0.5916522701699415,-1.498700809977645,-0.9820697929801874,0.1040400082667551,-0.3348300788894422,0.1355607620092723,0.008410295753947422,1.995751604379097,-0.6445136404950121,0.3710463552426412,-0.6108496641880722,0.3657832432432439
0.009838959373928749,-0.2586884626674202,-1.867832059659003,-0.5734141226835763,-1.498700809977645,-1.01921452495433,0.04499797673071902,-0.3348300788894422,0.1355607620092723,-0.01916621062306156,1.959253840420802,-0.6445136404950121,0.3471380039006148,-0.6108496641880722,0.38612135135135206
0.009703403205889971,-0.2576044857330603,-1.869356071320427,-0.5895780384362618,-1.498700809977645,-1.01921452495433,-0.00968250139814066,-0.3348300788894422,0.09305847774906276,-0.01916621062306156,1.858782094161101,-0.6445136404950121,0.3471380039006148,-0.6202763453827519,0.40852405405405473
0.008341208780641735,-0.2603370448758126,-1.869356071320427,-0.5794039694539014,-1.501059069995754,-1.096966706983017,-0.00968250139814066,-0.3348300788894422,0.09305847774906276,-0.04847429958133399,1.827319951039913,-0.6445136404950121,0.3471380039006148,-0.1990608073350205,0.43205702702702775
0.008341208780641735,-0.2630980935754538,-1.877542558829476,-0.5738412599141072,-1.501059069995754,-1.096966706983017,-0.05828224457583638,-0.3973800122988674,0.04944024256828265,-0.04847429958133399,1.805516644457004,-0.6445136404950121,0.3471380039006148,0.1915180168301001,0.4560540540540548
0.007287615504716436,-0.2665981610158509,-1.892190278172502,-0.6020604146980438,-1.501059069995754,-1.096966706983017,-0.05828224457583638,-0.3973800122988674,0.04944024256828265,-0.0802109682503682,1.774559930380972,-0.6445136404950121,0.3471380039006148,-0.5426633368800903,0.47968702702702776
0.007287615504716436,-0.2781030024017898,-1.895792323312011,-0.6018344761769455,-1.504136332591739,-1.096966706983017,-0.0997189327700592,-0.4582975108888787,0.00565134475485413,-0.0802109682503682,1.782838905753377,-0.7149876528687886,0.3471380039006148,-0.7120293756773439,0.5021959459459466
0.007287615504716436,-0.290492520345846,-1.898489236740867,-0.6100454572991897,-1.504136332591739,-1.136760653765522,-0.0997189327700592,-0.4582975108888787,0.00565134475485413,-0.1149639266480192,1.725880086986074,-0.7149876528687886,0.3471380039006148,-0.7120293756773439,0.5228889189189196
0.004419380213232636,-0.3034952735390076,-1.900763732233898,-0.6294219025755377,-1.504136332591739,-1.136760653765522,-0.1336750408738089,-0.5161228695874904,-0.03755555814769299,-0.1149639266480192,1.748412291691123,-0.7149876528687886,0.3471380039006148,-0.4509103065854626,0.5409821621621629
0.004419380213232636,-0.3278845109312524,-1.903232923238935,-0.6505107336481336,-1.507592343241847,-1.215239609867685,-0.1336750408738089,-0.5161228695874904,-0.03755555814769299,-0.1532215311691418,1.763727077021882,-0.7149876528687886,0.3471380039006148,-0.4556236471828203,0.5560700000000007
0.004419380213232636,-0.3339635268244081,-1.908204565182881,-0.6658157777463326,-1.507592343241847,-1.215239609867685,-0.1336750408738089,-0.5698926556055827,-0.0797664124699552,-0.1532215311691418,1.755434949321449,-0.7149876528687886,0.3471380039006148,-0.4556236471828203,0.5676248648648656
0.004419380213232636,-0.3339635268244081,-1.908566057690565,-0.6544807525664275,-1.507592343241847,-1.215239609867685,-0.1606122245478425,-0.5698926556055827,-0.0797664124699552,-0.1953921939358056,1.747148456288551,-0.7149876528687886,0.3471380039006148,-0.2108441588283433,0.5759372972972981
-0.003256240736325547,-0.3570500353457111,-1.905307450671192,-0.6583774478943213,-1.511027332711123,-1.215239609867685,-0.1606122245478425,-0.6192130690791214,-0.1209896402631589,-0.1953921939358056,1.764070832171171,-0.7149876528687886,0.3471380039006148,0.2879843877220498,0.5813937837837846
-0.01186925395879064,-0.39747195436897,-1.902335701444732,-0.6645502456893823,-1.511027332711123,-1.252698057807619,-0.1816548458236529,-0.6192130690791214,-0.1209896402631589,-0.2418127573576534,1.751649044459217,-0.7149876528687886,0.3471380039006148,0.452794197275222,0.5843767567567577
-0.02288985644317354,-0.4084660123226684,-1.905702900852159,-0.6885698918340583,-1.511027332711123,-1.252698057807619,-0.1983661027678556,-0.6641831694282369,-0.1616493406562343,-0.2418127573576534,1.757318860939408,-0.7149876528687886,0.3471380039006148,0.280914376826049,0.5852345945945955
-0.06665417202945034,-0.4193579110062288,-1.905702900852159,-0.6999675849638624,-1.511027332711123,-1.288364007630221,-0.1983661027678556,-0.6641831694282369,-0.1616493406562343,-0.2927267594038976,1.770420576414191,-0.7149876528687886,0.3471380039006148,0.280914376826049,0.5843916216216225
-0.07646928294359297,-0.4491177024792282,-1.919838103993978,-0.7177623658197333,-1.511027332711123,-1.288364007630221,-0.2124670707377784,-0.7052237542929255,-0.2024687675843984,-0.2927267594038976,1.744273643336043,-0.7149876528687886,0.3471380039006148,0.280914376826049,0.5821881081081091
-0.08893363133813367,-0.4835056991349866,-1.928412625794885,-0.7396965645567765,-1.511027332711123,-1.322029581678469,-0.2124670707377784,-0.7052237542929255,-0.2024687675843984,-0.3482213267266954,1.761453837534461,-0.7149876528687886,0.3471380039006148,0.280914376826049,0.5790202702702713
-0.1025129738037238,-0.5060872520862536,-1.929972588181306,-0.7653730891697132,-1.514052388087904,-1.322029581678469,-0.2124670707377784,-0.7428868600344797,-0.2442456879142116,-0.3482213267266954,1.770018806764596,-0.7149876528687886,0.3710463552426412,0.4457241863792211,0.5752702702702713
-0.1164731927108591,-0.5103075985559778,-1.932725967411964,-0.7710744860951639,-1.514052388087904,-1.353680338155857,-0.2255604585965792,-0.7776896920665191,-0.2442456879142116,-0.408128293538972,1.725150362601355,-0.7149876528687886,0.3710463552426412,0.4457241863792211,0.5712162162162173
-0.1610388899218998,-0.5146732893925724,-1.941293676372527,-0.7846386163515995,-1.514052388087904,-1.353680338155857,-0.2389071361867799,-0.7776896920665191,-0.2875637658569827,-0.408128293538972,1.683338400172832,-0.7149876528687886,0.3710463552426412,0.4457241863792211,0.5671621621621632
-0.1610388899218998,-0.527687048004217,-1.956637545669237,-0.7960976991346789,-1.516357119265855,-1.383449436743068,-0.2389071361867799,-0.7776896920665191,-0.2875637658569827,-0.4719205301878717,1.652244554301041,-0.7149876528687886,0.3710463552426412,0.4457241863792211,0.5631081081081092
-0.1912816347279118,-0.539938926037997,-1.967175005565395,-0.8181009433364864,-1.516357119265855,-1.383449436743068,-0.2532663775324597,-0.8099898132349416,-0.3325229305079577,-0.4719205301878717,1.62078948556304,-0.7149876528687886,0.3710463552426412,0.4457241863792211,0.5590540540540552
-0.2158372590371534,-0.5471746776211291,-1.971259397392974,-0.8329674683771806,-1.516357119265855,-1.411548437381841,-0.2532663775324597,-0.8099898132349416,-0.3325229305079577,-0.5386531822901511,1.585547887328984,-0.7149876528687886,0.4188630579266939,0.4457241863792211,0.5550000000000012
-0.2386607627325402,-0.5584077333062595,-1.992319782222324,-0.8479755799463856,-1.517760082395234,-1.411548437381841,-0.2687891173612821,-0.8399024576184818,-0.3785736331443587,-0.5386531822901511,1.570287578612764,-0.7149876528687886,0.4188630579266939,0.4457241863792211,0.5509459459459471
-0.2685138210046192,-0.5705434315579596,-2.001899010140522,-0.8975645448068627,-1.517760082395234,-1.438157821366708,-0.2687891173612821,-0.8672549248420527,-0.3785736331443587,-0.6069910541900344,1.542674504270281,-0.7149876528687886,0.4427714092687186,0.4457241863792211,0.546891891891893
-0.2831846969513478,-0.588283060652232,-2.007699876489598,-0.9066370639602963,-1.517760082395234,-1.438157821366708,-0.2849698362724137,-0.8672549248420527,-0.4245015315927336,-0.6069910541900344,1.497296448420465,-0.7149876528687886,0.4427714092687186,0.4457241863792211,0.542837837837839
-0.3024987129620663,-0.6122919424136787,-2.011686885591433,-0.9225927473912592,-1.518229486610508,-1.463273213471286,-0.2849698362724137,-0.8672549248420527,-0.4245015315927336,-0.6753274319403111,1.479088636523843,-0.7149876528687886,0.4427714092687186,0.4457241863792211,0.538783783783785
-0.3248066645327756,-0.640751014931112,-2.01769253451805,-0.9433755274163702,-1.518229486610508,-1.463273213471286,-0.2849698362724137,-0.8915823731255687,-0.4685553817878564,-0.6753274319403111,1.442473106820424,-0.7149876528687886,0.4427714092687186,0.4457241863792211,0.534729729729731
-0.3567302871602354,-0.6601640411486716,-2.021611986893265,-0.9801477972993107,-1.518229486610508,-1.486560452330497,-0.300688077880814,-0.8915823731255687,-0.4685553817878564,-0.7419577140534144,1.389102455236378,-0.7149876528687886,0.4427714092687186,0.4457241863792211,0.530675675675677
-0.3651889142430624,-0.7018868871768356,-2.021611986893265,-0.9920790045067371,-1.517869752589941,-1.486560452330497,-0.300688077880814,-0.912168693069199,-0.5086725445617668,-0.7419577140534144,1.354208293312007,-0.7149876528687886,0.4427714092687186,0.4457241863792211,0.5266216216216228
-0.3813068456244218,-0.7385365948877534,-2.029518308509372,-1.009100166635951,-1.517869752589941,-1.507289465793894,-0.3143565325663569,-0.912168693069199,-0.5086725445617668,-0.8052504876216806,1.356740911439581,-0.7149876528687886,0.4427714092687186,0.4457241863792211,0.5225675675675688
-0.3813068456244218,-0.7565329451378389,-2.036343913991226,-1.030783303585288,-1.517869752589941,-1.507289465793894,-0.3241412166575617,-0.9281129636306019,-0.5427476252393094,-0.8052504876216806,1.329450471537203,-0.7149876528687886,0.4427714092687186,0.4457241863792211,0.5185135135135148
-0.4219292911560787,-0.7926620075020194,-2.04826591406014,-1.052103592125704,-1.516885079347806,-1.524371825320296,-0.3241412166575617,-0.9281129636306019,-0.5427476252393094,-0.8637743853465496,1.303172808648051,-0.7149876528687886,0.4427714092687186,0.4457241863792211,0.5144594594594608
-0.4621175526825435,-0.8095774466002302,-2.056055565421365,-1.059691386013143,-1.516885079347806,-1.524371825320296,-0.3281963689132943,-0.9383954395300753,-0.5688964135309794,-0.8637743853465496,1.306785715769168,-0.7149876528687886,0.4427714092687186,0.4457241863792211,0.5104054054054068
-0.4621175526825435,-0.8346850003374708,-2.065094642436618,-1.084898823157408,-1.516885079347806,-1.536486854668813,-0.3281963689132943,-0.9383954395300753,-0.5688964135309794,-0.9163747622726901,1.251168366005856,-0.7149876528687886,0.4427714092687186,0.4457241863792211,0.5063513513513527
-0.5063496429490397,-0.8478487234746539,-2.072156326186251,-1.091433325431691,-1.515538243873575,-1.536486854668813,-0.3248893560287196,-0.9419527250511088,-0.58567417656439,-0.9163747622726901,1.253278773590553,-0.7149876528687886,0.4666797606107449,0.4457241863792211,0.5022972972972987
-0.515070457624665,-0.8715563018651529,-2.074653407424302,-1.124432135126672,-1.515538243873575,-1.542272587381595,-0.3248893560287196,-0.9419527250511088,-0.58567417656439,-0.9622180130184279,1.24462837227803,-0.7149876528687886,0.4666797606107449,0.4457241863792211,0.49824324324324465
-0.5709952855836634,-0.8810566887289468,-2.075881164145283,-1.136112502574489,-1.515538243873575,-1.542272587381595,-0.3248893560287196,-0.9377933507659209,-0.5922201837647518,-0.9622180130184279,1.206556057552749,-0.7149876528687886,0.4666797606107449,0.4457241863792211,0.49418918918919064
-0.6162039880552204,-0.894267407998403,-2.078533551878469,-1.147240687274476,-1.514113768474173,-1.540556570085842,-0.3248893560287196,-0.9377933507659209,-0.5922201837647518,-1.000821464750606,1.196316022163515,-0.7149876528687886,0.4666797606107449,0.4457241863792211,0.49013513513513657
-0.6262621867224486,-0.906981865062703,-2.084690922385789,-1.175878246698244,-1.514113768474173,-1.540556570085842,-0.313023619879611,-0.9251454670214001,-0.5883197811819694,-1.000821464750606,1.198701408434381,-0.7149876528687886,0.4666797606107449,0.4457241863792211,0.48608108108108256
-0.672380898789356,-0.9117398590601689,-2.090318296125716,-1.20527419879628,-1.514113768474173,-1.530595767882614,-0.313023619879611,-0.9251454670214001,-0.5883197811819694,-1.032068321889204,1.13959072251128,-0.7149876528687886,0.4666797606107449,0.4457241863792211,0.4820270270270285
-0.6943045675771284,-0.9418923865669246,-2.099531511715399,-1.227227025678109,-1.51288475333937,-1.530595767882614,-0.2920570106889182,-0.9035974955521849,-0.5743933627893528,-1.032068321889204,1.139006829722325,-0.7149876528687886,0.4666797606107449,0.4457241863792211,0.4779729729729745
-0.7326822235001818,-0.9737480270382176,-2.116367695351793,-1.235034655379498,-1.51288475333937,-1.512285438821507,-0.2920570106889182,-0.9035974955521849,-0.5743933627893528,-1.056188170057301,1.096868895950558,-0.7149876528687886,0.4666797606107449,0.4457241863792211,0.47391891891892046
-0.775402428068262,-0.9795197435451871,-2.122929402997436,-1.261667735189548,-1.51288475333937,-1.512285438821507,-0.2622735886160789,-0.9035974955521849,-0.55143467665385,-1.056188170057301,1.030937730912534,-0.5740396281212355,0.4666797606107449,0.4457241863792211,0.4698648648648664
-0.7997487562776674,-0.9903680491411246,-2.138001290281966,-1.283765961178643,-1.512082681698115,-1.486287328095136,-0.2622735886160789,-0.8732167384648203,-0.55143467665385,-1.073690783681628,0.9890216107599363,-0.5740396281212355,0.4905881119527713,0.4457241863792211,0.4658108108108124
-0.8241924036014916,-1.025442735773463,-2.151744100019041,-1.307597718938957,-1.512082681698115,-1.486287328095136,-0.2248361157142292,-0.8346317382804646,-0.5209136083146777,-1.073690783681628,0.9457103161786654,-0.5740396281212355,0.4905881119527713,0.4457241863792211,0.4617567567567583
-0.8587059143524316,-1.058949958451118,-2.162453344048929,-1.349616772627377,-1.512082681698115,-1.454028270549705,-0.2248361157142292,-0.8346317382804646,-0.5209136083146777,-1.085267625788656,0.9237832009356824,-0.5740396281212355,0.5144964632947976,0.4457241863792211,0.4577027027027043
-0.9096787708209145,-1.068514615201489,-2.163374884398438,-1.35636298204033,-1.511872049761142,-1.454028270549705,-0.1816640991038269,-0.7890313384225676,-0.4846360110941734,-1.085267625788656,0.9427004664409856,-0.5740396281212355,0.5144964632947976,0.4457241863792211,0.4536486486486503
-0.9295079572834877,-1.088289114282236,-2.166576652205781,-1.407878451698696,-1.511872049761142,-1.417548289392659,-0.1816640991038269,-0.7890313384225676,-0.4846360110941734,-1.091688316353961,0.9548602762880347,-0.5740396281212355,0.5144964632947976,0.4457241863792211,0.4495945945945962
-0.9615123713064084,-1.136312575704048,-2.181530609343584,-1.41986086619525,-1.511872049761142,-1.417548289392659,-0.1351595764495727,-0.7380672743692566,-0.4445628776134521,-1.091688316353961,0.95970006847083,-0.5740396281212355,0.5144964632947976,-0.4485536362868194,0.4455405405405422
-1.026724257291467,-1.173273935002184,-2.200376070860594,-1.464259081390753,-1.512330335017352,-1.379228820021442,-0.08788406838155499,-0.7380672743692566,-0.4445628776134521,-1.093715569364707,0.9545471264245734,-0.5740396281212355,0.5144964632947976,-0.4485536362868194,0.44148648648648814
-1.057095287141045,-1.193631563417572,-2.220246033830052,-1.473797703416891,-1.512330335017352,-1.379228820021442,-0.08788406838155499,-0.6837308329084048,-0.4026327732014662,-1.093715569364707,0.9726105498460154,-0.5740396281212355,0.5144964632947976,-0.4485536362868194,0.4374324324324341
-1.088817389122839,-1.228655710033022,-2.249008243736561,-1.494243069553985,-1.512330335017352,-1.341469052863962,-0.08788406838155499,-0.6837308329084048,-0.4026327732014662,-1.092059188018572,0.9668817302561917,-0.5740396281212355,0.5144964632947976,-0.4485536362868194,0.4333783783783801
-1.121013154723579,-1.269305294269285,-2.258539562782421,-1.507217890943106,-1.513433293228393,-1.341469052863962,-0.04229989395221327,-0.6282758753259142,-0.3606372741862442,-1.092059188018572,0.9406739750151508,-0.5740396281212355,0.5144964632947976,-0.4485536362868194,0.42932432432432605
-1.199445626194184,-1.294130642455141,-2.280154270702661,-1.53225006697397,-1.513433293228393,-1.306383620521255,-0.04229989395221327,-0.6282758753259142,-0.3606372741862442,-1.092059188018572,0.9163974664474189,-0.5740396281212355,0.5144964632947976,-0.4485536362868194,0.42527027027027203
-1.214011975613156,-1.3068039468843,-2.297069544817516,-1.528572494035297,-1.513433293228393,-1.306383620521255,-0.000624018601268499,-0.5741657195991514,-0.3606372741862442,-1.092059188018572,0.917192285501722,-0.5740396281212355,0.5144964632947976,-0.4485536362868194,0.42121621621621796
-1.265361505922954,-1.342554272876859,-2.303922933912957,-1.53405199346508,-1.515051227095509,-1.27558473938255,0.03523327176962607,-0.5741657195991514,-0.3606372741862442,-1.087384920435118,0.869080835383739,-0.5740396281212355,0.5144964632947976,-0.4485536362868194,0.41716216216216395
-1.299787570678616,-1.377866940534013,-2.311376598799954,-1.54620976504211,-1.515051227095509,-1.27558473938255,0.03523327176962607,-0.5239622361851604,-0.2824956441081434,-1.087384920435118,0.8801516818552865,-0.5740396281212355,0.538404814636824,-0.4485536362868194,0.41310810810810994
-1.324473791906592,-1.402196490669146,-2.346444557834305,-1.534031648208821,-1.515051227095509,-1.250086245039635,0.03523327176962607,-0.5239622361851604,-0.2824956441081434,-1.08037375168724,0.859454916480015,-0.5740396281212355,0.538404814636824,-0.4485536362868194,0.40905405405405587
-1.338015059212386,-1.426511518347033,-2.346444557834305,-1.524146883982017,-1.516965097429899,-1.250086245039635,0.06371039119058103,-0.4801312922183696,-0.2824956441081434,-1.08037375168724,0.8395376867150025,-0.5740396281212355,0.5623131659788487,-0.257977564801599,0.40500000000000186
-1.420259087370198,-1.449746538962759,-2.356171578259621,-1.505376603753406,-1.516965097429899,-1.230323633548719,0.06371039119058103,-0.4801312922183696,-0.2824956441081434,-1.071795639643019,0.8380001888307719,-0.5740396281212355,0.5623131659788487,-0.257977564801599,0.4009459459459478
-1.43872288643491,-1.455596880500803,-2.356171578259621,-1.492785126114977,-1.516965097429899,-1.230323633548719,0.0836639692513086,-0.4448291207800084,-0.2486862061925198,-1.071795639643019,0.8496903969503291,-0.5740396281212355,0.5623131659788487,-0.257977564801599,0.3968918918918938
-1.457149660535092,-1.484590414225954,-2.38594681854372,-1.496876104679604,-1.518899801869175,-1.21625737133269,0.0836639692513086,-0.4448291207800084,-0.2486862061925198,-1.062545176113284,0.8527114612757968,-0.5740396281212355,0.5623131659788487,-0.257977564801599,0.39283783783783977
-1.492388438729881,-1.488064257022111,-2.38594681854372,-1.480534303412762,-1.518899801869175,-1.21625737133269,0.09444289968227879,-0.419745645234807,-0.2194240299495839,-1.062545176113284,0.8636593172340697,-0.5740396281212355,0.5623131659788487,-0.257977564801599,0.3887837837837857
-1.574631632630363,-1.50028954739372,-2.414532168845309,-1.47038436040441,-1.518899801869175,-1.207528809403212,0.09444289968227879,-0.419745645234807,-0.2194240299495839,-1.053606353151464,0.8588097837173323,-0.5740396281212355,0.5623131659788487,-0.257977564801599,0.3847297297297317
-1.609600882729115,-1.504151030045637,-2.439876707966427,-1.442466771446018,-1.520558138429132,-1.207528809403212,0.09589668750912432,-0.419745645234807,-0.1950893980654295,-1.053606353151464,0.8716909784965305,-0.5740396281212355,0.5623131659788487,-0.257977564801599,0.3809397297297317
-1.647454017993613,-1.506216554034252,-2.447233888667559,-1.420915590247779,-1.520558138429132,-1.207528809403212,0.08829136051999674,-0.419745645234807,-0.1950893980654295,-1.045955666354003,0.8922624680788588,-0.5740396281212355,0.5623131659788487,-0.09316775524842684,0.37760189189189386
-1.68883656265697,-1.507817869832089,-2.453911344555972,-1.418749412838034,-1.520558138429132,-1.203634643412056,0.08829136051999674,-0.4060140159285163,-0.1757694855448255,-1.045955666354003,0.8737936193184894,-0.5740396281212355,0.5623131659788487,-0.09316775524842684,0.3749183783783804
-1.717785963767079,-1.50684971279069,-2.479635684045463,-1.410729314265809,-1.521644743322028,-1.204073937492296,0.0721813514004762,-0.4060140159285163,-0.1757694855448255,-1.040443835106141,0.871768679709798,-0.5740396281212355,0.5623131659788487,0.3068377501113378,0.37310540540540743
-1.761926584748754,-1.506491854587653,-2.484262433606106,-1.378957565525165,-1.521644743322028,-1.204073937492296,0.0721813514004762,-0.4139689711643895,-0.1613040928975825,-1.040443835106141,0.8883934806328055,-0.5740396281212355,0.5623131659788487,0.3068377501113378,0.3723232432432453
-1.790666663265683,-1.497424049358629,-2.49125638118161,-1.380108212105,-1.521644743322028,-1.204073937492296,0.0721813514004762,-0.4139689711643895,-0.1613040928975825,-1.037700404758777,0.8806147298974366,-0.5740396281212355,0.5623131659788487,0.3068377501113378,0.37275621621621824
-1.83011336418347,-1.492073891706871,-2.500754462150601,-1.364212252455702,-1.521885014431579,-1.204073937492296,0.04830344559778859,-0.4139689711643895,-0.1513347811633231,-1.037700404758777,0.8739327287657799,-0.5740396281212355,0.5623131659788487,0.3068377501113378,0.37450270270270475
-1.874097576110243,-1.477819489441496,-2.50742414720773,-1.343285644431972,-1.521885014431579,-1.21640235165475,0.04830344559778859,-0.4139689711643895,-0.1513347811633231,-1.038089647455113,0.8966958257347116,-0.5740396281212355,0.586221517320875,0.3068377501113378,0.3777951351351372
-1.910709072891447,-1.474662603525095,-2.511706577885753,-1.349022672062105,-1.521885014431579,-1.21640235165475,0.01752574606767621,-0.4346212735525773,-0.145345416840217,-1.038089647455113,0.9228736029169976,-0.5740396281212355,0.5144964632947976,0.3068377501113378,0.3827900000000021
-1.927384939979753,-1.452343224635297,-2.511706577885753,-1.330616421421823,-1.521046456946681,-1.21640235165475,0.01752574606767621,-0.4346212735525773,-0.145345416840217,-1.041723578165886,0.9343990597794569,-0.5740396281212355,0.5144964632947976,-0.1073077770403928,0.3897578378378399
-1.935528094013081,-1.443750197037925,-2.515543022453405,-1.317716377122012,-1.521046456946681,-1.21640235165475,-0.01915342677800514,-0.4646075834299708,-0.1426959278766808,-1.041723578165886,0.9427269048937411,-0.5740396281212355,0.5144964632947976,-0.267404245996243,0.39809108108108315
-1.976211344862094,-1.441594122523483,-2.523665041433086,-1.311250307483052,-1.521046456946681,-1.227738400992471,-0.06058090819710797,-0.4646075834299708,-0.1426959278766808,-1.048516136220492,0.9368208586873812,-0.5740396281212355,0.5144964632947976,-0.1025944364430708,0.40737405405405613
-1.976211344862094,-1.434963876209469,-2.534003661442791,-1.295075523604838,-1.518960553238871,-1.227738400992471,-0.06058090819710797,-0.5019518166508543,-0.1426545574283691,-1.048516136220492,0.9365618789204208,-0.5740396281212355,0.5144964632947976,0.1068349974314733,0.41712297297297507
-2.03262874322622,-1.433329171446955,-2.538714304286172,-1.285485727266793,-1.518960553238871,-1.259410102717699,-0.06058090819710797,-0.5019518166508543,-0.1426545574283691,-1.058248848139726,0.9212106840648226,-0.5740396281212355,0.5144964632947976,0.3351177936953055,0.42701594594594805
-2.03262874322622,-1.438787222947642,-2.548091649413279,-1.261779560494721,-1.518960553238871,-1.259410102717699,-0.1054210599885848,-0.5443970532636899,-0.14443575407732,-1.058248848139726,0.9207470650054647,-0.5740396281212355,0.538404814636824,0.3351177936953055,0.4368029729729751
-2.053022914324103,-1.436700149511971,-2.548091649413279,-1.258993763621402,-1.518960553238871,-1.259410102717699,-0.1054210599885848,-0.5443970532636899,-0.14443575407732,-1.07062027505999,0.9364986003724142,-0.5740396281212355,0.538404814636824,0.3351177936953055,0.4461359459459481
-2.063006003973687,-1.430275572589409,-2.558080131953051,-1.255386784660781,-1.515537639027246,-1.259410102717699,-0.1521408876860607,-0.5896219782514179,-0.1472599008394157,-1.07062027505999,0.9635269112704263,-0.5740396281212355,0.538404814636824,0.3351177936953055,0.45488864864865086
-2.081971969910608,-1.420068613516057,-2.576433298755481,-1.212972352940715,-1.515537639027246,-1.300109107379262,-0.1521408876860607,-0.5896219782514179,-0.1472599008394157,-1.085266754178524,0.973703943107727,-0.5740396281212355,0.538404814636824,0.3351177936953055,0.46266675675675895
-2.099283040276642,-1.414328333961225,-2.576433298755481,-1.226126114682872,-1.510771457147819,-1.300109107379262,-0.1990286258030164,-0.6354409771990032,-0.1504449054675323,-1.085266754178524,0.9551150514491318,-0.5740396281212355,0.538404814636824,0.3351177936953055,0.46919783783784
-2.115165993183228,-1.408119844854642,-2.59048259165643,-1.22061050971781,-1.510771457147819,-1.322206628669391,-0.1990286258030164,-0.6354409771990032,-0.1504449054675323,-1.101761452292017,0.907658664538756,-0.5740396281212355,0.538404814636824,0.3351177936953055,0.47387135135135355
-2.152467512142575,-1.40811470739307,-2.607129803517303,-1.22491462867388,-1.510771457147819,-1.322206628669391,-0.2442798473894712,-0.6799730979194812,-0.1535111873384455,-1.101761452292017,0.8575543489252374,-0.5740396281212355,0.538404814636824,0.3351177936953055,0.477290810810813
-2.166493262853637,-1.406186744148342,-2.609717990017614,-1.217751226926742,-1.510771457147819,-1.344378713895434,-0.2442798473894712,-0.6799730979194812,-0.1535111873384455,-1.119615489728891,0.8558528403434447,-0.5740396281212355,0.538404814636824,0.3351177936953055,0.47983378378378594
-2.172964782236856,-1.402927541267424,-2.612201107628946,-1.204514640830631,-1.510771457147819,-1.344378713895434,-0.2861636032070317,-0.7217676210516368,-0.1562619944593702,-1.119615489728891,0.8384864102283031,-0.5740396281212355,0.538404814636824,0.3351177936953055,0.48198189189189405
-2.189110930447178,-1.387676429505801,-2.616833656080775,-1.176726558041858,-1.510771457147819,-1.344378713895434,-0.2861636032070317,-0.7217676210516368,-0.1562619944593702,-1.138305591784453,0.8043271387143925,-0.5740396281212355,0.538404814636824,0.3351177936953055,0.483730810810813
-2.193290914957796,-1.381909586423774,-2.618877666448766,-1.175283909331558,-1.510771457147819,-1.344378713895434,-0.323212556405064,-0.759862042012951,-0.1588033627268962,-1.138305591784453,0.8150859063972955,-0.5740396281212355,0.538404814636824,0.3351177936953055,0.48515027027027247
-2.210327019624067,-1.383929758240356,-2.620634700408047,-1.161247994424292,-1.510771457147819,-1.365757038997947,-0.323212556405064,-0.759862042012951,-0.1588033627268962,-1.157325266015971,0.7597182560351327,-0.5740396281212355,0.538404814636824,0.3351177936953055,0.48632405405405627
-2.22239007188278,-1.389918503467188,-2.624120979798814,-1.147756036571905,-1.510771457147819,-1.365757038997947,-0.323212556405064,-0.7937575934945412,-0.1614809785209683,-1.157325266015971,0.798891553398583,-0.5740396281212355,0.538404814636824,0.3351177936953055,0.4872800000000022
-2.236219831352145,-1.393376023773637,-2.625749377538781,-1.166815002154437,-1.504739067961993,-1.38549590159398,-0.3543545572118997,-0.7937575934945412,-0.1614809785209683,-1.176223226870059,0.8029710109477851,-0.5740396281212355,0.538404814636824,0.3351177936953055,0.48810000000000225
-2.242047437118461,-1.396004356786033,-2.635829123645292,-1.159045707394029,-1.504739067961993,-1.38549590159398,-0.3543545572118997,-0.8233245292679837,-0.1647450082923973,-1.176223226870059,0.8212248390292319,-0.5740396281212355,0.5623131659788487,0.3351177936953055,0.48887000000000225
-2.272351593075994,-1.396525704344473,-2.639853903031243,-1.145573006313042,-1.504739067961993,-1.402802752432827,-0.378959876276515,-0.8233245292679837,-0.1647450082923973,-1.194596935972349,0.8210773030669232,-0.5740396281212355,0.5623131659788487,0.3351177936953055,0.4900300000000023
-2.281418430199392,-1.399320005708159,-2.664748071624684,-1.159983881927314,-1.497605083569218,-1.402802752432827,-0.378959876276515,-0.8486569417866253,-0.1689964271137218,-1.194596935972349,0.8554922179199348,-0.5740396281212355,0.586221517320875,0.3351177936953055,0.49096000000000223
-2.281418430199392,-1.405577109124047,-2.667839600626203,-1.150748941210807,-1.497605083569218,-1.416966648024449,-0.3968216579235746,-0.8486569417866253,-0.1689964271137218,-1.212044661966957,0.829284927994677,-0.5740396281212355,0.586221517320875,0.3351177936953055,0.4914000000000023
-2.290730963905273,-1.413425262107299,-2.673134809956678,-1.154451916396345,-1.497605083569218,-1.416966648024449,-0.4080827794834413,-0.8698952146415806,-0.174462726605689,-1.212044661966957,0.8204731868293299,-0.5740396281212355,0.586221517320875,0.1632379732461325,0.4910800000000023
-2.308923146978378,-1.411128491552834,-2.680454443054836,-1.1576111242197,-1.489631351026378,-1.427418605114966,-0.4080827794834413,-0.8698952146415806,-0.174462726605689,-1.228096953199126,0.8294741799371188,-0.5740396281212355,0.586221517320875,-0.1802074449456968,0.4901000000000023
-2.331273288962675,-1.410569380301704,-2.689158113059821,-1.168092228884575,-1.489631351026378,-1.427418605114966,-0.4080827794834413,-0.8870537459375806,-0.1811028998391554,-1.228096953199126,0.844077273576612,-0.5740396281212355,0.586221517320875,-0.05090480122573368,0.4884700000000023
-2.35437038808917,-1.4121031815648,-2.696027666668223,-1.173873650598811,-1.489631351026378,-1.433819331472162,-0.4131314869400252,-0.8870537459375806,-0.1811028998391554,-1.242143692493323,0.8554246756878912,-0.5740396281212355,0.586221517320875,0.1209750192234393,0.48633000000000226
-2.380408405806701,-1.412788310496959,-2.696027666668223,-1.166803058951803,-1.481182417698067,-1.433819331472162,-0.4131314869400252,-0.8999057092639495,-0.1885264739229319,-1.242143692493323,0.8530514356505582,-0.5740396281212355,0.586221517320875,0.1209750192234393,0.4837400000000023
-2.380408405806701,-1.408654053876684,-2.709987164495418,-1.182922598335224,-1.481182417698067,-1.436116663207711,-0.4124962770411978,-0.8999057092639495,-0.1885264739229319,-1.253381638580297,0.8751809034702589,-0.5740396281212355,0.586221517320875,0.1209750192234393,0.4807600000000023
-2.409480283629652,-1.395794433370127,-2.717527342982183,-1.202346084331966,-1.481182417698067,-1.436116663207711,-0.4067571658702255,-0.9079612656761732,-0.1959443656890037,-1.253381638580297,0.8922062522301688,-0.5740396281212355,0.586221517320875,0.1209750192234393,0.47754000000000235
-2.423669116984339,-1.392280167665886,-2.720128497213233,-1.206147016907513,-1.47271414752249,-1.434526024633938,-0.4067571658702255,-0.9079612656761732,-0.1959443656890037,-1.260822150191233,0.8777725751121299,-0.5740396281212355,0.586221517320875,0.280914376826049,0.4740000000000023
-2.43555754997774,-1.387815287212347,-2.719588788268361,-1.228542710368476,-1.47271414752249,-1.434526024633938,-0.3964982434591391,-0.910554740401339,-0.2021951590195209,-1.260822150191233,0.8514308319719915,-0.5740396281212355,0.586221517320875,0.1068349974314733,0.4709600000000023
-2.453709209854669,-1.387089377207188,-2.718717002221111,-1.246485932839923,-1.47271414752249,-1.429458301095725,-0.3964982434591391,-0.910554740401339,-0.2021951590195209,-1.26338324881598,0.861716212115368,-0.5740396281212355,0.586221517320875,0.1068349974314733,0.46848000000000234
-2.459995268774358,-1.39459936110091,-2.715061976944404,-1.262851675491342,-1.464738423563688,-1.429458301095725,-0.3823307339281657,-0.9070291620788367,-0.2058739094092081,-1.26338324881598,0.826282745640723,-0.5740396281212355,0.586221517320875,0.379894529369918,0.46672000000000236
-2.470672711194552,-1.418494586002539,-2.715061976944404,-1.276469324927183,-1.464738423563688,-1.421452169303799,-0.3823307339281657,-0.9070291620788367,-0.2058739094092081,-1.260048436900473,0.8273686280783755,-0.5740396281212355,0.586221517320875,0.3068377501113378,0.4656700000000023
-2.475363830603933,-1.418021134726151,-2.708572691985277,-1.273050208151328,-1.464738423563688,-1.421452169303799,-0.3649691611923949,-0.8969642289080031,-0.2055425220861549,-1.260048436900473,0.8110113591248352,-0.5740396281212355,0.586221517320875,0.3068377501113378,0.4652200000000023
-2.474827915287246,-1.414602354221612,-2.708572691985277,-1.289117529853716,-1.464738423563688,-1.411128573704142,-0.3649691611923949,-0.8969642289080031,-0.2055425220861549,-1.260048436900473,0.8375030538541931,-0.5740396281212355,0.5623131659788487,-0.02733809823908799,0.4653200000000023
-2.470198286305171,-1.423669111881776,-2.708572691985277,-1.306128109094981,-1.464738423563688,-1.411128573704142,-0.3649691611923949,-0.8803733526827922,-0.1999590123222271,-1.260048436900473,0.8704468656505411,-0.5740396281212355,0.538404814636824,0.1632379732461325,0.4658300000000023
-2.464827563371913,-1.430102173608145,-2.703581278556261,-1.292372954408993,-1.464738423563688,-1.399145871008345,-0.3649691611923949,-0.8803733526827922,-0.1999590123222271,-1.250045162598194,0.864536620863242,-0.5740396281212355,0.5144964632947976,0.1632379732461325,0.4668500000000023
-2.473071038129987,-1.437586630116781,-2.698020169180744,-1.288034621494826,-1.457766552349161,-1.399145871008345,-0.3452921996647664,-0.8578165076093883,-0.1882633284092129,-1.250045162598194,0.8592577873247338,-0.5740396281212355,0.5144964632947976,0.3256911125006615,0.46821000000000235
-2.480101343507493,-1.439320941786036,-2.695999955061866,-1.297677875660263,-1.457766552349161,-1.386139903442011,-0.3452921996647664,-0.8578165076093883,-0.1882633284092129,-1.232998072721579,0.8722543699871914,-0.5740396281212355,0.4905881119527713,0.4950571512979151,0.46991000000000227
-2.500748331076258,-1.447971516908068,-2.695254700074366,-1.302314877581439,-1.457766552349161,-1.386139903442011,-0.3030897419699948,-0.8304105312370018,-0.1700941700032853,-1.232998072721579,0.8888193153363873,-0.5740396281212355,0.4905881119527713,0.4950571512979151,0.47117000000000225
-2.502122529714244,-1.461774164634499,-2.695254700074366,-1.306770625276187,-1.452243214712514,-1.372661828833135,-0.3030897419699948,-0.8304105312370018,-0.1700941700032853,-1.20903013885881,0.872185221051041,-0.5740396281212355,0.4666797606107449,0.4950571512979151,0.47232000000000224
-2.5019223104962,-1.477090196605655,-2.694699992771446,-1.31097343399509,-1.452243214712514,-1.372661828833135,-0.3030897419699948,-0.7997477531452443,-0.14564508845623,-1.20903013885881,0.892150561370077,-0.5740396281212355,0.4666797606107449,0.6551536202537652,0.47298000000000223
-2.478999217630408,-1.492831437415704,-2.69386363263991,-1.343937391295037,-1.452243214712514,-1.359143962540128,-0.3030897419699948,-0.7997477531452443,-0.14564508845623,-1.178800093859826,0.899144098127353,-0.5740396281212355,0.4666797606107449,0.6551536202537652,0.4732700000000022
-2.471205686366948,-1.495831790026016,-2.692235567383715,-1.327605971339993,-1.448486331428313,-1.359143962540128,-0.2824825641468249,-0.7677505493255046,-0.14564508845623,-1.178800093859826,0.8968692817368507,-0.5740396281212355,0.4666797606107449,0.6551536202537652,0.4735400000000022
-2.471205686366948,-1.498549465559769,-2.686692678896061,-1.343142932455609,-1.448486331428313,-1.345906669949944,-0.2824825641468249,-0.7677505493255046,-0.14564508845623,-1.143480404676166,0.9071893773457445,-0.5740396281212355,0.4666797606107449,0.6551536202537652,0.4741800000000021
-2.461782040409702,-1.501339953107463,-2.683049272011124,-1.351434343511411,-1.448486331428313,-1.345906669949944,-0.2630902430539175,-0.736486987814522,-0.08143586620838084,-1.143480404676166,0.9052100137865188,-0.5740396281212355,0.4666797606107449,0.6551536202537652,0.47541000000000205
-2.460075190778829,-1.504705601343395,-2.676990102064764,-1.343344397225003,-1.446644573483731,-1.333179124384252,-0.2630902430539175,-0.736486987814522,-0.08143586620838084,-1.104694903299473,0.898959542720324,-0.5740396281212355,0.4666797606107449,0.4598642081711871,0.477190000000002
-2.459056440354511,-1.517921065848612,-2.675149544079592,-1.360437946009876,-1.446644573483731,-1.333179124384252,-0.2451680005584104,-0.7079639858342069,-0.04458243091518805,-1.104694903299473,0.9107382776736245,-0.5740396281212355,0.4666797606107449,0.4598642081711871,0.479480000000002
-2.454273032662626,-1.532915188565301,-2.674068318849264,-1.343710422690233,-1.446644573483731,-1.321097163466044,-0.2451680005584104,-0.7079639858342069,-0.04458243091518805,-1.064433617442896,0.878451079115229,-0.5740396281212355,0.4666797606107449,0.4598642081711871,0.48228000000000193
-2.449826770378559,-1.547192669319528,-2.67224399781927,-1.346295441935999,-1.446677695311659,-1.321097163466044,-0.2286593136841517,-0.6839176183286679,-0.00695088057651794,-1.064433617442896,0.8822307359363721,-0.5740396281212355,0.4666797606107449,0.4598642081711871,0.4858300000000019
-2.448855273445863,-1.562193597842144,-2.669925069019957,-1.348354425157704,-1.446677695311659,-1.309686116075596,-0.2286593136841517,-0.6839176183286679,-0.00695088057651794,-1.024946212004907,0.9169579360631986,-0.5740396281212355,0.4666797606107449,0.4598642081711871,0.4897000000000019
-2.444833847690207,-1.574693751827404,-2.663411730317746,-1.332948066776141,-1.446677695311659,-1.309686116075596,-0.2132616996850303,-0.6839176183286679,-0.00695088057651794,-1.024946212004907,0.8970533518607315,-0.5740396281212355,0.4666797606107449,0.4598642081711871,0.49438000000000193
-2.436051976601203,-1.588410426774236,-2.659274920104322,-1.341719143103901,-1.448360016883292,-1.298871440678751,-0.2132616996850303,-0.6839176183286679,-0.00695088057651794,-0.9886033067546354,0.8980964010633651,-0.5740396281212355,0.4666797606107449,0.2926977283193718,0.4998300000000019
-2.419636872258641,-1.588410426774236,-2.659850722228729,-1.335950809485049,-1.448360016883292,-1.298871440678751,-0.1985041429510657,-0.6538225320164975,0.06328177328403553,-0.9886033067546354,0.9146542640181186,-0.5740396281212355,0.4666797606107449,0.2926977283193718,0.5056800000000019
-2.416572500415697,-1.601276778975147,-2.660699612621099,-1.335218180452947,-1.448360016883292,-1.288528623419045,-0.1838069263670702,-0.6538225320164975,0.06328177328403553,-0.9577170984311764,0.9237546949492352,-0.5740396281212355,0.4666797606107449,0.1327583707167621,0.5109600000000019
-2.426034079317904,-1.601276778975147,-2.659981183755438,-1.341994027625872,-1.451304937097231,-1.288528623419045,-0.1838069263670702,-0.6485910118075643,0.06328177328403553,-0.9577170984311764,0.9460356270883584,-0.5740396281212355,0.4666797606107449,0.3162644313059818,0.5152400000000018
-2.42636483501799,-1.604580223738989,-2.658715538022416,-1.327283567501448,-1.451304937097231,-1.278541658827025,-0.1838069263670702,-0.6485910118075643,0.06328177328403553,-0.9343275355032513,0.903723608443364,-0.5740396281212355,0.4666797606107449,0.3162644313059818,0.5185600000000018
-2.423671162321586,-1.605451161957901,-2.657087443385842,-1.317276620604262,-1.451304937097231,-1.268847314013523,-0.1685269361213828,-0.6494522253633603,0.0924721789119496,-0.9343275355032513,0.900548401354591,-0.5740396281212355,0.4666797606107449,0.3162644313059818,0.5209500000000018
-2.415983785581853,-1.607242337992125,-2.65899264736713,-1.320109249121274,-1.455006592881723,-1.268847314013523,-0.1520340857503209,-0.6494522253633603,0.0924721789119496,-0.9199715666624444,0.9098821026645847,-0.5740396281212355,0.4666797606107449,0.3162644313059818,0.5222700000000018
-2.415983785581853,-1.607434865370499,-2.660751641823618,-1.30445734982892,-1.455006592881723,-1.268847314013523,-0.1520340857503209,-0.6494522253633603,0.1156943013667136,-0.9199715666624444,0.9338460035359719,-0.5740396281212355,0.4427714092687186,0.4787175705605108,0.5227700000000017
-2.415983785581853,-1.593298237648703,-2.662334291369723,-1.315719161118238,-1.455006592881723,-1.259461478527198,-0.1520340857503209,-0.655407482491829,0.1156943013667136,-0.915458445576238,0.9483772464378983,-0.5740396281212355,0.4666797606107449,0.4787175705605108,0.5223700000000017
-2.393966660823697,-1.588865198846185,-2.662466245128309,-1.310976006998841,-1.458893321794337,-1.259461478527198,-0.1338538177528666,-0.655407482491829,0.1316732595095204,-0.915458445576238,0.972214661029287,-0.5740396281212355,0.4666797606107449,0.4787175705605108,0.5208400000000017
-2.382894340916272,-1.567373870393249,-2.659198085652003,-1.304417814283795,-1.458893321794337,-1.250481823529874,-0.1138506135185123,-0.6650727211119556,0.1316732595095204,-0.9206999704767719,0.9807829101153008,-0.5740396281212355,0.4666797606107449,0.4787175705605108,0.5181200000000017
-2.37792862257771,-1.555455733381219,-2.650742145452505,-1.303294827667814,-1.458893321794337,-1.250481823529874,-0.1138506135185123,-0.6650727211119556,0.1393949218452699,-0.9206999704767719,0.9590104288373416,-0.5740396281212355,0.4666797606107449,0.4787175705605108,0.5145200000000016
-2.339669029384705,-1.538290539533469,-2.647340861080367,-1.297405867196416,-1.462387246224611,-1.242070326455015,-0.1138506135185123,-0.676863145086939,0.1393949218452699,-0.9346677115508596,0.9404929656260362,-0.5740396281212355,0.4666797606107449,0.4787175705605108,0.5109900000000016
-2.339669029384705,-1.522392010135557,-2.642932648156314,-1.300206185369071,-1.462387246224611,-1.242070326455015,-0.09238121069562544,-0.676863145086939,0.1382004126926046,-0.9346677115508596,0.9512527908031686,-0.5740396281212355,0.4666797606107449,0.4787175705605108,0.5078500000000016
-2.339669029384705,-1.51019673047663,-2.639465459572135,-1.289413492770496,-1.462387246224611,-1.234444520975839,-0.09238121069562544,-0.676863145086939,0.1382004126926046,-0.9555078383406405,0.94136405877967,-0.5740396281212355,0.4666797606107449,0.6480836093577644,0.5047200000000016
-2.289516243962137,-1.487445297920978,-2.636505729981124,-1.303548514859768,-1.464964698537462,-1.234444520975839,-0.07036137295130918,-0.6892173863312171,0.1278952057269033,-0.9555078383406405,0.9343948286644457,-0.5740396281212355,0.4427714092687186,0.6480836093577644,0.5017300000000016
-2.282001686764863,-1.484448083308369,-2.6354778145524,-1.313659752870854,-1.464964698537462,-1.227900663969394,-0.07036137295130918,-0.6892173863312171,0.1278952057269033,-0.9807700938601676,0.9090089377244835,-0.5740396281212355,0.4188630579266939,0.6480836093577644,0.4991400000000016
-2.26193628892204,-1.482002614869542,-2.63435540004184,-1.327550545377239,-1.464964698537462,-1.227900663969394,-0.04923828781099977,-0.700828020439374,0.1088473849667081,-0.9807700938601676,0.9211105138089362,-0.5740396281212355,0.4188630579266939,0.6480836093577644,0.49676000000000153
-2.256077567495342,-1.484386024782727,-2.628216267267021,-1.31982070473554,-1.466212388929385,-1.222847582598675,-0.04923828781099977,-0.700828020439374,0.1088473849667081,-1.0076858927743,0.8904763370420042,-0.5740396281212355,0.4188630579266939,0.6480836093577644,0.4950500000000015
-2.250593345345667,-1.490228590376963,-2.624144910456089,-1.318651257374874,-1.466212388929385,-1.222847582598675,-0.03087198826754754,-0.710848906147746,0.08204543993690175,-1.0076858927743,0.8805567747181692,-0.5740396281212355,0.4188630579266939,0.6480836093577644,0.4940200000000015
-2.235739306576828,-1.502642444634095,-2.617607867524929,-1.325366299474546,-1.466212388929385,-1.21980789832055,-0.03087198826754754,-0.710848906147746,0.08204543993690175,-1.033455531005899,0.8862637742702728,-0.5740396281212355,0.4188630579266939,0.6480836093577644,0.4934100000000015
-2.209314841448618,-1.502642444634095,-2.609866514150756,-1.310061876354125,-1.465873861179298,-1.21980789832055,-0.01731292894336307,-0.7190438215329428,0.0490792552335283,-1.033455531005899,0.8825452042794857,-0.5740396281212355,0.4188630579266939,0.6480836093577644,0.49286000000000146
-2.19374768031537,-1.514113101012198,-2.601723797897654,-1.314410054885696,-1.465873861179298,-1.219370714428186,-0.01731292894336307,-0.7190438215329428,0.0490792552335283,-1.055522063796877,0.8892291235940559,-0.5740396281212355,0.4188630579266939,0.6480836093577644,0.4915400000000014
-2.189931930447124,-1.534575466168387,-2.596059078607011,-1.312325462536774,-1.465873861179298,-1.219370714428186,-0.01048762677052131,-0.7258282102957332,0.0120146921539419,-1.055522063796877,0.8884614902623811,-0.5740396281212355,0.4188630579266939,0.6480836093577644,0.4894800000000014
-2.174462729891077,-1.552479475898122,-2.593497414178016,-1.311712620870994,-1.463879937337991,-1.219370714428186,-0.01048762677052131,-0.7258282102957332,0.0120146921539419,-1.071813770212645,0.8774644513076526,-0.5740396281212355,0.4188630579266939,0.6480836093577644,0.4871300000000014
-2.157779427649051,-1.560928446223334,-2.593061618631698,-1.285928091530367,-1.463879937337991,-1.219370714428186,-0.01185984486434914,-0.7321729294376488,-0.02683048264244937,-1.071813770212645,0.8886391367927936,-0.5740396281212355,0.4188630579266939,0.6480836093577644,0.4845700000000014
-2.141521614501359,-1.560928446223334,-2.592937701008205,-1.277884024127964,-1.463879937337991,-1.228421564021904,-0.01185984486434914,-0.7321729294376488,-0.02683048264244937,-1.080942158399782,0.8863473725846194,-0.5740396281212355,0.4188630579266939,0.6480836093577644,0.4816600000000014
-2.141521614501359,-1.586203108555741,-2.596026289677876,-1.267613254115017,-1.460356374446998,-1.228421564021904,-0.02215451162319901,-0.7393806213758048,-0.06515502113606568,-1.080942158399782,0.9015938190884968,-0.5740396281212355,0.4188630579266939,0.6480836093577644,0.4786100000000014
-2.132088285239032,-1.595416827853916,-2.599341047322757,-1.252647491692632,-1.460356374446998,-1.238429904174438,-0.02215451162319901,-0.7393806213758048,-0.06515502113606568,-1.082342108034764,0.9089897804078273,-0.5740396281212355,0.4188630579266939,0.6480836093577644,0.47514000000000145
-2.135191672718792,-1.595416827853916,-2.608782652202557,-1.24261272303144,-1.460356374446998,-1.238429904174438,-0.04120515371681256,-0.748789102410418,-0.1009209872914434,-1.082342108034764,0.9104469828380048,-0.5740396281212355,0.4188630579266939,0.6480836093577644,0.4714900000000014
-2.140090140136347,-1.610894262221748,-2.608782652202557,-1.231382594463676,-1.455604728372504,-1.251772968271389,-0.04120515371681256,-0.748789102410418,-0.1009209872914434,-1.076330430069274,0.9242794248548918,-0.5740396281212355,0.4188630579266939,0.6480836093577644,0.4681000000000014
-2.14119804009104,-1.613390224815246,-2.609878614049295,-1.217472081418333,-1.455604728372504,-1.251772968271389,-0.06794046875799106,-0.7614876904806364,-0.1325404473072939,-1.076330430069274,0.9249476984410482,-0.5740396281212355,0.4188630579266939,0.6480836093577644,0.4653000000000015
-2.153981298786928,-1.614627447005109,-2.609450318040833,-1.196974890270242,-1.455604728372504,-1.251772968271389,-0.06794046875799106,-0.7614876904806364,-0.1325404473072939,-1.076330430069274,0.9253626683192708,-0.5740396281212355,0.4188630579266939,0.6480836093577644,0.4640600000000015
-2.161199441771613,-1.614113423873193,-2.608639337393775,-1.177187355649612,-1.455604728372504,-1.251772968271389,-0.1004825906761677,-0.7781231239751235,-0.1589966109433461,-1.076330430069274,0.9744927389520962,-0.5740396281212355,0.4188630579266939,0.4716475596645099,0.4646000000000015
-2.165098516665769,-1.613308675900413,-2.609205637751917,-1.163592453613778,-1.45006021359505,-1.284494771717657,-0.1004825906761677,-0.7781231239751235,-0.1589966109433461,-1.064057935948397,0.9904492108972179,-0.5740396281212355,0.4188630579266939,0.4716475596645099,0.4670000000000015
-2.165350302519315,-1.611560312591906,-2.610893687024755,-1.164001676655777,-1.45006021359505,-1.284494771717657,-0.1363242738731153,-0.7988266040277059,-0.1799123678158261,-1.064057935948397,0.9851657382959725,-0.5740396281212355,0.3949547065846675,0.4716475596645099,0.4712000000000015
-2.164446023048388,-1.608704819173925,-2.612714085460901,-1.124051015732052,-1.444237880974955,-1.300898978462265,-0.1363242738731153,-0.7988266040277059,-0.1799123678158261,-1.04735460897292,0.9972589292059343,-0.5740396281212355,0.3949547065846675,0.4716475596645099,0.4770200000000015
-2.162887873966017,-1.608704819173925,-2.619609009538828,-1.116357593359853,-1.444237880974955,-1.300898978462265,-0.1725930022474022,-0.8232525862682416,-0.1955750982755733,-1.04735460897292,1.03305227152924,-0.5740396281212355,0.3949547065846675,0.4716475596645099,0.4841500000000015
-2.162887873966017,-1.606902007978283,-2.628256705779294,-1.105129400163647,-1.444237880974955,-1.315070009039835,-0.1725930022474022,-0.8232525862682416,-0.1955750982755733,-1.028497018456187,1.037074042732356,-0.5740396281212355,0.3949547065846675,0.4716475596645099,0.4927200000000015
-2.161550979675958,-1.594949387656578,-2.631853205753758,-1.083798092866343,-1.438677828663705,-1.315070009039835,-0.2064215341472702,-0.8506903765024968,-0.206897050022384,-1.028497018456187,1.064485529151867,-0.5740396281212355,0.3949547065846675,0.4716475596645099,0.5024400000000016
-2.162825140491424,-1.583773736614019,-2.634587401790755,-1.065398477646872,-1.438677828663705,-1.315070009039835,-0.2064215341472702,-0.8506903765024968,-0.206897050022384,-1.009934416343933,1.046885059060987,-0.5740396281212355,0.3949547065846675,0.4716475596645099,0.5130700000000015
-2.171131285794873,-1.561166548994056,-2.636532120336699,-1.056778387568218,-1.438677828663705,-1.315070009039835,-0.2064215341472702,-0.8801954086392901,-0.215271605914889,-1.009934416343933,1.07877934883148,-0.5740396281212355,0.3949547065846675,0.4716475596645099,0.5243300000000015
-2.180786583572923,-1.547502945085029,-2.638783423339929,-1.059315378696213,-1.438677828663705,-1.325451103897534,-0.2064215341472702,-0.8801954086392901,-0.215271605914889,-0.9940048571849888,1.089383774860369,-0.5740396281212355,0.3949547065846675,0.4716475596645099,0.5353600000000014
-2.182911090557791,-1.53383410627115,-2.639181613022198,-1.038140720908776,-1.438677828663705,-1.325451103897534,-0.257779301599376,-0.9107056077929314,-0.2223204158368621,-0.9940048571849888,1.074958247936676,-0.5740396281212355,0.3949547065846675,0.4716475596645099,0.5455300000000014
-2.182911090557791,-1.503688516434815,-2.63914434812324,-1.060813750021327,-1.438677828663705,-1.330865176390692,-0.257779301599376,-0.9107056077929314,-0.2223204158368621,-0.9826754494519461,1.077343597866133,-0.5740396281212355,0.3949547065846675,0.4716475596645099,0.5542900000000015
-2.182784521644937,-1.490014028895433,-2.63774906966111,-1.067242086710971,-1.433892412244087,-1.330865176390692,-0.2729167735888604,-0.9411369917729365,-0.2295884691219762,-0.9826754494519461,1.083402388972772,-0.5740396281212355,0.3949547065846675,0.6292302469684764,0.5610900000000015
-2.176911208578878,-1.466393740164814,-2.632370346002302,-1.063860101034175,-1.433892412244087,-1.330656166871808,-0.2729167735888604,-0.9411369917729365,-0.2295884691219762,-0.9773456196193216,1.093941840916145,-0.5740396281212355,0.3949547065846675,0.6292302469684764,0.5661700000000015
-2.173309926831419,-1.451508814897067,-2.632370346002302,-1.069710516983989,-1.433892412244087,-1.330656166871808,-0.2729167735888604,-0.9704612548684042,-0.2382747528405837,-0.9773456196193216,1.120312316041335,-0.5740396281212355,0.3949547065846675,0.4645775487685448,0.5693900000000015
-2.173309926831419,-1.442917203691454,-2.632370346002302,-1.091373685954897,-1.433892412244087,-1.324725656730954,-0.2729167735888604,-0.9704612548684042,-0.2382747528405837,-0.9787440687033532,1.126308641397626,-0.5740396281212355,0.3949547065846675,0.4645775487685448,0.5706300000000015
-2.147159114973371,-1.431372738715126,-2.624132303308656,-1.108209024075829,-1.430312789105833,-1.324725656730954,-0.2809453854190007,-0.9977610290643628,-0.2490653644854229,-0.9787440687033532,1.171754470817023,-0.5740396281212355,0.3949547065846675,0.4645775487685448,0.5696600000000016
-2.132546069861346,-1.43439069234341,-2.619804316137789,-1.108601679135018,-1.430312789105833,-1.313497087850562,-0.2809453854190007,-0.9977610290643628,-0.2490653644854229,-0.9869234945278514,1.197018696824367,-0.5740396281212355,0.3710463552426412,0.4645775487685448,0.5666600000000016
-2.120986067798329,-1.447329007393591,-2.613803733813532,-1.138654158645665,-1.428234944749371,-1.313497087850562,-0.279413417319038,-1.022252013502571,-0.2620828899971421,-0.9869234945278514,1.192088054811187,-0.5740396281212355,0.3710463552426412,0.6221602360724756,0.5616800000000015
-2.110606847157074,-1.462527235695744,-2.601981910441597,-1.153132844497008,-1.428234944749371,-1.297830932900377,-0.279413417319038,-1.022252013502571,-0.2620828899971421,-1.001324603583713,1.248736551057568,-0.5740396281212355,0.3710463552426412,0.6221602360724756,0.5551600000000015
-2.078170480767723,-1.480451217324135,-2.592789698219175,-1.154216514170735,-1.428234944749371,-1.297830932900377,-0.279413417319038,-1.043269974381282,-0.2769229735540576,-1.001324603583713,1.233841524612125,-0.5740396281212355,0.3710463552426412,0.6221602360724756,0.5476000000000016
-2.036299031983445,-1.488889654632589,-2.585150307686184,-1.177415682461282,-1.427773192482807,-1.278866672581341,-0.279413417319038,-1.043269974381282,-0.2769229735540576,-1.020877474523922,1.252030731746284,-0.5740396281212355,0.3710463552426412,0.6221602360724756,0.5393400000000016
-2.036299031983445,-1.508903378980205,-2.582374392458136,-1.210662272956466,-1.427773192482807,-1.278866672581341,-0.2622599872615818,-1.06024062165595,-0.2927490488484646,-1.020877474523922,1.297284117547355,-0.5740396281212355,0.3471380039006148,0.4386541754832202,0.5312000000000017
-2.023970183734929,-1.517152335111774,-2.576250663898909,-1.21192067738432,-1.427773192482807,-1.257791788626586,-0.2622599872615818,-1.06024062165595,-0.2927490488484646,-1.044137042005491,1.314279948336416,-0.5740396281212355,0.3471380039006148,0.4386541754832202,0.5231900000000016
-2.011650761566231,-1.532190609074789,-2.555407785841864,-1.215855651725105,-1.428833427306256,-1.257791788626586,-0.2622599872615818,-1.072656823626652,-0.3084389714044395,-1.044137042005491,1.32806035043842,-0.5740396281212355,0.3471380039006148,0.4386541754832202,0.5158800000000017
-1.963299119888318,-1.545280514425183,-2.550244307990138,-1.230275918516812,-1.428833427306256,-1.2356165878297,-0.2622599872615818,-1.072656823626652,-0.3084389714044395,-1.069455364348317,1.326989364484582,-0.5740396281212355,0.3471380039006148,0.4386541754832202,0.5093100000000017
-1.943772509973835,-1.560061880421451,-2.534317794070022,-1.226882959949667,-1.428833427306256,-1.2356165878297,-0.2498028088641017,-1.080077681709737,-0.3227733005022437,-1.069455364348317,1.324597516466456,-0.5740396281212355,0.3471380039006148,0.4080174616006094,0.5039300000000017
-1.917141282475675,-1.579365408533214,-2.524678097633557,-1.22556102490605,-1.431116095988304,-1.213056806780586,-0.2498028088641017,-1.080077681709737,-0.3227733005022437,-1.095158057420246,1.340782968764032,-0.5740396281212355,0.3471380039006148,0.4080174616006094,0.4996300000000017
-1.899687069040734,-1.599469932845632,-2.524678097633557,-1.241382897194087,-1.431116095988304,-1.213056806780586,-0.2349149700209981,-1.082153468888168,-0.3346209398226194,-1.095158057420246,1.321339925305176,-0.5740396281212355,0.3471380039006148,0.4080174616006094,0.49671000000000165
-1.866253807963377,-1.629416283714941,-2.510429317652311,-1.24790035696314,-1.431116095988304,-1.190564243743535,-0.2349149700209981,-1.082153468888168,-0.3346209398226194,-1.119673880710536,1.339183002332097,-0.5740396281212355,0.3471380039006148,0.4080174616006094,0.4949700000000016
-1.866253807963377,-1.636471513125486,-2.503798396395438,-1.247982206796461,-1.431116095988304,-1.190564243743535,-0.2173032319661422,-1.078673487049337,-0.3430707354086723,-1.119673880710536,1.35853337438232,-0.5740396281212355,0.3471380039006148,0.4080174616006094,0.4942100000000016
-1.806713210344317,-1.64905840357078,-2.495486986746505,-1.242316720625516,-1.431116095988304,-1.168467929751085,-0.2173032319661422,-1.078673487049337,-0.3430707354086723,-1.141602052051588,1.366000307158268,-0.5740396281212355,0.3471380039006148,0.4080174616006094,0.49442000000000164
-1.806713210344317,-1.68123868042659,-2.489355874790827,-1.240569162324458,-1.434153803320987,-1.168467929751085,-0.1966650791326962,-1.069629347918913,-0.3475008463099051,-1.141602052051588,1.362429909069168,-0.5740396281212355,0.3471380039006148,0.4080174616006094,0.49519000000000163
-1.777938036997998,-1.691486980342419,-2.479425615476905,-1.232817575147697,-1.437383876482483,-1.147158292660442,-0.1966650791326962,-1.069629347918913,-0.3475008463099051,-1.159752481367269,1.350263984789618,-0.5740396281212355,0.3471380039006148,0.4080174616006094,0.4964200000000016
-1.756415687859416,-1.697403305550248,-2.462095056672856,-1.231566965401145,-1.437383876482483,-1.147158292660442,-0.1729823850756489,-1.055280443390401,-0.3476143750168511,-1.159752481367269,1.3501625638624,-0.5740396281212355,0.3471380039006148,0.4080174616006094,0.4976500000000016
-1.74024483696907,-1.701988050589067,-2.453547397678539,-1.234636302185512,-1.437383876482483,-1.127245903189494,-0.1729823850756489,-1.055280443390401,-0.3476143750168511,-1.173202459303101,1.375417385536712,-0.5740396281212355,0.3471380039006148,0.4080174616006094,0.4987500000000016
-1.719396531118295,-1.712677885493412,-2.439953684841024,-1.237348958487203,-1.440249672510738,-1.127245903189494,-0.1467210540562297,-1.036203478071853,-0.3434590923714503,-1.173202459303101,1.352046708596072,-0.5740396281212355,0.3471380039006148,0.4080174616006094,0.49969000000000163
-1.691708913826746,-1.725402661092619,-2.434984574724525,-1.251038270986959,-1.440249672510738,-1.109616137698643,-0.1467210540562297,-1.036203478071853,-0.3434590923714503,-1.18137453281262,1.365826259283457,-0.5740396281212355,0.3232296525585884,0.4080174616006094,0.5001100000000016
-1.691708913826746,-1.746466923692165,-2.434984574724525,-1.261412012987075,-1.440249672510738,-1.109616137698643,-0.118875642206578,-1.036203478071853,-0.3434590923714503,-1.18137453281262,1.377318026136663,-0.5740396281212355,0.3232296525585884,0.4080174616006094,0.49956000000000167
-1.688354029328769,-1.775848159966544,-2.42908499995414,-1.26530730786501,-1.442309739824191,-1.095324630799773,-0.118875642206578,-1.013312615575677,-0.3434590923714503,-1.184101003848106,1.371028112375935,-0.5740396281212355,0.3232296525585884,0.4080174616006094,0.49834000000000167
-1.676752172916537,-1.787056245767967,-2.4273608016426,-1.27610887942735,-1.442309739824191,-1.095324630799773,-0.09086966579413898,-0.9878401455784722,-0.3354214092149339,-1.184101003848106,1.401225426232549,-0.5740396281212355,0.3232296525585884,0.4080174616006094,0.49636000000000163
-1.668428264826268,-1.80755770685724,-2.423989152360498,-1.274469298771482,-1.442309739824191,-1.085369897194406,-0.09086966579413898,-0.9878401455784722,-0.3354214092149339,-1.181637340895445,1.419587222695791,-0.5740396281212355,0.2993213012165638,0.4080174616006094,0.49372000000000166
-1.668428264826268,-1.824839415398456,-2.415121415785092,-1.280759247123417,-1.443317507585017,-1.085369897194406,-0.06437597867895319,-0.9612642031442139,-0.3241782695342899,-1.181637340895445,1.42942799533593,-0.5740396281212355,0.2993213012165638,0.4080174616006094,0.4902100000000017
-1.651176114730801,-1.824839415398456,-2.409794757058458,-1.285192956109361,-1.443317507585017,-1.0804505979249,-0.06437597867895319,-0.9612642031442139,-0.3241782695342899,-1.174614412362926,1.43550306313117,-0.5740396281212355,0.2993213012165638,0.4080174616006094,0.48583000000000165
-1.645704209705528,-1.837803951968079,-2.409387748864248,-1.297469967758561,-1.443317507585017,-1.0804505979249,-0.04111853263226917,-0.9351855046471085,-0.3106130032525324,-1.174614412362926,1.467164305034125,-0.5740396281212355,0.2993213012165638,0.5021271621938802,0.4806500000000017
-1.640007293961721,-1.856016833415095,-2.410947800239537,-1.299280406875582,-1.443240724776514,-1.080791922167408,-0.04111853263226917,-0.9351855046471085,-0.3106130032525324,-1.163950393457795,1.48664407819615,-0.5740396281212355,0.2993213012165638,0.5021271621938802,0.4749600000000017
-1.633802475720089,-1.883951524681363,-2.424997640694368,-1.288240696775635,-1.443240724776514,-1.080791922167408,-0.02268176006546595,-0.9351855046471085,-0.2957229257361981,-1.163950393457795,1.455939985980694,-0.5740396281212355,0.2993213012165638,0.5021271621938802,0.46841000000000166
-1.633802475720089,-1.89725637487013,-2.424997640694368,-1.284865545010155,-1.443240724776514,-1.086071636286799,-0.02268176006546595,-0.9351855046471085,-0.2957229257361981,-1.163950393457795,1.408336576335551,-0.5740396281212355,0.2993213012165638,0.5021271621938802,0.4617400000000017
-1.633802475720089,-1.91799198167883,-2.426893683006466,-1.284303906341011,-1.442223665984741,-1.095459514660568,-0.01034352122984578,-0.91118525526234,-0.2805262310758838,-1.163950393457795,1.372220880294604,-0.5740396281212355,0.2993213012165638,0.5021271621938802,0.45544000000000173
-1.627261651514324,-1.925609792830167,-2.426893683006466,-1.282165352396242,-1.442223665984741,-1.095459514660568,-0.01034352122984578,-0.91118525526234,-0.2805262310758838,-1.15074945567252,1.387985826382798,-0.5740396281212355,0.2993213012165638,0.5021271621938802,0.44909000000000177
-1.62109530574801,-1.93616494915677,-2.42587921702229,-1.280594701458946,-1.442223665984741,-1.095459514660568,-0.004956611320024798,-0.890695844805896,-0.2659440014272678,-1.15074945567252,1.404179377715313,-0.5740396281212355,0.3232296525585884,0.5021271621938802,0.44292000000000176
-1.618443430105378,-1.939527569382911,-2.423987310891561,-1.252678964783499,-1.440522185462901,-1.107769753377716,-0.004956611320024798,-0.890695844805896,-0.2659440014272678,-1.136194450378046,1.421972409594416,-0.5740396281212355,0.2993213012165638,0.5021271621938802,0.43677000000000177
-1.611922934170724,-1.939253115659153,-2.43097170841204,-1.259325799914015,-1.440522185462901,-1.107769753377716,-0.006884422768598598,-0.8748841143944324,-0.2526557632302861,-1.136194450378046,1.449937080916764,-0.5740396281212355,0.2993213012165638,0.5021271621938802,0.4312700000000018
-1.60901282100592,-1.937716823441303,-2.436246944487556,-1.257310495711627,-1.440522185462901,-1.121678842522543,-0.006884422768598598,-0.8748841143944324,-0.2526557632302861,-1.121429591521128,1.467626648377903,-0.5740396281212355,0.2754129498745374,0.5021271621938802,0.42649000000000187
-1.60258994699365,-1.929108522320103,-2.436246944487556,-1.241063533161459,-1.438439749846035,-1.121678842522543,-0.01596801822479292,-0.8645367854500129,-0.2409770153388538,-1.121429591521128,1.457408715614626,-0.5740396281212355,0.2754129498745374,0.5021271621938802,0.42257000000000183
-1.594463368770422,-1.925744369015965,-2.43890592079871,-1.224544645000285,-1.438439749846035,-1.135931856514394,-0.01596801822479292,-0.8645367854500129,-0.2409770153388538,-1.107443299687171,1.450636380848555,-0.5740396281212355,0.2754129498745374,0.5021271621938802,0.41909000000000185
-1.592603080768302,-1.914724006143729,-2.441134312895138,-1.21912525435616,-1.438439749846035,-1.135931856514394,-0.031510253875306,-0.8599622343473852,-0.2308124627825781,-1.107443299687171,1.462414858172525,-0.5740396281212355,0.2754129498745374,0.5021271621938802,0.4166700000000018
-1.584799560650627,-1.909229973880275,-2.441498774676058,-1.210963760077107,-1.436277159023371,-1.149495535655543,-0.031510253875306,-0.8599622343473852,-0.2308124627825781,-1.094969652655601,1.46276075903032,-0.5740396281212355,0.2754129498745374,0.5021271621938802,0.4146800000000018
-1.579365284966951,-1.90477214356988,-2.440251415618202,-1.202907943717781,-1.436277159023371,-1.149495535655543,-0.05228261176341737,-0.860936040904069,-0.2216989008071046,-1.094969652655601,1.449898415455337,-0.5740396281212355,0.2754129498745374,0.5021271621938802,0.41272000000000186
-1.577209719034,-1.904826229345018,-2.437960743973494,-1.186064368696821,-1.436277159023371,-1.161663326414211,-0.05228261176341737,-0.860936040904069,-0.2216989008071046,-1.084413077839091,1.458809777347333,-0.5740396281212355,0.2754129498745374,-0.7426660895599904,0.4110300000000019
-1.564731697040335,-1.902271379865967,-2.437960743973494,-1.182660933299418,-1.434298020956672,-1.161663326414211,-0.07656549289613875,-0.8667027893090792,-0.2129122431485617,-1.084413077839091,1.466774942094781,-0.5740396281212355,0.2754129498745374,-0.1990608073350205,0.40964000000000195
-1.562408746080515,-1.889621013794637,-2.437960743973494,-1.179549808122512,-1.434298020956672,-1.172105161105229,-0.07656549289613875,-0.8667027893090792,-0.2129122431485617,-1.075796769841877,1.480933799239578,-0.5740396281212355,0.2754129498745374,-0.5756567210613799,0.40872000000000197
-1.557415258585328,-1.879180378503172,-2.434409952355685,-1.16347964864714,-1.434298020956672,-1.172105161105229,-0.1022408151893584,-0.8760384814339697,-0.2036043156183618,-1.075796769841877,1.472371875567904,-0.5740396281212355,0.2754129498745374,-0.3967068897162418,0.40772000000000197
-1.548064029795167,-1.848370916539092,-2.424187347304087,-1.166168794535906,-1.432707428744527,-1.180821716054907,-0.1022408151893584,-0.8760384814339697,-0.2036043156183618,-1.068756703709346,1.465098123707222,-0.5740396281212355,0.2754129498745374,-0.2367675321136322,0.406530000000002
-1.538029792506418,-1.8374601954097,-2.421217548881148,-1.166024298641127,-1.432707428744527,-1.180821716054907,-0.1269506795558597,-0.8873782819786667,-0.1929534885774277,-1.068756703709346,1.470953363618469,-0.5740396281212355,0.2754129498745374,-0.2367675321136322,0.405220000000002
-1.538029792506418,-1.832848931671716,-2.409603723427353,-1.174059170482425,-1.432707428744527,-1.187994525856963,-0.1269506795558597,-0.8873782819786667,-0.1929534885774277,-1.062615072150913,1.489882836423432,-0.5740396281212355,0.2754129498745374,-0.2367675321136322,0.4044400000000021
-1.518764663461173,-1.820487860666956,-2.400053600933366,-1.1694576910089,-1.431640757882919,-1.187994525856963,-0.1483003347648877,-0.8989955829196155,-0.1803199759446664,-1.062615072150913,1.467219113923906,-0.5740396281212355,0.2515045985325111,-0.2367675321136322,0.4033600000000021
-1.497136813899731,-1.809812351266511,-2.400053600933366,-1.174310806483904,-1.431640757882919,-1.193803990531094,-0.1483003347648877,-0.8989955829196155,-0.1803199759446664,-1.056540443398513,1.497706018676783,-0.5740396281212355,0.2515045985325111,-0.2367675321136322,0.40239000000000213
-1.475770920093801,-1.796058103180868,-2.398024660564364,-1.179048097504818,-1.431640757882919,-1.193803990531094,-0.1640620039960181,-0.909198844164522,-0.1653755170809815,-1.056540443398513,1.52330272832917,-0.5740396281212355,0.2515045985325111,-0.2367675321136322,0.4017600000000021
-1.462988759926984,-1.796058103180868,-2.390351416294354,-1.182135576632815,-1.431162101394254,-1.198314932611761,-0.1640620039960181,-0.909198844164522,-0.1653755170809815,-1.049757192212198,1.535831627024992,-0.5740396281212355,0.2515045985325111,-0.4955299309068346,0.40163000000000204
-1.451838863514411,-1.790840412437,-2.385782873465369,-1.178867495313688,-1.431162101394254,-1.198314932611761,-0.172348811680099,-0.9165160773048934,-0.1481752408556679,-1.049757192212198,1.533529557158034,-0.5740396281212355,0.2515045985325111,-1.434584489247488,0.40193000000000206
-1.43708333008054,-1.790436387120159,-2.382853856864838,-1.189746174669359,-1.431162101394254,-1.198314932611761,-0.172348811680099,-0.9165160773048934,-0.1481752408556679,-1.041740743340844,1.538928401073087,-0.5740396281212355,0.2515045985325111,-1.434584489247488,0.40224000000000204
-1.427243057568783,-1.791826097128596,-2.370992743946644,-1.204897792451996,-1.431272317972071,-1.198314932611761,-0.1717489265539908,-0.919846990589935,-0.1291729342639479,-1.041740743340844,1.545033100409651,-0.5740396281212355,0.2515045985325111,-1.434584489247488,0.4026900000000021
-1.41044255373439,-1.794710234243111,-2.370992743946644,-1.215631635039266,-1.431272317972071,-1.203102926892069,-0.1717489265539908,-0.919846990589935,-0.1291729342639479,-1.032339074376609,1.537999667080956,-0.5740396281212355,0.2515045985325111,-1.434584489247488,0.403550000000002
-1.403906406157595,-1.79428772588223,-2.367814244844754,-1.20391897409901,-1.431272317972071,-1.203102926892069,-0.1614341470563394,-0.9185684341794496,-0.1091888165373342,-1.032339074376609,1.54981948546182,-0.5740396281212355,0.2515045985325111,-1.434584489247488,0.404670000000002
-1.371238645288157,-1.794248855954589,-2.366744567020892,-1.214469196621135,-1.431923212894616,-1.203073068753961,-0.1614341470563394,-0.9185684341794496,-0.1091888165373342,-1.032339074376609,1.539052915005628,-0.5740396281212355,0.2515045985325111,-1.434584489247488,0.40541000000000194
-1.361686115522463,-1.79462327407847,-2.361766849646943,-1.217828724653879,-1.431923212894616,-1.203073068753961,-0.1412723317551822,-0.9125856444196299,-0.08930945072488769,-1.021785877030724,1.537033830352639,-0.5740396281212355,0.2275962471904847,-1.434584489247488,0.4064200000000019
-1.351932977530336,-1.781754922252261,-2.361766849646943,-1.227923354851047,-1.431923212894616,-1.203073068753961,-0.1412723317551822,-0.9125856444196299,-0.08930945072488769,-1.010610361729485,1.547563041392655,-0.5740396281212355,0.2515045985325111,-0.8297057792572604,0.40748000000000195
-1.332810036155174,-1.778014823814026,-2.361766849646943,-1.236027062486182,-1.433033266511487,-1.203073068753961,-0.1119455908790429,-0.9023258726069419,-0.07069864308672501,-1.010610361729485,1.583091013801367,-0.5740396281212355,0.2754129498745374,-0.627346356278717,0.408450000000002
-1.288778006472136,-1.75548631258724,-2.357537683479556,-1.243758760548441,-1.433033266511487,-1.197822974421908,-0.1119455908790429,-0.9023258726069419,-0.07069864308672501,-0.999489905343266,1.575444870188192,-0.5740396281212355,0.2754129498745374,-0.627346356278717,0.408980000000002
-1.288778006472136,-1.747238946304197,-2.355456124266012,-1.257741897722225,-1.433033266511487,-1.197822974421908,-0.1119455908790429,-0.8886666406912284,-0.05434657709178899,-0.999489905343266,1.561033313797813,-0.5740396281212355,0.2754129498745374,-0.627346356278717,0.408840000000002
-1.27940232878471,-1.734890646226151,-2.348181934075155,-1.276636621925207,-1.434502377575585,-1.192966388633323,-0.1119455908790429,-0.8886666406912284,-0.05434657709178899,-0.9891055754257526,1.558460448572431,-0.5740396281212355,0.2754129498745374,-0.627346356278717,0.4086200000000019
-1.275483422858469,-1.717975881243246,-2.348245261395395,-1.279719711763941,-1.434502377575585,-1.192966388633323,-0.03288849974679348,-0.8727934191680101,-0.0408366625536962,-0.9891055754257526,1.565127323416386,-0.5740396281212355,0.2754129498745374,-0.7945128361305681,0.40843000000000196
-1.268645585649894,-1.715180308086638,-2.349963827000593,-1.293204130809582,-1.434502377575585,-1.187167164671346,-0.03288849974679348,-0.8727934191680101,-0.0408366625536962,-0.9800373747938476,1.562768820633716,-0.5740396281212355,0.2754129498745374,-0.632059696876039,0.407840000000002
-1.25667107917578,-1.711432417678773,-2.350286506759571,-1.315330780414228,-1.436222841243186,-1.187167164671346,0.01144347598234172,-0.8560039829469724,-0.03021491696060688,-0.9800373747938476,1.573696569718031,-0.5740396281212355,0.2993213012165638,-0.632059696876039,0.406730000000002
-1.243329570390804,-1.711110786424647,-2.347778454913071,-1.326867039860436,-1.436222841243186,-1.187167164671346,0.01144347598234172,-0.8560039829469724,-0.03021491696060688,-0.9727048222560547,1.579785571126865,-0.5740396281212355,0.2993213012165638,-0.4650503283774643,0.405360000000002
-1.233066131264214,-1.715426155391764,-2.346904421542007,-1.353798566881858,-1.436222841243186,-1.187167164671346,0.01144347598234172,-0.8395041348763734,-0.02199656296902162,-0.9727048222560547,1.568250309092061,-0.5740396281212355,0.2993213012165638,-0.4650503283774643,0.403520000000002
-1.223736113468275,-1.724428052120677,-2.339925579533453,-1.347213577762814,-1.438083867735001,-1.180936534903278,0.01144347598234172,-0.8395041348763734,-0.02199656296902162,-0.967344355734371,1.564655352595153,-0.5740396281212355,0.2993213012165638,-0.2273408509189525,0.40121000000000195
-1.222142171234964,-1.742066334845472,-2.335047770441641,-1.371435648558743,-1.438083867735001,-1.180936534903278,0.05469777230327662,-0.8242535340015263,-0.01528651670268354,-0.967344355734371,1.521928021832792,-0.5740396281212355,0.2993213012165638,0.4692908893658668,0.398580000000002
-1.216575882092735,-1.75957416023707,-2.327300923984374,-1.372076260531678,-1.438083867735001,-1.17474194094396,0.05469777230327662,-0.8242535340015263,-0.01528651670268354,-0.9640129110695417,1.524124091016651,-0.5740396281212355,0.2993213012165638,0.4692908893658668,0.395810000000002
-1.201315660571396,-1.78199709266922,-2.318834801101765,-1.387983280781941,-1.439971435035438,-1.17474194094396,0.1257766389328888,-0.8109075100938119,-0.008961834542308594,-0.9640129110695417,1.536890835781728,-0.5740396281212355,0.2993213012165638,0.4692908893658668,0.393100000000002
-1.167341849354386,-1.805461033178319,-2.317131957824842,-1.401728327224706,-1.439971435035438,-1.168947599871964,0.1257766389328888,-0.8109075100938119,-0.008961834542308594,-0.9626070036713836,1.530219028917114,-0.5740396281212355,0.2993213012165638,0.4410108457818991,0.390110000000002
-1.162052259193113,-1.821950339561641,-2.31563690516739,-1.400087838230037,-1.439971435035438,-1.168947599871964,0.1257766389328888,-0.8109075100938119,-0.001865548085987758,-0.9626070036713836,1.524800892589671,-0.5740396281212355,0.2993213012165638,0.2622181257900015,0.386610000000002
-1.162052259193113,-1.836012530743248,-2.313381137915635,-1.386931462841458,-1.441768949513891,-1.163803126249466,0.1257766389328888,-0.799857864309636,-0.001865548085987758,-0.9628883577085504,1.466314770373194,-0.5740396281212355,0.2993213012165638,0.2622181257900015,0.382970000000002
-1.152927461202127,-1.845297498924217,-2.305450741877948,-1.391243956153092,-1.441768949513891,-1.163803126249466,0.1620916688055683,-0.7913292587416226,0.00701882269204238,-0.9628883577085504,1.435924919830401,-0.5740396281212355,0.2993213012165638,0.4198008130939322,0.379390000000002
-1.14085088026127,-1.850833637462978,-2.302182751655514,-1.391138883558855,-1.441768949513891,-1.159445074402368,0.1620916688055683,-0.7913292587416226,0.00701882269204238,-0.964509790492259,1.427141638002628,-0.5740396281212355,0.2993213012165638,0.2386514228033558,0.375700000000002
-1.134513684607594,-1.853095573760635,-2.298159472742218,-1.395126948866172,-1.443363224506613,-1.159445074402368,0.1620916688055683,-0.7854665621327152,0.00701882269204238,-0.964509790492259,1.409357334615704,-0.5740396281212355,0.2993213012165638,0.2386514228033558,0.37179000000000195
-1.127884184485719,-1.865243173993788,-2.296330552613032,-1.378899858492683,-1.443363224506613,-1.155884103017164,0.1620916688055683,-0.7854665621327152,0.00701882269204238,-0.9670391377547407,1.392496661204337,-0.5740396281212355,0.2993213012165638,0.3962341101072866,0.367940000000002
-1.123145216886938,-1.865849423432627,-2.294223733702237,-1.381389153627025,-1.443363224506613,-1.155884103017164,0.1650160344003137,-0.7823642558583848,0.03278272523886457,-0.9670391377547407,1.399955943072924,-0.5740396281212355,0.2993213012165638,0.5610439196604587,0.364040000000002
-1.111941416455705,-1.855593436419822,-2.292711585735514,-1.379257125699114,-1.444656382798774,-1.152990120455729,0.1650160344003137,-0.7823642558583848,0.03278272523886457,-0.969987786413745,1.423967935178947,-0.5740396281212355,0.2993213012165638,0.5610439196604587,0.36048000000000197
-1.098063189778949,-1.844024771475081,-2.292369367409316,-1.367833912066638,-1.444656382798774,-1.152990120455729,0.1433200909302407,-0.7823642558583848,0.05013775452467112,-0.969987786413745,1.43056776622998,-0.5740396281212355,0.2993213012165638,0.5610439196604587,0.357460000000002
-1.098063189778949,-1.835524846632724,-2.290979354209204,-1.383181744991961,-1.444656382798774,-1.150507671717404,0.1433200909302407,-0.7820372463538319,0.05013775452467112,-0.969987786413745,1.383657576470407,-0.5740396281212355,0.2993213012165638,-0.1073077770403928,0.354960000000002
-1.083985499692108,-1.835524846632724,-2.286311731729937,-1.392086029552802,-1.445578388641415,-1.150507671717404,0.1433200909302407,-0.7820372463538319,0.05013775452467112,-0.969987786413745,1.365418379758548,-0.5740396281212355,0.2993213012165638,0.05043202161677847,0.353400000000002
-1.072487838163816,-1.835524846632724,-2.281557028176014,-1.384898210267689,-1.445578388641415,-1.148117701520075,0.1433200909302407,-0.784376147338503,0.05013775452467112,-0.972855068040848,1.369834742215974,-0.5740396281212355,0.2993213012165638,0.149255062807407,0.352390000000002
-1.061367433469275,-1.826566493860549,-2.269070880402149,-1.374897907192019,-1.445578388641415,-1.145530977496617,0.1219474339103895,-0.7891298488293715,0.09281856275743237,-0.972855068040848,1.354101067151213,-0.5740396281212355,0.2754129498745374,-0.3332339030055818,0.35169000000000195
-1.046863636052432,-1.822232701140291,-2.26117415983417,-1.386214123673486,-1.446091314156666,-1.145530977496617,0.1219474339103895,-0.7891298488293715,0.09281856275743237,-0.9751883702518115,1.3395825812919,-0.5740396281212355,0.2754129498745374,-0.8509158119452271,0.351800000000002
-1.043879759478654,-1.821071841900482,-2.26117415983417,-1.390164293073707,-1.446091314156666,-1.145530977496617,0.0964859490426959,-0.7959253161181814,0.1171001799218006,-0.9751883702518115,1.340386279153735,-0.5740396281212355,0.2754129498745374,-0.8509158119452271,0.35287000000000196
-1.030117563124712,-1.817525975396924,-2.26117415983417,-1.409250939426956,-1.446091314156666,-1.142572167046775,0.0964859490426959,-0.7959253161181814,0.1171001799218006,-0.9766458859843204,1.317278123088596,-0.5740396281212355,0.2754129498745374,-0.6839064434466524,0.354340000000002
-1.02171931988011,-1.810114701965873,-2.26117415983417,-1.389522679085975,-1.446181405485146,-1.142572167046775,0.06933267795321135,-0.7959253161181814,0.1423559730637241,-0.9766458859843204,1.328928382488379,-0.5740396281212355,0.2754129498745374,-0.5167399635948015,0.35610000000000197
-1.02171931988011,-1.801762665943913,-2.257053763078546,-1.398435062631505,-1.446181405485146,-1.139214935979347,0.06933267795321135,-0.8043114569983051,0.1423559730637241,-0.9770524883295724,1.30081877884331,-0.5740396281212355,0.2754129498745374,-0.3355905733042249,0.357000000000002
-1.013059708326137,-1.792397297796437,-2.254793079443244,-1.405871410466702,-1.446181405485146,-1.139214935979347,0.04272898193814236,-0.8043114569983051,0.1423559730637241,-0.9770524883295724,1.292812072029578,-0.5740396281212355,0.2754129498745374,-0.1567978533123273,0.356360000000002
-1.013059708326137,-1.780422085184814,-2.249847241249929,-1.392281365459263,-1.445844189658027,-1.135559285180852,0.04272898193814236,-0.8138130639285129,0.1423559730637241,-0.9764446148267949,1.309384913752413,-0.5740396281212355,0.2754129498745374,0.1632379732461325,0.354070000000002
-1.001413723335778,-1.771416528218408,-2.244562364816304,-1.397469899460311,-1.445844189658027,-1.135559285180852,0.01856680849589731,-0.8138130639285129,0.1676464510296801,-0.9764446148267949,1.265980044601717,-0.5740396281212355,0.2754129498745374,-0.008484735849800024,0.34991000000000205
-0.9993908481624982,-1.766014205766347,-2.244562364816304,-1.384192466223995,-1.445844189658027,-1.131768595173562,0.01856680849589731,-0.8239854770431864,0.1676464510296801,-0.9750933377760996,1.26697458885094,-0.5740396281212355,0.2754129498745374,-0.008484735849800024,0.34440000000000204
-1.000609284728715,-1.7609771918284,-2.244562364816304,-1.386483092945414,-1.445071356486457,-1.131768595173562,-0.001713918540307083,-0.8239854770431864,0.1918837513832688,-0.9750933377760996,1.286009270481179,-0.5740396281212355,0.2754129498745374,0.3469011451886283,0.33816000000000207
-0.9991580315478417,-1.753505183216308,-2.239434901978046,-1.358755254187742,-1.445071356486457,-1.127993491528526,-0.001713918540307083,-0.8344606267631953,0.1918837513832688,-0.9734898904681647,1.281848637167735,-0.5740396281212355,0.2754129498745374,0.3469011451886283,0.33075000000000204
-0.9937939744215393,-1.748307604274332,-2.233120440120242,-1.374913777368433,-1.445071356486457,-1.127993491528526,-0.01716699291391012,-0.8449715698318484,0.2138439579187261,-0.9734898904681647,1.294422038453296,-0.5740396281212355,0.2754129498745374,-0.4273436035988526,0.32238000000000205
-0.9896831663890934,-1.737371980508196,-2.229190324758124,-1.366563918235321,-1.443845668744935,-1.124312045243654,-0.01716699291391012,-0.8449715698318484,0.2138439579187261,-0.9722863463719318,1.291038902440457,-0.5740396281212355,0.2754129498745374,-0.4273436035988526,0.31361000000000205
-0.9843231154094575,-1.728289471728248,-2.229190324758124,-1.370928993985797,-1.443845668744935,-1.124312045243654,-0.02735224419648768,-0.8553467648226414,0.2321916675924308,-0.9722863463719318,1.288798428615122,-0.5740396281212355,0.2754129498745374,-0.2249841806203093,0.3048100000000021
-0.971447597304421,-1.724551945361028,-2.226754171627017,-1.350220396068828,-1.443845668744935,-1.120707598838331,-0.02735224419648768,-0.8553467648226414,0.2321916675924308,-0.9721981788692726,1.29323915706074,-0.5740396281212355,0.2993213012165638,-0.4202735927028518,0.2974500000000021
-0.9654954333580563,-1.72103911499657,-2.22003230510942,-1.358680018712156,-1.442145967086948,-1.120707598838331,-0.03232774795347692,-0.8654785727137687,0.2455322271126937,-0.9721981788692726,1.283669532246844,-0.5740396281212355,0.2993213012165638,-0.4202735927028518,0.2924000000000021
-0.9597878686872425,-1.705635101772064,-2.21808167719048,-1.339870029705824,-1.442145967086948,-1.117089074688085,-0.03232774795347692,-0.8654785727137687,0.2455322271126937,-0.9738824400838859,1.298555362629712,-0.5740396281212355,0.2993213012165638,-0.4202735927028518,0.2901600000000021
-0.9501007758723794,-1.701002190241516,-2.21808167719048,-1.335004200653819,-1.442145967086948,-1.117089074688085,-0.03261587556151437,-0.8654785727137687,0.2524954654039564,-0.9738824400838859,1.298828708351893,-0.5740396281212355,0.2993213012165638,-0.4202735927028518,0.29055000000000203
-0.9467367803331548,-1.68676712983931,-2.21808167719048,-1.327427527181622,-1.439958459606443,-1.113344086898732,-0.03261587556151437,-0.8654785727137687,0.2524954654039564,-0.9778068634981311,1.285467620792195,-0.5740396281212355,0.2993213012165638,-0.4202735927028518,0.29350000000000204
-0.9467367803331548,-1.671777430865353,-2.216014463571913,-1.317578544674129,-1.439958459606443,-1.113344086898732,-0.02912344345854869,-0.8752739391192724,0.2518524672816821,-0.9778068634981311,1.309477511291261,-0.5740396281212355,0.2993213012165638,-0.262690905398921,0.29851000000000205
-0.9408067257232052,-1.666004386145015,-2.211957305255518,-1.311211338068266,-1.439958459606443,-1.109406096664319,-0.02912344345854869,-0.8752739391192724,0.2518524672816821,-0.9841332022246031,1.307645114944832,-0.5740396281212355,0.2993213012165638,-0.4556236471828203,0.305530000000002
-0.9370239286751322,-1.628202256332835,-2.205989476286386,-1.310528488179152,-1.437285696641427,-1.109406096664319,-0.02300003832433077,-0.884593809530435,0.242676004372953,-0.9841332022246031,1.309006406695125,-0.5740396281212355,0.2993213012165638,-0.8933358773211608,0.313910000000002
-0.9356010402853596,-1.621757362569705,-2.207197238432241,-1.297443746332289,-1.437285696641427,-1.105308531451754,-0.02300003832433077,-0.884593809530435,0.242676004372953,-0.9926453234466669,1.302083681896005,-0.5740396281212355,0.2993213012165638,-0.7261693974693456,0.32332000000000205
-0.932115376791958,-1.615432061157833,-2.207197238432241,-1.301802960814873,-1.437285696641427,-1.105308531451754,-0.01545254721028599,-0.8931994413765535,0.2245372150585097,-0.9926453234466669,1.307386545241087,-0.5740396281212355,0.2993213012165638,-0.2509075539055981,0.33332000000000206
-0.9296591383109316,-1.603609489938871,-2.20744225156067,-1.292123959534708,-1.43414716100207,-1.101199834506162,-0.01545254721028599,-0.8931994413765535,0.2245372150585097,-1.002741318254517,1.298520068990818,-0.5740396281212355,0.2993213012165638,-0.9544521937331777,0.3427300000000021
-0.9296591383109316,-1.586718203022662,-2.204251458018101,-1.298229300922741,-1.43414716100207,-1.101199834506162,-0.007563688019541046,-0.9007316535254931,0.1976838819749416,-1.002741318254517,1.318989812129412,-0.5740396281212355,0.2993213012165638,-2.03694941758576,0.350990000000002
-0.9296591383109316,-1.584359535747432,-2.199850444842933,-1.289811276388097,-1.43414716100207,-1.097324949540688,-0.007563688019541046,-0.9007316535254931,0.1976838819749416,-1.013487072332677,1.29061521000559,-0.5740396281212355,0.2993213012165638,-1.761690326701913,0.357600000000002
-0.9220065018453053,-1.582117043520518,-2.188715547190327,-1.294171197396238,-1.430572816450712,-1.097324949540688,-0.0001539631228439816,-0.9067360091759756,0.1631133221943661,-1.013487072332677,1.275122647429332,-0.5740396281212355,0.2993213012165638,-1.761690326701913,0.36291000000000206
-0.9188542001857298,-1.595633759477229,-2.185715813504295,-1.292821303406482,-1.430572816450712,-1.094005790920498,-0.0001539631228439816,-0.9067360091759756,0.1631133221943661,-1.023714189988651,1.273615089033757,-0.5740396281212355,0.3232296525585884,-1.761690326701913,0.3662600000000021
-0.9155230479245011,-1.601552570751059,-2.182540962291582,-1.274186396249716,-1.430572816450712,-1.094005790920498,0.006304302888353314,-0.9107234163367458,0.1224827410538734,-1.023714189988651,1.276594153810956,-0.5740396281212355,0.3232296525585884,-1.46993454372742,0.36740000000000206
-0.9118784640503542,-1.607679189103626,-2.182540962291582,-1.259585420339619,-1.4265946356687,-1.091633318749145,0.006304302888353314,-0.9107234163367458,0.1224827410538734,-1.032138237755368,1.299810854337538,-0.5740396281212355,0.3232296525585884,-1.302768063875569,0.36658000000000207
-0.9081463168412733,-1.613474441371314,-2.174939665007792,-1.260730600385664,-1.4265946356687,-1.091633318749145,0.0117206389636993,-0.9122374682726643,0.07788978760225519,-1.032138237755368,1.275933438135727,-0.5740396281212355,0.3232296525585884,-1.94990972788849,0.3644900000000021
-0.905021622771598,-1.620707467073264,-2.172917900655012,-1.250614191036719,-1.4265946356687,-1.090662536530098,0.0117206389636993,-0.9122374682726643,0.07788978760225519,-1.037473397982576,1.287664292391406,-0.5740396281212355,0.3232296525585884,-2.107649526545661,0.36129000000000205
-0.905021622771598,-1.622676414546504,-2.177820498628043,-1.245483239016013,-1.422240270095652,-1.090662536530098,0.01634828212378998,-0.9109047476969149,0.03162702962763337,-1.037473397982576,1.314446917442466,-0.5740396281212355,0.3232296525585884,-1.94990972788849,0.3572700000000021
-0.9033129532801127,-1.629230701791871,-2.182394834267246,-1.229099956048422,-1.422240270095652,-1.091606208391664,0.01634828212378998,-0.9109047476969149,0.03162702962763337,-1.038530561129619,1.32678334343029,-0.5740396281212355,0.3232296525585884,-1.399234434767519,0.35301000000000204
-0.9045114424910591,-1.635851365539554,-2.182394834267246,-1.215531089443806,-1.422240270095652,-1.091606208391664,0.01634828212378998,-0.906470440749975,-0.01399927424579673,-1.038530561129619,1.364051819440988,-0.5740396281212355,0.3232296525585884,-1.227511725671622,0.348830000000002
-0.9073810398694517,-1.635696811393628,-2.184822483369511,-1.208081661036795,-1.417531437548938,-1.095014870759239,0.02065920961957466,-0.906470440749975,-0.01399927424579673,-1.03430134315659,1.385570607711483,-0.5740396281212355,0.3232296525585884,-1.846373346100539,0.34524000000000205
-0.9073744474677193,-1.628056937135922,-2.192154997321784,-1.187716766911011,-1.417531437548938,-1.095014870759239,0.02517021072761822,-0.8988320749368304,-0.05675996373834798,-1.03430134315659,1.380938339846191,-0.5740396281212355,0.3232296525585884,-2.018253166549712,0.341610000000002
-0.9067772042235014,-1.622204685281776,-2.191054287876566,-1.182406727989158,-1.417531437548938,-1.101418344148087,0.02517021072761822,-0.8988320749368304,-0.05675996373834798,-1.024042050061546,1.361847451323199,-0.5740396281212355,0.3232296525585884,-2.018253166549712,0.33869000000000204
-0.9068760615833175,-1.612855222578851,-2.185739015277222,-1.18551188652693,-1.412487125863501,-1.101418344148087,0.03030396783184737,-0.8880678781510083,-0.09453332279197037,-1.024042050061546,1.364823367373675,-0.5740396281212355,0.3471380039006148,-2.018253166549712,0.336840000000002
-0.9068760615833175,-1.594066018543951,-2.184661911269698,-1.187382476331589,-1.412487125863501,-1.111219520507441,0.03030396783184737,-0.8880678781510083,-0.09453332279197037,-1.007371962706383,1.394642684696646,-0.5740396281212355,0.3471380039006148,-1.072128597313094,0.33612000000000203
-0.9068760615833175,-1.58312495588118,-2.1825784408315,-1.171926718018964,-1.412487125863501,-1.111219520507441,0.03634834295472469,-0.8744530178603105,-0.125335904582131,-1.007371962706383,1.391615333672837,-0.5740396281212355,0.3471380039006148,-1.288628042083603,0.336220000000002
-0.9080871096568212,-1.576124338089755,-2.182135704878828,-1.159298690645358,-1.407129619960469,-1.111219520507441,0.03634834295472469,-0.8744530178603105,-0.125335904582131,-0.9843850047619971,1.366744075246136,-0.5740396281212355,0.3471380039006148,-1.076841937910416,0.337090000000002
-0.9141881032012452,-1.570588666661868,-2.180565589315867,-1.175258024960388,-1.407129619960469,-1.111219520507441,0.04351183022711427,-0.8584721707142313,-0.1474110510944274,-0.9843850047619971,1.385878251381339,-0.5740396281212355,0.3471380039006148,-1.279201360888959,0.33869000000000204
-0.9224634798784346,-1.572456429451388,-2.175875428672683,-1.175483590062781,-1.407129619960469,-1.124561617473987,0.04351183022711427,-0.8584721707142313,-0.1474110510944274,-0.9843850047619971,1.353487967469826,-0.5740396281212355,0.3471380039006148,-1.474647884324742,0.34096000000000204
-0.9243104855830632,-1.582848739942214,-2.175875428672683,-1.157593760077904,-1.401493269948637,-1.124561617473987,0.05202827547058794,-0.8408236469555818,-0.1593903903806304,-0.9843850047619971,1.317266803622577,-0.5740396281212355,0.3471380039006148,-1.707486909832656,0.34357000000000204
-0.9301856495588561,-1.591916600683281,-2.175875428672683,-1.15115857893345,-1.401493269948637,-1.160519875978602,0.05202827547058794,-0.8408236469555818,-0.1593903903806304,-0.9557552250305983,1.319126887647751,-0.5740396281212355,0.3471380039006148,0.2926977283193718,0.345870000000002
-0.9247558951986403,-1.59850672927441,-2.170798734685462,-1.152951811059201,-1.401493269948637,-1.160519875978602,0.06224591639152786,-0.8223816413583307,-0.1604915837512008,-0.9557552250305983,1.313716082097281,-0.5740396281212355,0.3471380039006148,0.2926977283193718,0.348700000000002
-0.9247558951986403,-1.608635641632004,-2.169223578902508,-1.145169232209626,-1.39563899684203,-1.181422741390052,0.07462873199116242,-0.8223816413583307,-0.1604915837512008,-0.9228042219674544,1.321266473388681,-0.5740396281212355,0.3471380039006148,0.4716475596645099,0.35155000000000197
-0.9227970339951274,-1.627095462449926,-2.169223578902508,-1.135266352051386,-1.39563899684203,-1.181422741390052,0.07462873199116242,-0.8041029344249689,-0.1506925522903607,-0.9228042219674544,1.349992891385154,-0.5740396281212355,0.3471380039006148,0.4716475596645099,0.354480000000002
-0.9243811108823474,-1.637956883463508,-2.165077369866789,-1.119948199505382,-1.39563899684203,-1.202549896794441,0.07462873199116242,-0.8041029344249689,-0.1506925522903607,-0.852274603311631,1.364747512414481,-0.5740396281212355,0.3471380039006148,0.4716475596645099,0.357070000000002
-0.926048603820492,-1.638380750452727,-2.165003812604393,-1.120327263238453,-1.389674959011422,-1.202549896794441,0.0896408951019136,-0.7869122004544289,-0.1308375308750003,-0.852274603311631,1.371738898152367,-0.5740396281212355,0.3471380039006148,0.4716475596645099,0.359280000000002
-0.9269605898438372,-1.635433103666765,-2.164663519449497,-1.107849715645033,-1.389674959011422,-1.202549896794441,0.0896408951019136,-0.7869122004544289,-0.1308375308750003,-0.852274603311631,1.397481552010823,-0.5740396281212355,0.3471380039006148,-0.5638733695680571,0.36087000000000197
-0.9262214319365691,-1.626121627937905,-2.164119483747262,-1.10154775179723,-1.389674959011422,-1.202549896794441,0.1075735870635885,-0.7716013663243123,-0.1026502859214963,-0.852274603311631,1.400633155208924,-0.5740396281212355,0.3471380039006148,-0.4061335709108858,0.361800000000002
-0.9252400585657918,-1.61022244973309,-2.163619459768275,-1.107161178289581,-1.383776539823881,-1.239230425613519,0.1075735870635885,-0.7716013663243123,-0.1026502859214963,-0.8199038848544254,1.394440339032335,-0.5740396281212355,0.3471380039006148,-0.01791141704444401,0.362220000000002
-0.9250180884117333,-1.586200313650582,-2.163550223289329,-1.095254873477653,-1.383776539823881,-1.239230425613519,0.1284077562834753,-0.7587405218648359,-0.06862874718941371,-0.8199038848544254,1.426153251218112,-0.5740396281212355,0.3471380039006148,0.4268708239899331,0.362320000000002
-0.9281598805385997,-1.57846352387935,-2.159652043820437,-1.103689543136913,-1.383776539823881,-1.239230425613519,0.1284077562834753,-0.7587405218648359,-0.06862874718941371,-0.7930989454582177,1.455200560450489,-0.5740396281212355,0.3471380039006148,0.2410080931020347,0.36250000000000193
-0.9311995146646629,-1.561934665171907,-2.159652043820437,-1.107620176247103,-1.378195213213326,-1.239230425613519,0.1284077562834753,-0.7485909992159641,-0.03180218927426137,-0.7930989454582177,1.46642508069013,-0.5740396281212355,0.3471380039006148,0.212728049518067,0.36215000000000197
-0.9278671186187283,-1.530618043866248,-2.156314972889342,-1.109678237370236,-1.378195213213326,-1.25182975622566,0.1284077562834753,-0.7485909992159641,-0.03180218927426137,-0.7742553605737149,1.477200553416081,-0.5740396281212355,0.3471380039006148,0.212728049518067,0.36191000000000195
-0.9118930234868775,-1.508849963237227,-2.152503629435164,-1.113003803493084,-1.378195213213326,-1.25182975622566,0.1768927381281905,-0.7410454673895569,0.004622282246476247,-0.7742553605737149,1.496680852399266,-0.5740396281212355,0.3471380039006148,0.1820913356354562,0.36158000000000196
-0.9073807809924728,-1.485872984176241,-2.146035591201024,-1.126244454728087,-1.37324926446255,-1.259166113136858,0.1768927381281905,-0.7410454673895569,0.004622282246476247,-0.765168116445138,1.516260394644564,-0.5740396281212355,0.3471380039006148,-0.5992234240480256,0.36164000000000196
-0.902121677444697,-1.471522054348488,-2.133543866461447,-1.127063876350394,-1.37324926446255,-1.259166113136858,0.2028153734160963,-0.7356323822739365,0.03764585968435415,-0.765168116445138,1.548873978680521,-0.5740396281212355,0.3471380039006148,-1.003942270005112,0.362170000000002
-0.8891841019490144,-1.449373059747227,-2.130427015704362,-1.141593874377277,-1.37324926446255,-1.260837899103781,0.2028153734160963,-0.7356323822739365,0.03764585968435415,-0.7668309266275224,1.56116453016071,-0.5740396281212355,0.3471380039006148,-1.069771927014415,0.36372000000000193
-0.8636481652273278,-1.442650289171578,-2.130427015704362,-1.151042887214004,-1.369295010676779,-1.260837899103781,0.2028153734160963,-0.7315904759720873,0.06480849569586103,-0.7668309266275224,1.564244224960589,-0.5740396281212355,0.3471380039006148,-1.401591105066198,0.3661500000000019
-0.8536879185289142,-1.438839132362868,-2.118740967967129,-1.171662564996042,-1.369295010676779,-1.25707593266443,0.2028153734160963,-0.7315904759720873,0.06480849569586103,-0.7793361055997168,1.56069426973886,-0.5740396281212355,0.3471380039006148,-1.211015033580978,0.3687600000000019
-0.8536879185289142,-1.437493914205931,-2.109437589898478,-1.180391580204669,-1.369295010676779,-1.25707593266443,0.2283685956856289,-0.727992044069163,0.06480849569586103,-0.7793361055997168,1.559670506513205,-0.5740396281212355,0.3471380039006148,-1.211015033580978,0.3714700000000019
-0.810053528558126,-1.435872962602898,-2.109437589898478,-1.208579227512799,-1.366681902144513,-1.248659071329654,0.2283685956856289,-0.727992044069163,0.06480849569586103,-0.8018902992111213,1.518420122862335,-0.5740396281212355,0.3471380039006148,-1.211015033580978,0.3742500000000019
-0.7990890317554822,-1.432380718753306,-2.109437589898478,-1.226540506249892,-1.366681902144513,-1.248659071329654,0.2736946176284538,-0.72389144294221,0.09553513715337564,-0.8018902992111213,1.512487940631194,-0.5740396281212355,0.3471380039006148,-1.211015033580978,0.37729000000000196
-0.7990890317554822,-1.435902452296864,-2.099661546601679,-1.253463083438751,-1.366681902144513,-1.236712293233979,0.2736946176284538,-0.72389144294221,0.09553513715337564,-0.832950260306495,1.5397621642732,-0.5740396281212355,0.3471380039006148,-1.211015033580978,0.37954000000000193
-0.752264511353118,-1.455362053970302,-2.076930514209444,-1.249024917805046,-1.365700090669706,-1.236712293233979,0.2915518123213224,-0.7184732437281478,0.09809365354500196,-0.832950260306495,1.554547040164885,-0.5740396281212355,0.3471380039006148,-1.211015033580978,0.38148000000000193
-0.7148773477501552,-1.469336825990094,-2.068955348545573,-1.266440825489977,-1.365700090669706,-1.222478542576275,0.2915518123213224,-0.7184732437281478,0.09809365354500196,-0.8704556662042615,1.575103606223284,-0.5740396281212355,0.3471380039006148,-1.211015033580978,0.38306000000000195
-0.7148773477501552,-1.477060284188451,-2.049627918696612,-1.288101954890244,-1.365700090669706,-1.222478542576275,0.2915518123213224,-0.7111750251168193,0.09809365354500196,-0.8704556662042615,1.573717478737609,-0.5740396281212355,0.3471380039006148,-1.211015033580978,0.38417000000000195
-0.7090391439320193,-1.488930891188794,-2.049627918696612,-1.289757658733477,-1.36653245447511,-1.207155845851476,0.2915518123213224,-0.7111750251168193,0.09809365354500196,-0.9121033402734151,1.565312414355196,-0.5740396281212355,0.3471380039006148,-1.032065202235804,0.3842900000000019
-0.6818543157195627,-1.511158878704519,-2.045581530832494,-1.307689833834087,-1.36653245447511,-1.207155845851476,0.3054593269769995,-0.7017705849067655,0.09260742523934784,-0.9121033402734151,1.547204601499042,-0.5740396281212355,0.3232296525585884,-1.032065202235804,0.38352000000000197
-0.6818543157195627,-1.520235867692342,-2.037396598962207,-1.317127372442067,-1.36653245447511,-1.19181101097248,0.3054593269769995,-0.7017705849067655,0.09260742523934784,-0.9556018806542097,1.526277571944099,-0.5740396281212355,0.3232296525585884,-1.032065202235804,0.382640000000002
-0.6480041099410195,-1.536785091956832,-2.037396598962207,-1.327783764564582,-1.369220366082815,-1.19181101097248,0.3153311076682146,-0.6904049601880254,0.08010334590852174,-0.9556018806542097,1.516641304021552,-0.5740396281212355,0.2993213012165638,-1.032065202235804,0.38180000000000197
-0.6391669781071506,-1.551907526646217,-2.02567978396804,-1.319542255697941,-1.369220366082815,-1.177317913959494,0.3153311076682146,-0.6904049601880254,0.08010334590852174,-0.9988672676489856,1.526115226953554,-0.5740396281212355,0.2993213012165638,-1.032065202235804,0.38069000000000197
-0.6391669781071506,-1.56399798462599,-2.015890504736303,-1.325082026951841,-1.369220366082815,-1.177317913959494,0.3214297875575532,-0.6775756727798196,0.06195827248591351,-0.9988672676489856,1.527015262416751,-0.5740396281212355,0.2993213012165638,-1.032065202235804,0.37952000000000197
-0.607194318025191,-1.587616446333322,-2.005642659184522,-1.314186546905491,-1.373647259526619,-1.164289760756714,0.3214297875575532,-0.6775756727798196,0.06195827248591351,-1.040141897110371,1.523758885827271,-0.5740396281212355,0.2993213012165638,-1.032065202235804,0.379370000000002
-0.6007475603603812,-1.599563849920519,-2.002169268954189,-1.326104833226726,-1.373647259526619,-1.164289760756714,0.3242883822111161,-0.6640673199868079,0.0397928754753663,-1.040141897110371,1.512720238918168,-0.5740396281212355,0.2993213012165638,-1.032065202235804,0.37961000000000195
-0.6007475603603812,-1.603361926084822,-1.998669562249613,-1.326697011293842,-1.373647259526619,-1.153025361568555,0.3242883822111161,-0.6640673199868079,0.0397928754753663,-1.078035020442636,1.510225782906473,-0.5740396281212355,0.2993213012165638,-1.032065202235804,0.37972000000000194
-0.6007475603603812,-1.606969646387705,-2.000528989948228,-1.317812218368122,-1.379541548195771,-1.153025361568555,0.3245977788494802,-0.6508553206408653,0.01541161253094426,-1.078035020442636,1.494880573690573,-0.5740396281212355,0.2754129498745374,-1.032065202235804,0.379970000000002
-0.6007475603603812,-1.610315986223335,-2.002553397311601,-1.329491798609517,-1.379541548195771,-1.143499056963309,0.3245977788494802,-0.6508553206408653,0.01541161253094426,-1.111501273382439,1.488963349061852,-0.5740396281212355,0.2754129498745374,-1.032065202235804,0.3805900000000019
-0.5866090733206903,-1.62006194235362,-2.002553397311601,-1.318016747018884,-1.379541548195771,-1.143499056963309,0.3230867261313158,-0.6508553206408653,-0.009245027492519873,-1.111501273382439,1.502662916916992,-0.5740396281212355,0.2754129498745374,-0.8650558337372289,0.3816300000000019
-0.5809063717714321,-1.624509993797254,-2.004225916324758,-1.310270808917858,-1.386498201766202,-1.135405863458983,0.3230867261313158,-0.6508553206408653,-0.009245027492519873,-1.139791023645036,1.505476002026426,-0.5740396281212355,0.2754129498745374,-0.8650558337372289,0.3829100000000019
-0.5816975540080312,-1.628727538125817,-2.003577512914677,-1.311369911193143,-1.386498201766202,-1.135405863458983,0.3204292324690137,-0.6294344581474429,-0.03218402634664572,-1.139791023645036,1.50376435183993,-0.5740396281212355,0.2754129498745374,-0.8650558337372289,0.3843000000000019
-0.5854978556796441,-1.632037063893371,-2.003577512914677,-1.31517447996088,-1.386498201766202,-1.128261703601972,0.3204292324690137,-0.6294344581474429,-0.03218402634664572,-1.162406648212121,1.497971007805629,-0.5740396281212355,0.2754129498745374,-0.8650558337372289,0.3863000000000019
-0.5914362464698097,-1.635955336573017,-2.002497378612699,-1.311511882073334,-1.394014210637992,-1.128261703601972,0.3171989859168685,-0.6294344581474429,-0.05151284405751597,-1.162406648212121,1.495172804383247,-0.5740396281212355,0.2754129498745374,-0.8650558337372289,0.3886300000000019
-0.6008609102888258,-1.643317551337816,-1.999829250378413,-1.304036871770091,-1.394014210637992,-1.121541326575686,0.3171989859168685,-0.6294344581474429,-0.05151284405751597,-1.179080801986956,1.514634298563559,-0.5740396281212355,0.2754129498745374,-0.8650558337372289,0.3908400000000019
-0.6052698247692725,-1.647372955117955,-1.997587802247875,-1.29471980126462,-1.394014210637992,-1.121541326575686,0.3138772131593465,-0.6198606921016184,-0.06565865853705473,-1.179080801986956,1.522963702737485,-0.5740396281212355,0.2754129498745374,-0.7004031355372973,0.3927400000000019
-0.5946790273106947,-1.660166611992309,-1.998205058776739,-1.291426364088279,-1.401531158926268,-1.114810197274245,0.3138772131593465,-0.6198606921016184,-0.06565865853705473,-1.189770292699108,1.530361203271701,-0.5740396281212355,0.2754129498745374,-0.7004031355372973,0.3945700000000019
-0.5893226856104647,-1.669352633445353,-2.006172273915178,-1.29595702427252,-1.401531158926268,-1.114810197274245,0.3109049608529095,-0.6198606921016184,-0.07359397685272366,-1.189770292699108,1.517605469850171,-0.5740396281212355,0.2754129498745374,-0.5403066665814471,0.3959400000000019
-0.5893226856104647,-1.688497408206953,-2.010310262438735,-1.291546170589898,-1.401531158926268,-1.10780501014283,0.3109049608529095,-0.6198606921016184,-0.07359397685272366,-1.194648828411229,1.503095289510221,-0.5740396281212355,0.2754129498745374,-0.5403066665814471,0.3968900000000019
-0.5893226856104647,-1.691549862558488,-2.019742658085772,-1.276363468668301,-1.408480628009182,-1.10780501014283,0.3087377908794768,-0.6201312106109447,-0.07497109370568733,-1.194648828411229,1.502482365718078,-0.5740396281212355,0.2754129498745374,-0.2132008291269865,0.3975000000000019
-0.5888234128807065,-1.691840264968537,-2.029137734093653,-1.289097325047132,-1.408480628009182,-1.100449430391056,0.3087377908794768,-0.6201312106109447,-0.07497109370568733,-1.194089307773509,1.512628490338299,-0.5740396281212355,0.2754129498745374,-0.2132008291269865,0.3975100000000019
-0.5889934109070628,-1.68737626189276,-2.043541525135875,-1.295118950652565,-1.408480628009182,-1.092826160142887,0.3078480654970239,-0.6232962261549148,-0.07009687539190274,-1.194089307773509,1.513498383904297,-0.5740396281212355,0.2754129498745374,-0.4014202303135638,0.3970000000000019
-0.5889934109070628,-1.684068268724119,-2.044528837652372,-1.270062368487562,-1.414332136764327,-1.092826160142887,0.3078480654970239,-0.6232962261549148,-0.07009687539190274,-1.188638694121352,1.521058921076559,-0.5740396281212355,0.2754129498745374,-0.6015800943466687,0.39558000000000193
-0.5939629754813367,-1.675344824179836,-2.045529265216741,-1.268096246502847,-1.414332136764327,-1.092826160142887,0.3086586514902332,-0.6286682516211353,-0.05976324830754459,-1.188638694121352,1.528716273988901,-0.5740396281212355,0.2754129498745374,-0.2273408509189525,0.3932600000000019
-0.5975244389748195,-1.679748147395272,-2.049197672909849,-1.2642242386284,-1.414332136764327,-1.085134227507646,0.3086586514902332,-0.6286682516211353,-0.05976324830754459,-1.178990870149138,1.524364937906932,-0.5740396281212355,0.2754129498745374,-0.1754941043483748,0.38991000000000187
-0.6042298086553611,-1.6885548119934,-2.060177764613998,-1.254946900804185,-1.418643936080563,-1.085134227507646,0.3114442713947334,-0.6355006498079532,-0.04501614143320887,-1.178990870149138,1.537475701664504,-0.5740396281212355,0.2754129498745374,-0.001414724953799174,0.3863800000000019
-0.6138667593399787,-1.687449374045998,-2.060177764613998,-1.242828615910903,-1.418643936080563,-1.077641089713239,0.3114442713947334,-0.6355006498079532,-0.04501614143320887,-1.165956591904404,1.507376349360926,-0.5740396281212355,0.2993213012165638,0.1915180168301001,0.38304000000000193
-0.6287163820733145,-1.678580226603789,-2.060177764613998,-1.241950322384249,-1.418643936080563,-1.077641089713239,0.3162584922109158,-0.6431279694296996,-0.02694788352664704,-1.165956591904404,1.475972777121019,-0.5740396281212355,0.2993213012165638,0.3704678481752383,0.3803100000000019
-0.6377136908411757,-1.67191549523344,-2.066058147543435,-1.233031200133879,-1.421112251568603,-1.070630489436135,0.3162584922109158,-0.6431279694296996,-0.02694788352664704,-1.165956591904404,1.478481760896342,-0.5740396281212355,0.2993213012165638,0.212728049518067,0.37810000000000193
-0.6382254712420499,-1.670578656508718,-2.074542557244394,-1.232530571939493,-1.421112251568603,-1.070630489436135,0.3229274393428161,-0.6510338856342288,-0.006552230689254957,-1.165956591904404,1.472654098501729,-0.5740396281212355,0.2993213012165638,0.212728049518067,0.37634000000000195
-0.6409346742444856,-1.672542865297476,-2.074439131219646,-1.223272198198101,-1.421112251568603,-1.064368725724865,0.3229274393428161,-0.6510338856342288,-0.006552230689254957,-1.150423430309787,1.460111919778903,-0.5740396281212355,0.3232296525585884,0.212728049518067,0.3750300000000019
-0.6592678726937417,-1.683709421289185,-2.073420585891191,-1.213640625662491,-1.421608819714332,-1.064368725724865,0.3311072010401146,-0.658836632144121,0.01536702467386474,-1.150423430309787,1.459359826974091,-0.5740396281212355,0.3232296525585884,0.3915207695099646,0.3739300000000019
-0.6706904398890027,-1.690133315713573,-2.073968180496895,-1.214429596273745,-1.421608819714332,-1.059115001468615,0.3311072010401146,-0.658836632144121,0.01536702467386474,-1.133298154591115,1.461359312819933,-0.5740396281212355,0.3232296525585884,0.3186211016046606,0.3735200000000019
-0.6830445254459679,-1.689200784459986,-2.078731376876155,-1.210743458616051,-1.421608819714332,-1.059115001468615,0.3403560004611158,-0.6662160429631586,0.03825324073196432,-1.133298154591115,1.458922652171232,-0.5740396281212355,0.3471380039006148,0.4763609002618319,0.3739500000000019
-0.6830445254459679,-1.685611009764038,-2.087904822998359,-1.205361973896459,-1.420196245466721,-1.059115001468615,0.3403560004611158,-0.6662160429631586,0.03825324073196432,-1.115432049156677,1.459475297606334,-0.5740396281212355,0.3471380039006148,0.4763609002618319,0.37543000000000193
-0.6890974553275037,-1.682543140931267,-2.092619602140353,-1.194936431275291,-1.420196245466721,-1.059115001468615,0.3501609508129117,-0.6728327763243245,0.06181554275825659,-1.115432049156677,1.461756284601525,-0.5740396281212355,0.3471380039006148,0.4763609002618319,0.3775300000000019
-0.7099201160249847,-1.670350230982022,-2.092619602140353,-1.184687316674425,-1.420196245466721,-1.052836881277169,0.3501609508129117,-0.6728327763243245,0.06181554275825659,-1.097542825217537,1.467054805161101,-0.5740396281212355,0.3710463552426412,0.6410135984617635,0.3799600000000019
-0.7236406546421132,-1.646620185329196,-2.101764931725673,-1.189908526269136,-1.417116099412691,-1.052836881277169,0.3599087866327913,-0.6782809065165425,0.08599809213995864,-1.097542825217537,1.464946648480038,-0.5740396281212355,0.3710463552426412,0.6410135984617635,0.3822200000000019
-0.7397220412590892,-1.643652574678069,-2.106501068325106,-1.192944477927129,-1.417116099412691,-1.052505986946904,0.3599087866327913,-0.6782809065165425,0.08599809213995864,-1.080155515885021,1.472283860644959,-0.5740396281212355,0.3710463552426412,0.4740042299631888,0.38421000000000183
-0.7459069877849264,-1.635804683566716,-2.111767671585662,-1.177087590119193,-1.417116099412691,-1.052505986946904,0.3688593717905448,-0.6820818749460409,0.1109096189083076,-1.080155515885021,1.466643106609282,-0.5740396281212355,0.3710463552426412,0.6339435875657984,0.3855200000000018
-0.7591983721196588,-1.619171622726154,-2.111767671585662,-1.193106949100456,-1.417116099412691,-1.05448874272428,0.3688593717905448,-0.6820818749460409,0.1109096189083076,-1.063582500357713,1.459184280410425,-0.5740396281212355,0.3710463552426412,0.6339435875657984,0.3863300000000018
-0.7728096329326294,-1.610111866304798,-2.117558076357223,-1.196901415838497,-1.417116099412691,-1.05448874272428,0.3761832827832365,-0.6837159144875343,0.1367320819579939,-1.063582500357713,1.459359972490137,-0.5740396281212355,0.3710463552426412,0.6339435875657984,0.38686000000000176
-0.7792927529633035,-1.603469227327054,-2.120512903119643,-1.182578940293436,-1.417116099412691,-1.05448874272428,0.3761832827832365,-0.6837159144875343,0.1367320819579939,-1.047951239820154,1.450390709749061,-0.5740396281212355,0.3710463552426412,0.6339435875657984,0.38630000000000175
-0.7853145969444394,-1.592308333269114,-2.122282864903398,-1.199027915175829,-1.412752041516498,-1.05448874272428,0.3810609768261012,-0.6826981215500492,0.1636272681109261,-1.047951239820154,1.425303335859254,-0.5740396281212355,0.3710463552426412,0.6339435875657984,0.38445000000000173
-0.7954247130882953,-1.586035120535394,-2.123073034063707,-1.181844026467647,-1.412752041516498,-1.066187807650459,0.3810609768261012,-0.6826981215500492,0.1636272681109261,-1.033271116857089,1.42989057753859,-0.5740396281212355,0.3710463552426412,0.6339435875657984,0.3810500000000017
-0.7954247130882953,-1.580840380988348,-2.122272419441196,-1.187583105857047,-1.412752041516498,-1.066187807650459,0.3827959758330747,-0.6786967441083731,0.1916583433876614,-1.033271116857089,1.410515338567643,-0.5740396281212355,0.3710463552426412,0.6339435875657984,0.3759200000000017
-0.8051086390870592,-1.581114740479567,-2.122272419441196,-1.18579264355456,-1.407577090317217,-1.0758980053094,0.3827959758330747,-0.6786967441083731,0.1916583433876614,-1.019513927733049,1.422146573204347,-0.5740396281212355,0.3710463552426412,0.6339435875657984,0.36895000000000167
-0.8070191779643788,-1.579316142109689,-2.122272419441196,-1.181859146700699,-1.407577090317217,-1.0758980053094,0.3809046375228919,-0.6716535286818105,0.2207257112076443,-1.019513927733049,1.419784081104734,-0.5740396281212355,0.3710463552426412,0.4551508675738651,0.36073000000000166
-0.8099548717845597,-1.573643433774362,-2.11901841823195,-1.188396380753979,-1.407577090317217,-1.0758980053094,0.3809046375228919,-0.6716535286818105,0.2207257112076443,-1.006676592823369,1.42577821009702,-0.5740396281212355,0.3710463552426412,0.8034667377162925,0.3515200000000016
-0.8094788451862773,-1.570420646428759,-2.11779180718895,-1.173552592091724,-1.402096481205648,-1.0758980053094,0.3751788372228738,-0.6618464166984226,0.2505067218930482,-1.006676592823369,1.454962180383047,-0.5740396281212355,0.3949547065846675,0.4692908893658668,0.3423000000000016
-0.8085045991140676,-1.567743948570341,-2.117636702642308,-1.18437676054898,-1.402096481205648,-1.087804717058359,0.3751788372228738,-0.6618464166984226,0.2505067218930482,-0.9948059020923364,1.461420863386196,-0.5740396281212355,0.3949547065846675,0.7940400565216486,0.3335200000000016
-0.8081087356050245,-1.564265054267154,-2.118219483517143,-1.181124070730198,-1.402096481205648,-1.087804717058359,0.3657368217045911,-0.6498663989345141,0.2804023329997878,-0.9948059020923364,1.492973272180974,-0.5740396281212355,0.3949547065846675,0.6315869172671196,0.3254900000000016
-0.814176343108009,-1.561747659804654,-2.118219483517143,-1.159231230629327,-1.396793474118281,-1.101285579124742,0.3657368217045911,-0.6498663989345141,0.2804023329997878,-0.9839853582907702,1.50405756139389,-0.5740396281212355,0.3949547065846675,0.6315869172671196,0.3190500000000016
-0.8199862537958045,-1.557816735315211,-2.120312680920522,-1.164944676861797,-1.396793474118281,-1.101285579124742,0.3530655888623415,-0.6365304758949817,0.309510280985335,-0.9839853582907702,1.502720248990097,-0.5740396281212355,0.3710463552426412,0.6315869172671196,0.3144200000000016
-0.8261487845378097,-1.552389435959446,-2.122546244883317,-1.168192831962292,-1.396793474118281,-1.115460969803735,0.3530655888623415,-0.6365304758949817,0.309510280985335,-0.974297167809094,1.498136234603807,-0.5740396281212355,0.3710463552426412,0.6315869172671196,0.3120500000000016
-0.8313490169118865,-1.545447262213252,-2.122646087013424,-1.159276162124022,-1.392081831626175,-1.115460969803735,0.338027320341987,-0.6227677601998939,0.336660113322553,-0.974297167809094,1.499480585751308,-0.5740396281212355,0.3471380039006148,0.4598642081711871,0.3122900000000016
-0.835124891777064,-1.55006931802247,-2.120588392322566,-1.160824316968683,-1.392081831626175,-1.129293151934932,0.338027320341987,-0.6227677601998939,0.336660113322553,-0.9657756100356806,1.508879355221999,-0.5740396281212355,0.3471380039006148,0.4598642081711871,0.3154000000000016
-0.837771990730078,-1.559468162593349,-2.116747757846376,-1.168893331690222,-1.392081831626175,-1.129293151934932,0.3217856040714769,-0.6094989634318098,0.3605398632394399,-0.9657756100356806,1.499152967781115,-0.5740396281212355,0.3471380039006148,0.4598642081711871,0.32080000000000164
-0.837771990730078,-1.556761874614643,-2.108990279424468,-1.163183171263092,-1.388270898869699,-1.141744288532405,0.3217856040714769,-0.6094989634318098,0.3605398632394399,-0.9583690128988533,1.473420855549287,-0.5740396281212355,0.3232296525585884,0.2832710471247278,0.32823000000000163
-0.8398563302014171,-1.543628285012104,-2.108990279424468,-1.169495735688017,-1.388270898869699,-1.141744288532405,0.3056366607958525,-0.5975193830504888,0.3605398632394399,-0.9583690128988533,1.449885870924385,-0.5740396281212355,0.3232296525585884,0.1139050083274385,0.3366200000000016
-0.8439912026910844,-1.53960242952249,-2.099774390127993,-1.1581679578002,-1.388270898869699,-1.151938942173691,0.3056366607958525,-0.5975193830504888,0.3605398632394399,-0.9519252941355743,1.434819559250589,-0.5740396281212355,0.3232296525585884,0.1139050083274385,0.34488000000000163
-0.8378204025673239,-1.534761040325943,-2.094992284571266,-1.169267028680502,-1.385550520201,-1.151938942173691,0.3056366607958525,-0.5873992079321911,0.3937603986192185,-0.9519252941355743,1.42378733550618,-0.5740396281212355,0.3232296525585884,0.2740014772832886,0.3522600000000016
-0.8328157182647624,-1.536524461488133,-2.094992284571266,-1.194660908951749,-1.385550520201,-1.159281889728182,0.3056366607958525,-0.5873992079321911,0.3937603986192185,-0.9462063041580266,1.404227875336816,-0.5740396281212355,0.3232296525585884,0.1091916677301165,0.3581900000000016
-0.8328157182647624,-1.548970228157218,-2.094992284571266,-1.18188856316133,-1.385550520201,-1.159281889728182,0.2781755468563898,-0.5794210935355691,0.4016162703497778,-0.9462063041580266,1.405078184258225,-0.5740396281212355,0.3232296525585884,-0.2367675321136322,0.3626400000000016
-0.8328157182647624,-1.551783014282002,-2.094992284571266,-1.20965242990356,-1.383996927756551,-1.163511582600187,0.2781755468563898,-0.5794210935355691,0.4016162703497778,-0.9409217343360007,1.409222702587136,-0.5740396281212355,0.3232296525585884,-0.2367675321136322,0.36494000000000165
-0.8247372963885539,-1.547877988474147,-2.092427738233553,-1.217330855933895,-1.383996927756551,-1.163511582600187,0.2781755468563898,-0.5735812223261486,0.4035077408245701,-0.9409217343360007,1.411941442346264,-0.5740396281212355,0.3232296525585884,-0.2367675321136322,0.36490000000000167
-0.8119833010742998,-1.545364746446499,-2.092069921153226,-1.217874211254975,-1.383996927756551,-1.164699223747787,0.2781755468563898,-0.5735812223261486,0.4035077408245701,-0.9357660308553546,1.410570935518924,-0.5740396281212355,0.3232296525585884,-0.2367675321136322,0.36238000000000165
-0.8041074661346141,-1.540465110106316,-2.091307627351063,-1.21765931206869,-1.383593239675758,-1.164699223747787,0.2612587324673128,-0.5696696769211107,0.4035077408245701,-0.9357660308553546,1.407681023480422,-0.5740396281212355,0.3232296525585884,-0.2367675321136322,0.35802000000000167
-0.8041074661346141,-1.532550594795522,-2.085596934230963,-1.228230690890354,-1.383593239675758,-1.163221290515656,0.2612587324673128,-0.5696696769211107,0.4035077408245701,-0.9304521438026984,1.401994396189153,-0.5740396281212355,0.3232296525585884,-0.2367675321136322,0.35210000000000163
-0.7960327435621355,-1.524194275564654,-2.082437368600025,-1.252608017909925,-1.383593239675758,-1.163221290515656,0.2612587324673128,-0.5674044700705277,0.4000037251331004,-0.9304521438026984,1.420573949953518,-0.5740396281212355,0.3232296525585884,-0.4061335709108858,0.3452300000000016
-0.788951731351042,-1.517390423471421,-2.078906815053269,-1.264974748890492,-1.384256729857453,-1.15973159747508,0.2612587324673128,-0.5674044700705277,0.4000037251331004,-0.9247508466646623,1.446572059922178,-0.5740396281212355,0.3232296525585884,-0.4061335709108858,0.3382400000000016
-0.7860522997457626,-1.52133317079234,-2.070093515679391,-1.273623733650927,-1.384256729857453,-1.15973159747508,0.2538528280610245,-0.5665574613267302,0.3920479688476182,-0.9247508466646623,1.452050053083537,-0.5740396281212355,0.3232296525585884,-0.2438375430095973,0.3316700000000016
-0.7801218605951165,-1.526197528991852,-2.066640738879641,-1.281062354935124,-1.384256729857453,-1.155137807335426,0.2538528280610245,-0.5665574613267302,0.3920479688476182,-0.9185411238638845,1.464754287680118,-0.5740396281212355,0.3232296525585884,-0.2438375430095973,0.3259500000000016
-0.7779516209878067,-1.531988054964614,-2.066640738879641,-1.292907431022549,-1.385868457261438,-1.155137807335426,0.2519545531086842,-0.5670243579907405,0.3807321199268207,-0.9185411238638845,1.458950271472358,-0.5740396281212355,0.2993213012165638,-0.2438375430095973,0.32074000000000163
-0.770041681399077,-1.545399057399595,-2.066640738879641,-1.30009481892448,-1.385868457261438,-1.150552717296188,0.2519545531086842,-0.5670243579907405,0.3807321199268207,-0.9118615651179415,1.457643554189168,-0.5740396281212355,0.2993213012165638,-0.2438375430095973,0.31685000000000163
-0.7675331046879529,-1.55244530917759,-2.059433170640089,-1.315136545646947,-1.385868457261438,-1.150552717296188,0.2519545531086842,-0.5670243579907405,0.3670644381988396,-0.9118615651179415,1.470061756236468,-0.5740396281212355,0.3232296525585884,-0.4061335709108858,0.31437000000000165
-0.7666478986199559,-1.558409637095618,-2.058434704083691,-1.314747023128544,-1.388304647906333,-1.147169734317017,0.2519545531086842,-0.5670243579907405,0.3670644381988396,-0.9118615651179415,1.45648390110556,-0.5740396281212355,0.3232296525585884,-0.4061335709108858,0.3133400000000016
-0.7505319574717755,-1.569990750887089,-2.056835157152952,-1.323464926967141,-1.388304647906333,-1.147169734317017,0.2500781405922237,-0.5721104706024633,0.351808588696883,-0.9118615651179415,1.430388636799221,-0.5740396281212355,0.3232296525585884,-0.4061335709108858,0.3131800000000017
-0.7337455671019384,-1.579986858458158,-2.055040197358099,-1.330380051345496,-1.388304647906333,-1.146047457037908,0.2500781405922237,-0.5721104706024633,0.351808588696883,-0.8982637474166193,1.425353937823859,-0.5740396281212355,0.3232296525585884,-0.4061335709108858,0.31365000000000165
-0.7337455671019384,-1.583464076826893,-2.053233072722639,-1.339797571091651,-1.391468157693255,-1.146047457037908,0.243664037510974,-0.5770155455306796,0.3354386650044363,-0.8982637474166193,1.421871485281806,-0.5740396281212355,0.3232296525585884,-0.4061335709108858,0.3147900000000017
-0.7277809267866827,-1.593190041970376,-2.052574772015381,-1.344689655005312,-1.391468157693255,-1.147865608393436,0.243664037510974,-0.5770155455306796,0.3354386650044363,-0.8924903721033601,1.421911563735612,-0.5740396281212355,0.3232296525585884,-0.1473711721176833,0.3166200000000017
-0.71244028246683,-1.601738183034347,-2.051951787411506,-1.365693413778262,-1.391468157693255,-1.147865608393436,0.243664037510974,-0.5770155455306796,0.3181865723602994,-0.8924903721033601,1.41728243338041,-0.5740396281212355,0.3232296525585884,-0.1473711721176833,0.3193700000000017
-0.71244028246683,-1.607209111190128,-2.051951787411506,-1.369741826665362,-1.395311550670569,-1.152753564747439,0.243664037510974,-0.5770155455306796,0.3181865723602994,-0.8924903721033601,1.404275243884058,-0.5740396281212355,0.3232296525585884,-0.1473711721176833,0.3227700000000017
-0.71244028246683,-1.612814318251349,-2.051135701331723,-1.368242448529482,-1.395311550670569,-1.152753564747439,0.2385604870309815,-0.5921627461117641,0.3001162688971158,-0.8924903721033601,1.398066011414393,-0.5740396281212355,0.3232296525585884,-0.1473711721176833,0.32744000000000173
-0.71244028246683,-1.620895727232506,-2.051135701331723,-1.364340700346515,-1.395311550670569,-1.160248376959164,0.2385604870309815,-0.5921627461117641,0.3001162688971158,-0.8885210307336239,1.397982706160963,-0.5740396281212355,0.3232296525585884,-0.1473711721176833,0.33269000000000176
-0.706034497261533,-1.632621642772615,-2.051361972131533,-1.372717166388919,-1.399840961960931,-1.160248376959164,0.232405222996235,-0.6023885743205836,0.2811963048942905,-0.8885210307336239,1.362218320016936,-0.5740396281212355,0.3232296525585884,-0.1473711721176833,0.33827000000000174
-0.7027867969938691,-1.639640800036911,-2.051361972131533,-1.366497433569585,-1.399840961960931,-1.169361585714594,0.232405222996235,-0.6023885743205836,0.2811963048942905,-0.8873922635815845,1.358205261718832,-0.5740396281212355,0.3232296525585884,0.01036862653952367,0.34429000000000176
-0.7052850400010378,-1.639640800036911,-2.052715268190311,-1.380079172715417,-1.399840961960931,-1.169361585714594,0.2256931092667516,-0.6023885743205836,0.2613872925130924,-0.8873922635815845,1.367181240855044,-0.5740396281212355,0.3232296525585884,0.01036862653952367,0.35101000000000177
-0.7052850400010378,-1.649722597739066,-2.054695874252016,-1.379132045728889,-1.405098382860372,-1.178706597446274,0.2256931092667516,-0.6023885743205836,0.2613872925130924,-0.8901716651493634,1.365064342860025,-0.5740396281212355,0.3232296525585884,0.01036862653952367,0.3586400000000018
-0.7052850400010378,-1.655262701252714,-2.054695874252016,-1.381551340544429,-1.405098382860372,-1.178706597446274,0.2190522486994619,-0.6141249732904018,0.2407524170760631,-0.8901716651493634,1.381261136684193,-0.5740396281212355,0.3232296525585884,0.01036862653952367,0.36679000000000184
-0.7080699992636386,-1.66431349665509,-2.058792043543567,-1.389602196977197,-1.405098382860372,-1.186662677565087,0.2190522486994619,-0.6141249732904018,0.2407524170760631,-0.8977919235660102,1.398885580901237,-0.5740396281212355,0.3232296525585884,0.01036862653952367,0.3750200000000018
-0.7102369043637498,-1.665761328289546,-2.058989525193074,-1.391046160122507,-1.4111300221893,-1.186662677565087,0.2131622298766984,-0.6269684124677353,0.2195640116582206,-0.8977919235660102,1.415401502765819,-0.5740396281212355,0.3232296525585884,0.01036862653952367,0.38245000000000184
-0.7112218310902084,-1.667562360684513,-2.058774503177562,-1.38356842898243,-1.4111300221893,-1.191560503955076,0.2131622298766984,-0.6269684124677353,0.2195640116582206,-0.9108637378771356,1.435275391023852,-0.5740396281212355,0.3232296525585884,-0.1567978533123273,0.3892200000000018
-0.7106105626599082,-1.67399795782051,-2.059272705769246,-1.397355472284188,-1.4111300221893,-1.191866446404245,0.2087287706846002,-0.640382919870819,0.1983601219928492,-0.9108637378771356,1.427352221778669,-0.5740396281212355,0.3232296525585884,-0.3143805406162581,0.3946900000000018
-0.7156070620340389,-1.681421255180279,-2.059272705769246,-1.429086580502495,-1.417951420703271,-1.191866446404245,0.2064935631174593,-0.6537352021344732,0.1983601219928492,-0.9295172561320231,1.394404632101856,-0.5740396281212355,0.3232296525585884,-0.3143805406162581,0.39926000000000184
-0.7156070620340389,-1.691045834642377,-2.060577552860842,-1.422835777177886,-1.417951420703271,-1.186361566829833,0.2064935631174593,-0.6537352021344732,0.1779285465100213,-0.9295172561320231,1.388131907655739,-0.5740396281212355,0.3232296525585884,0.1186183489247962,0.4033000000000018
-0.719432453893177,-1.691045834642377,-2.062657682616135,-1.438208200643764,-1.417951420703271,-1.186361566829833,0.2064935631174593,-0.6537352021344732,0.1779285465100213,-0.9533023042880813,1.396305656871043,-0.5740396281212355,0.3232296525585884,0.1186183489247962,0.4062300000000018
-0.7254411845867603,-1.696415247242122,-2.067372221599937,-1.451041114990524,-1.425517840012587,-1.186361566829833,0.2072344445193685,-0.6662731383822074,0.1592497564057829,-0.9533023042880813,1.374991446588431,-0.5740396281212355,0.3232296525585884,0.1186183489247962,0.40782000000000185
-0.7309251340061244,-1.707676014477736,-2.070185029310831,-1.463116767890694,-1.425517840012587,-1.174317481142351,0.2072344445193685,-0.6662731383822074,0.1592497564057829,-0.9811446239556354,1.367817232259117,-0.5740396281212355,0.3232296525585884,0.3115510907086598,0.40775000000000183
-0.7313591057770976,-1.730514307140096,-2.073221065114858,-1.468586378464322,-1.425517840012587,-1.174317481142351,0.2117418455355639,-0.6770588300774342,0.1434496238628435,-0.9811446239556354,1.381535463514305,-0.5740396281212355,0.3232296525585884,0.3115510907086598,0.40633000000000186
-0.7335318054286977,-1.73609460688406,-2.074933809347639,-1.478808463669882,-1.433703880732057,-1.155622724942824,0.2117418455355639,-0.6770588300774342,0.1434496238628435,-1.011349528888549,1.366774076397202,-0.5740396281212355,0.3232296525585884,0.3115510907086598,0.40370000000000184
-0.7374464059921189,-1.762261281287351,-2.079791893734522,-1.499614021510931,-1.433703880732057,-1.155622724942824,0.2207910532744616,-0.6849361484229892,0.1317713646559383,-1.011349528888549,1.355320642367187,-0.5740396281212355,0.3232296525585884,0.3115510907086598,0.4003700000000018
-0.7410885885820171,-1.76729248039312,-2.079791893734522,-1.498534466958153,-1.433703880732057,-1.1307883277306,0.2207910532744616,-0.6849361484229892,0.1317713646559383,-1.041666728827529,1.343300851089041,-0.5740396281212355,0.3232296525585884,0.3115510907086598,0.39586000000000177
-0.7450800256220637,-1.792846245605652,-2.08606075031224,-1.502170858674293,-1.442291684129518,-1.1307883277306,0.2350975150689888,-0.6886029839339811,0.1255308860906704,-1.041666728827529,1.351221023466188,-0.5740396281212355,0.3232296525585884,0.3115510907086598,0.39052000000000175
-0.7548002154669697,-1.802811804999184,-2.102486474507927,-1.514698212481995,-1.442291684129518,-1.10082938328827,0.2350975150689888,-0.6867880257911652,0.1255308860906704,-1.069446342065509,1.314290503797226,-0.5740396281212355,0.2993213012165638,0.3115510907086598,0.38418000000000174
-0.7548002154669697,-1.840248715968398,-2.104898897976628,-1.521558525133434,-1.442291684129518,-1.10082938328827,0.2552117615620024,-0.6867880257911652,0.1260219964390766,-1.069446342065509,1.301583212286595,-0.5740396281212355,0.2754129498745374,0.3115510907086598,0.37665000000000176
-0.7548002154669697,-1.855020399035058,-2.105551358911228,-1.522630534608492,-1.450967606931359,-1.067100273527225,0.2552117615620024,-0.6867880257911652,0.1260219964390766,-1.091898968488039,1.261295072877023,-0.5740396281212355,0.2515045985325111,0.4834309111578328,0.3687300000000017
-0.7581218378062706,-1.869031666795241,-2.105925398653775,-1.535749722110508,-1.450967606931359,-1.067100273527225,0.2813606473131692,-0.6784772894721169,0.1343703420266688,-1.091898968488039,1.245429022313467,-0.5740396281212355,0.2515045985325111,0.4834309111578328,0.36093000000000175
-0.7555906176684446,-1.881914645788817,-2.10621278510585,-1.548312658564863,-1.450967606931359,-1.031153531551812,0.2813606473131692,-0.6784772894721169,0.1343703420266688,-1.106431692909378,1.221675151865648,-0.5740396281212355,0.2515045985325111,0.4834309111578328,0.3534600000000018
-0.7520816457454371,-1.899971464910229,-2.10621278510585,-1.533196072905559,-1.459333452073728,-1.031153531551812,0.3132998084410549,-0.6631269116988416,0.1513605014710532,-1.106431692909378,1.173111966148331,-0.5740396281212355,0.2515045985325111,0.4834309111578328,0.34629000000000176
-0.747737417625936,-1.939606605707163,-2.106735800639215,-1.534500136960066,-1.459333452073728,-0.9946301173880437,0.3132998084410549,-0.6631269116988416,0.1513605014710532,-1.110997174002478,1.156013564656492,-0.5740396281212355,0.2515045985325111,0.4834309111578328,0.3393700000000018
-0.7604431072075859,-1.960510360326627,-2.107147791800119,-1.537303295190207,-1.459333452073728,-0.9946301173880437,0.3502325735114384,-0.6408120509314785,0.1772713705454501,-1.110997174002478,1.159664293913249,-0.5740396281212355,0.2515045985325111,0.4834309111578328,0.3330000000000018
-0.7604431072075859,-1.992450162224984,-2.107865161402116,-1.521467242920525,-1.466940298546875,-0.9946301173880437,0.3502325735114384,-0.6408120509314785,0.1772713705454501,-1.104380223076887,1.1430180962932,-0.5740396281212355,0.2515045985325111,0.4834309111578328,0.3278200000000018
-0.7797218493098436,-2.020732156442396,-2.111975539228599,-1.517296744605263,-1.466940298546875,-0.9591581728070793,0.3908142869567309,-0.6122760356164811,0.2117559611608449,-1.104380223076887,1.14656866746565,-0.5740396281212355,0.2515045985325111,0.4834309111578328,0.3238900000000018
-0.7797218493098436,-2.028030336594789,-2.12203783206318,-1.518753333763256,-1.466940298546875,-0.9262488632682068,0.3908142869567309,-0.6122760356164811,0.2117559611608449,-1.086356094200791,1.188446359156515,-0.5740396281212355,0.2515045985325111,0.4834309111578328,0.3214900000000018
-0.7797218493098436,-2.050338438180312,-2.131293976729118,-1.512796964255181,-1.473343258197764,-0.9262488632682068,0.4332404106347292,-0.5788634035109708,0.2537957798848581,-1.086356094200791,1.235426397775022,-0.5740396281212355,0.2515045985325111,0.4834309111578328,0.3205500000000018
-0.7937462411540068,-2.069709125132243,-2.142715447577386,-1.494573964021241,-1.473343258197764,-0.9262488632682068,0.4332404106347292,-0.5788634035109708,0.2537957798848581,-1.057684311872409,1.282677086976166,-0.5740396281212355,0.2515045985325111,0.4834309111578328,0.3207100000000017
-0.8062742114810874,-2.093658266423696,-2.147293948127636,-1.490271899075075,-1.473343258197764,-0.9262488632682068,0.4753982953485335,-0.5423556160991914,0.3017519981452063,-1.057684311872409,1.327995502397562,-0.5740396281212355,0.2515045985325111,0.4834309111578328,0.3214400000000017
-0.8288016564677276,-2.099476125778504,-2.160603242868772,-1.47065067381797,-1.478163439545057,-0.8730255651759441,0.4753982953485335,-0.5423556160991914,0.3017519981452063,-1.019947577177211,1.362976878999053,-0.5740396281212355,0.2515045985325111,0.4834309111578328,0.3228000000000017
-0.8288016564677276,-2.110671117889655,-2.163531366461318,-1.463870306090843,-1.478163439545057,-0.8730255651759441,0.5150492565981687,-0.5047587983750204,0.353525572164077,-1.019947577177211,1.389261778223048,-0.5740396281212355,0.2515045985325111,0.4834309111578328,0.3246673684210543
-0.8408838712957868,-2.110671117889655,-2.170649530036558,-1.451087825239356,-1.478163439545057,-0.8544312955519315,0.5150492565981687,-0.5047587983750204,0.353525572164077,-0.9752919182691691,1.402505964036714,-0.5740396281212355,0.2515045985325111,0.4834309111578328,0.32755684210526487
-0.8861561444153906,-2.113237171717672,-2.170649530036558,-1.440967716077862,-1.481141370034893,-0.8544312955519315,0.550019693552921,-0.4680866676327252,0.4068145768863674,-0.9752919182691691,1.426127123389095,-0.5740396281212355,0.2515045985325111,0.4834309111578328,0.3312105263157912
-0.9013917264312238,-2.108240800781739,-2.184225209120393,-1.416018503817658,-1.481141370034893,-0.8418059807885585,0.550019693552921,-0.4680866676327252,0.4068145768863674,-0.9261425154075638,1.433344550218964,-0.5740396281212355,0.2515045985325111,0.6433702687604425,0.3353978947368438
-0.9197705280227714,-2.103377151383988,-2.194427327952878,-1.404833964020034,-1.481141370034893,-0.8418059807885585,0.550019693552921,-0.434153129700368,0.4594164610536711,-0.9261425154075638,1.461270577804656,-0.5740396281212355,0.2515045985325111,0.6433702687604425,0.3400057894736859
-0.9197705280227714,-2.092088512794283,-2.204738301500836,-1.402497235366132,-1.482171347799055,-0.8418059807885585,0.5784033707088112,-0.434153129700368,0.4594164610536711,-0.874951679965904,1.482440862092464,-0.5740396281212355,0.2515045985325111,0.6433702687604425,0.3446084210526333
-0.930972405676729,-2.080988445007256,-2.209746452166427,-1.385049946825128,-1.482171347799055,-0.8418059807885585,0.5987831807952889,-0.4043749239585386,0.5094989424135656,-0.874951679965904,1.496693650604504,-0.5740396281212355,0.2515045985325111,0.6433702687604425,0.34945736842105435
-0.9538642247148382,-2.076173425236791,-2.219224495620329,-1.35405421108281,-1.482171347799055,-0.834506767642485,0.5987831807952889,-0.4043749239585386,0.5094989424135656,-0.8240008980133622,1.51291770752621,-0.5740396281212355,0.2515045985325111,0.6433702687604425,0.3546115789473701
-0.9796631712509697,-2.075490182769971,-2.219224495620329,-1.35432937367767,-1.481311520745562,-0.834506767642485,0.6104522495681722,-0.3796001354707434,0.5557859874593747,-0.8240008980133622,1.550312933200882,-0.5740396281212355,0.2515045985325111,0.6433702687604425,0.3604273684210543
-0.9796631712509697,-2.074638798151408,-2.227732675525222,-1.336797439071242,-1.481311520745562,-0.834506767642485,0.6104522495681722,-0.3796001354707434,0.5557859874593747,-0.7752488131790343,1.553686721601647,-0.5740396281212355,0.2515045985325111,0.6433702687604425,0.36675842105263323
-0.9877091732520881,-2.071393332624567,-2.23778270094169,-1.313727340846896,-1.481311520745562,-0.834506767642485,0.6135645741989363,-0.3600110469706443,0.5976417589925451,-0.7752488131790343,1.564021378336697,-0.5740396281212355,0.2515045985325111,0.6433702687604425,0.37358368421052796
-0.9920972870814602,-2.068639338979896,-2.244115210478867,-1.302609132943803,-1.478769707821913,-0.8391743720897233,0.6135645741989363,-0.3600110469706443,0.5976417589925451,-0.7302158492085322,1.583782392384843,-0.5740396281212355,0.2515045985325111,0.6433702687604425,0.38023736842105427
-0.9918977752013389,-2.068639338979896,-2.244277889572657,-1.290903218854004,-1.478769707821913,-0.8391743720897233,0.609138068461261,-0.345150831724908,0.6350438959623922,-0.7302158492085322,1.587762565717798,-0.5740396281212355,0.2515045985325111,0.6433702687604425,0.3865389473684227
-0.986841393417255,-2.065554567013469,-2.242519031514166,-1.27522529901515,-1.478769707821913,-0.8485688284779618,0.609138068461261,-0.345150831724908,0.6350438959623922,-0.6899212651098776,1.495170744448364,-0.5740396281212355,0.2515045985325111,0.4787175705605108,0.3924031578947385
-0.986841393417255,-2.060908665127456,-2.242519031514166,-1.255301105812796,-1.47486974275777,-0.8485688284779618,0.5988944764799632,-0.3340705188671863,0.6350438959623922,-0.6899212651098776,1.463203928478547,-0.5740396281212355,0.2515045985325111,0.4787175705605108,0.3977200000000017
-0.986841393417255,-2.056518533561452,-2.241794735008623,-1.228037186252875,-1.47486974275777,-0.8618668749249047,0.5988944764799632,-0.3340705188671863,0.6350438959623922,-0.6548946733407104,1.43497753041081,-0.5740396281212355,0.2515045985325111,0.2950543986180149,0.4026747368421069
-0.9774331715641911,-2.049382909239436,-2.240176989010227,-1.212082478214529,-1.47486974275777,-0.8618668749249047,0.584987443702938,-0.3255444463811728,0.6985534025465402,-0.6548946733407104,1.422831714240445,-0.5740396281212355,0.2515045985325111,0.2950543986180149,0.4069378947368437
-0.9774331715641911,-2.04524665650536,-2.245462320762167,-1.199937736786798,-1.470005045831516,-0.8781702836455075,0.584987443702938,-0.3255444463811728,0.6985534025465402,-0.6252595723790821,1.423206780554763,-0.6445136404950121,0.2515045985325111,-0.08374107405374713,0.41034526315789643
-0.9774331715641911,-2.043009228263358,-2.245572600985276,-1.188350104239799,-1.470005045831516,-0.8781702836455075,0.5696920175914694,-0.3183003701753988,0.7261171878135285,-0.6252595723790821,1.423895459317871,-0.6445136404950121,0.2515045985325111,-0.267404245996243,0.41263789473684376
-0.964843647847542,-2.017396773146767,-2.245572600985276,-1.170993583390738,-1.470005045831516,-0.8966145352935899,0.5696920175914694,-0.3183003701753988,0.7261171878135285,-0.6008657177251329,1.418765921463071,-0.6445136404950121,0.2515045985325111,-0.267404245996243,0.4138447368421069
-0.9425591261192804,-2.011578359033796,-2.242400687898105,-1.144890832946876,-1.464586658152075,-0.8966145352935899,0.5551221246030875,-0.3112229993483314,0.7517392292089679,-0.6008657177251329,1.427899794723977,-0.6445136404950121,0.2515045985325111,-0.267404245996243,0.4140547368421069
-0.9346205979856895,-2.014782239233454,-2.238264957444276,-1.142036356808565,-1.464586658152075,-0.9164772616812142,0.5551221246030875,-0.3112229993483314,0.7517392292089679,-0.5814379440582595,1.431525385131369,-0.6445136404950121,0.2515045985325111,-0.267404245996243,0.41373684210526485
-0.9265853529914881,-2.015433908002081,-2.229668099002926,-1.12983077964332,-1.464586658152075,-0.9164772616812142,0.5430236993791315,-0.3034970460591745,0.7517392292089679,-0.5814379440582595,1.4305499687818,-0.6445136404950121,0.2515045985325111,-0.267404245996243,0.41297000000000167
-0.9108328648153612,-2.010893121953211,-2.225004210840858,-1.113752583120737,-1.458995099359615,-0.9372504637205464,0.5430236993791315,-0.3034970460591745,0.7517392292089679,-0.5667004308976082,1.436892553175427,-0.6445136404950121,0.2515045985325111,-0.267404245996243,0.41179315789473847
-0.9108328648153612,-2.003889544450263,-2.218851016984795,-1.091337629583871,-1.458995099359615,-0.9372504637205464,0.5346547691824369,-0.294676108172525,0.7757695004858106,-0.5667004308976082,1.456499763810669,-0.6445136404950121,0.2515045985325111,-0.267404245996243,0.4104552631578963
-0.9108328648153612,-1.997566311414264,-2.218851016984795,-1.09221391763698,-1.458995099359615,-0.9586399671345657,0.5346547691824369,-0.294676108172525,0.7757695004858106,-0.5564403914190856,1.459450904352257,-0.6445136404950121,0.2515045985325111,-0.267404245996243,0.4089452631578963
-0.8968297652451592,-1.995005716554038,-2.218851016984795,-1.087482382914223,-1.453545812383618,-0.9586399671345657,0.5307307507171874,-0.2846948382708858,0.7982694244367193,-0.5564403914190856,1.458721756142976,-0.6445136404950121,0.2515045985325111,-0.267404245996243,0.4073621052631594
-0.8788413115513005,-1.97970485510372,-2.201545959531814,-1.068900841733918,-1.453545812383618,-0.9804743302111089,0.5307307507171874,-0.2846948382708858,0.7982694244367193,-0.5505031642537784,1.466840132309765,-0.6445136404950121,0.2515045985325111,-0.267404245996243,0.40578473684210686
-0.8692783713655955,-1.970228790293475,-2.192644242822496,-1.065074501823154,-1.453545812383618,-0.9804743302111089,0.5307307507171874,-0.2738503656158447,0.819055081154136,-0.5505031642537784,1.45657220484915,-0.6445136404950121,0.2515045985325111,-0.267404245996243,0.40418210526315945
-0.8595152804587511,-1.947956608247594,-2.188788683514785,-1.052913126738756,-1.448471946646234,-1.002559026739368,0.5307307507171874,-0.2738503656158447,0.819055081154136,-0.5487410309221675,1.446096858516509,-0.6445136404950121,0.2515045985325111,-0.267404245996243,0.4026152631578963
-0.845676106642683,-1.934809170646137,-2.18580931002082,-1.051571791960303,-1.448471946646234,-1.002559026739368,0.5363730199897059,-0.2738503656158447,0.8377896520312511,-0.5487410309221675,1.443737702455897,-0.6445136404950121,0.2515045985325111,-0.104951106741714,0.4009400000000015
-0.8456569193430057,-1.930583351010244,-2.184190334225244,-1.04081368443986,-1.448471946646234,-1.024554641292596,0.5363730199897059,-0.2627541156232208,0.8377896520312511,-0.5487410309221675,1.443333626389692,-0.6445136404950121,0.2515045985325111,-0.104951106741714,0.39857684210526473
-0.8456569193430057,-1.927695595887716,-2.186994703629858,-1.054249534352858,-1.443921036371073,-1.024554641292596,0.5363730199897059,-0.2522337601530185,0.8540769622712415,-0.5487410309221675,1.437171151341198,-0.6445136404950121,0.2515045985325111,-0.104951106741714,0.3956610526315805
-0.8520933854789282,-1.918110781823849,-2.186994703629858,-1.04790795440046,-1.443921036371073,-1.045943411510076,0.5363730199897059,-0.2522337601530185,0.8540769622712415,-0.5509459645159861,1.426294647266629,-0.6445136404950121,0.2515045985325111,0.0903383053408285,0.39229263157894895
-0.842694268709378,-1.908919881110365,-2.18757531649893,-1.029764762064806,-1.443921036371073,-1.045943411510076,0.5558875774748031,-0.2431835980985629,0.8675317690532471,-0.5509459645159861,1.423394300713164,-0.6445136404950121,0.2515045985325111,0.0903383053408285,0.38819631578947533
-0.842694268709378,-1.907729189425966,-2.1834329461752,-1.029715407018033,-1.439961484836973,-1.066091187112903,0.5558875774748031,-0.2431835980985629,0.8675317690532471,-0.5567846799156386,1.418650450539628,-0.6445136404950121,0.2515045985325111,0.0903383053408285,0.38340157894737004
-0.8366096529873547,-1.908136256855151,-2.1834329461752,-1.031824895769194,-1.439961484836973,-1.066091187112903,0.5558875774748031,-0.2364051047331754,0.8778313341462863,-0.5567846799156386,1.417492664951503,-0.6445136404950121,0.2275962471904847,0.0903383053408285,0.378202631578949
-0.8215735855367583,-1.908271535830739,-2.178786534047993,-1.024707029924591,-1.439961484836973,-1.084354244334505,0.5558875774748031,-0.2364051047331754,0.8778313341462863,-0.5657451071268654,1.406824684938881,-0.6445136404950121,0.2275962471904847,0.0903383053408285,0.3726284210526333
-0.81093276964794,-1.899950134268747,-2.176723659015277,-1.0317493291007,-1.436598508276894,-1.084354244334505,0.5812578975085142,-0.2364051047331754,0.8847499112684322,-0.5657451071268654,1.383800599950512,-0.6445136404950121,0.2275962471904847,0.0903383053408285,0.36703263157894905
-0.8047435132897661,-1.888760183944917,-2.176723659015277,-1.026736944353296,-1.436598508276894,-1.10017024953276,0.5812578975085142,-0.2364051047331754,0.8847499112684322,-0.5771056867169683,1.353589158196574,-0.6445136404950121,0.2275962471904847,0.0903383053408285,0.3614315789473701
-0.7991442633711503,-1.881768111612483,-2.176723659015277,-1.024474984952645,-1.436598508276894,-1.10017024953276,0.5812578975085142,-0.2318045377019433,0.8881760518880836,-0.5771056867169683,1.353655100238039,-0.6445136404950121,0.2275962471904847,0.0903383053408285,0.3563342105263175
-0.7914483562835843,-1.874357035459226,-2.176723659015277,-1.030255588834892,-1.433800045296459,-1.113115246979758,0.5812578975085142,-0.2318045377019433,0.8881760518880836,-0.5899445166722082,1.345790237114244,-0.6445136404950121,0.2275962471904847,0.0903383053408285,0.35229210526315957
-0.7900519245023409,-1.871248667933065,-2.176723659015277,-1.028201645964869,-1.433800045296459,-1.113115246979758,0.593544141756384,-0.2318045377019433,0.8881320102811926,-0.5899445166722082,1.337907069992144,-0.6445136404950121,0.2275962471904847,0.0903383053408285,0.3493894736842122
-0.788754129061734,-1.872250222970908,-2.177475774900059,-1.021989727290643,-1.433800045296459,-1.122949125215725,0.593544141756384,-0.2318045377019433,0.8881320102811926,-0.6032049597740833,1.334205419253325,-0.6445136404950121,0.2275962471904847,0.0903383053408285,0.3475131578947385
-0.7891033008653598,-1.871631045811836,-2.179648999088523,-1.016238516810918,-1.431528519222052,-1.122949125215725,0.6043183220256801,-0.2344553516489499,0.8848157854093975,-0.6032049597740833,1.340948110826859,-0.6445136404950121,0.2275962471904847,-0.07667106315778201,0.34673263157894907
-0.7908145610806165,-1.865866144985448,-2.183631540906845,-1.024614291423273,-1.431528519222052,-1.129669676573687,0.6043183220256801,-0.2344553516489499,0.8848157854093975,-0.6158167087979484,1.326656606471943,-0.6445136404950121,0.2275962471904847,0.1139050083274385,0.34717000000000164
-0.7988231482870634,-1.865531928347526,-2.188274307149305,-1.016011222747278,-1.431528519222052,-1.129669676573687,0.6127535128220196,-0.240373299848902,0.8786594119336706,-0.6158167087979484,1.303147457911934,-0.6445136404950121,0.2275962471904847,0.4575075378725439,0.34835000000000166
-0.8041773133233604,-1.869825482579134,-2.190250902818548,-1.021931083321157,-1.429769064649064,-1.133560691068325,0.6127535128220196,-0.240373299848902,0.8786594119336706,-0.6268361023370831,1.288991268906111,-0.6445136404950121,0.2275962471904847,0.4575075378725439,0.35035000000000166
-0.8059154309045627,-1.8845913703707,-2.194667485878272,-0.9991570514060604,-1.429769064649064,-1.133560691068325,0.6181494016333084,-0.2493209732053385,0.8703727394287666,-0.6268361023370831,1.287311673843492,-0.6445136404950121,0.2275962471904847,0.4575075378725439,0.3529900000000017
-0.8092461214734807,-1.900520724200357,-2.208638835909043,-1.002084285404573,-1.429769064649064,-1.135199295702944,0.6181494016333084,-0.2493209732053385,0.8703727394287666,-0.635548053992856,1.27225600763186,-0.6445136404950121,0.2275962471904847,0.4575075378725439,0.3563400000000017
-0.8092461214734807,-1.90916286338215,-2.217464611729819,-0.9884704604734617,-1.42854497876805,-1.135199295702944,0.6199730473862327,-0.2609229969084823,0.860926572733396,-0.635548053992856,1.274799802023365,-0.6445136404950121,0.2275962471904847,0.6198035657737967,0.35970000000000174
-0.8122531321918748,-1.916303085452945,-2.225134875160495,-0.9882333842185519,-1.42854497876805,-1.135407142129154,0.6199730473862327,-0.2746990123711172,0.860926572733396,-0.6414958951777191,1.288370200979425,-0.6445136404950121,0.2275962471904847,0.6198035657737967,0.36286000000000174
-0.8135896215383114,-1.917980177319206,-2.225134875160495,-0.9722414385441389,-1.42854497876805,-1.135407142129154,0.6178701406683489,-0.2746990123711172,0.8514355257720344,-0.6414958951777191,1.306181177219127,-0.6445136404950121,0.2275962471904847,0.6198035657737967,0.36548000000000175
-0.8189390086985322,-1.915344001231894,-2.225134875160495,-0.97460249230311,-1.427915895829618,-1.135154729423754,0.6178701406683489,-0.2746990123711172,0.8514355257720344,-0.6444542354072607,1.325980589946289,-0.6445136404950121,0.2275962471904847,0.6198035657737967,0.3675600000000018
-0.8239481974389374,-1.912684253563643,-2.225134875160495,-0.9687180035691053,-1.427915895829618,-1.135154729423754,0.6116594867433953,-0.2901166935862016,0.842958161833388,-0.6444542354072607,1.333277039717211,-0.6445136404950121,0.2275962471904847,0.6198035657737967,0.36916000000000176
-0.8344813415687234,-1.91284062429763,-2.237736201701372,-0.9361403697443009,-1.427915895829618,-1.135433966750182,0.6116594867433953,-0.2901166935862016,0.842958161833388,-0.6443845687451666,1.344946606765184,-0.6445136404950121,0.2275962471904847,0.6198035657737967,0.3700100000000018
-0.8394886575181857,-1.915278690961985,-2.244394876063892,-0.9522092966764705,-1.427958787092957,-1.135433966750182,0.6013386232328728,-0.306658372335564,0.8362998952169038,-0.6443845687451666,1.366308713398721,-0.6445136404950121,0.2275962471904847,0.6198035657737967,0.37027000000000176
-0.8577241748418559,-1.920688955831245,-2.254330220429094,-0.9392943870461499,-1.427958787092957,-1.137118530088177,0.6013386232328728,-0.3238728403152941,0.8362998952169038,-0.6414030400182312,1.356704860231038,-0.6445136404950121,0.2275962471904847,0.6198035657737967,0.3699800000000018
-0.8819831827445352,-1.92634994294817,-2.263936257891555,-0.927402050006458,-1.427958787092957,-1.137118530088177,0.5870974368295225,-0.3238728403152941,0.8319014715240753,-0.6414030400182312,1.360773356458417,-0.6445136404950121,0.2275962471904847,0.6198035657737967,0.3691700000000018
-0.8910802424733362,-1.930247362217252,-2.276581230715075,-0.9248217863773311,-1.428736005667601,-1.140841588766561,0.5870974368295225,-0.3238728403152941,0.8319014715240753,-0.6357681524556699,1.383218509790724,-0.6445136404950121,0.2275962471904847,0.6198035657737967,0.3677300000000018
-0.9010483993901417,-1.926725762705609,-2.279794792350431,-0.9133913841718136,-1.428736005667601,-1.140841588766561,0.5693277628425846,-0.3413780025488363,0.8298272644655905,-0.6357681524556699,1.387461145414463,-0.6445136404950121,0.2275962471904847,0.6198035657737967,0.36593000000000175
-0.9099208072668798,-1.923975739542593,-2.279794792350431,-0.918658614113037,-1.428736005667601,-1.146921445102719,0.5693277628425846,-0.3413780025488363,0.8298272644655905,-0.6278778365753599,1.396282608998001,-0.6445136404950121,0.2275962471904847,0.6198035657737967,0.3640600000000017
-0.9170665725792985,-1.927366660859707,-2.286254308075663,-0.8955701179272175,-1.430260693270694,-1.146921445102719,0.5486352038791474,-0.3588053770487977,0.8298150777841771,-0.6278778365753599,1.379371961864326,-0.6445136404950121,0.2275962471904847,0.6198035657737967,0.36247000000000174
-0.9258263084724695,-1.931637708907265,-2.295981780099388,-0.9053146010859677,-1.430260693270694,-1.155349009591206,0.5486352038791474,-0.3588053770487977,0.8298150777841771,-0.6182575300737616,1.323172174989385,-0.6445136404950121,0.2275962471904847,0.6198035657737967,0.3614300000000017
-0.9545981926927808,-1.944607578865559,-2.305925525148512,-0.8834481967586034,-1.430260693270694,-1.155349009591206,0.5258435291755302,-0.3757272336331117,0.8313495235179625,-0.6182575300737616,1.286671563429238,-0.7149876528687886,0.2275962471904847,0.6198035657737967,0.36108000000000173
-0.9545981926927808,-1.947096670120534,-2.321594551063589,-0.8841295703266049,-1.432474694033469,-1.16582777873192,0.5019490121868879,-0.3757272336331117,0.8313495235179625,-0.6075300076623246,1.219714274131426,-0.7149876528687886,0.2275962471904847,0.6198035657737967,0.3616400000000017
-0.9676092750500916,-1.945897797797326,-2.336637605652803,-0.8756452899115543,-1.432474694033469,-1.16582777873192,0.5019490121868879,-0.3916345667533731,0.8337401640368981,-0.6075300076623246,1.194020018091129,-0.7149876528687886,0.2275962471904847,0.6198035657737967,0.3637600000000017
-0.9798805904510273,-1.941961866844446,-2.33909298438617,-0.8751138100043703,-1.432474694033469,-1.16582777873192,0.5019490121868879,-0.3916345667533731,0.8337401640368981,-0.5963747247109237,1.116134054919529,-0.7149876528687886,0.2275962471904847,0.6198035657737967,0.36722000000000166
-1.006166989535662,-1.936392057517206,-2.344272668326457,-0.8689320138421638,-1.435249681744344,-1.177840969819447,0.4780064120283271,-0.4059982879135235,0.8361956660567426,-0.5963747247109237,1.123188951122242,-0.7149876528687886,0.2275962471904847,0.6198035657737967,0.3717400000000016
-1.028244247581254,-1.939743043704619,-2.359752157771999,-0.8662370075568991,-1.435249681744344,-1.190716843797348,0.4780064120283271,-0.4059982879135235,0.8361956660567426,-0.5854929752374246,1.124386504778036,-0.7149876528687886,0.2275962471904847,0.6198035657737967,0.37703000000000164
-1.028244247581254,-1.942082367239957,-2.36740550200767,-0.844126823532677,-1.435249681744344,-1.190716843797348,0.4780064120283271,-0.4183806028528252,0.8378903959420538,-0.5854929752374246,1.132520973110984,-0.7149876528687886,0.2275962471904847,0.6198035657737967,0.3833500000000016
-1.033504893585569,-1.937617472550406,-2.375872448376148,-0.8478282604847578,-1.438409850953372,-1.203679973667533,0.4549932801666794,-0.4183806028528252,0.8378903959420538,-0.5755884324832045,1.107709405423891,-0.7149876528687886,0.2275962471904847,0.6198035657737967,0.39003000000000154
-1.056344185369952,-1.929863729543359,-2.389140377136691,-0.8452173974982684,-1.438409850953372,-1.203679973667533,0.4337223829981617,-0.4285323041330986,0.8380267305814639,-0.5755884324832045,1.129249160682652,-0.7149876528687886,0.2275962471904847,0.4575075378725439,0.3967800000000016
-1.071829714760598,-1.92534933693219,-2.389140377136691,-0.8493821645550177,-1.438409850953372,-1.215911945659374,0.4337223829981617,-0.4285323041330986,0.8380267305814639,-0.5673539190304806,1.114788744252077,-0.7149876528687886,0.2275962471904847,0.4575075378725439,0.40325000000000155
-1.096143653231054,-1.922587558307488,-2.404816692100099,-0.840539634123115,-1.441766424961403,-1.215911945659374,0.4148306850905742,-0.4364320396948412,0.8359035480787259,-0.5673539190304806,1.101899891840812,-0.7149876528687886,0.2275962471904847,0.4575075378725439,0.40906000000000153
-1.114871384885841,-1.919868468060915,-2.410949224426593,-0.8319605800240227,-1.441766424961403,-1.226661449034793,0.4148306850905742,-0.4364320396948412,0.8359035480787259,-0.5614390467502017,1.113306090889325,-0.7149876528687886,0.2275962471904847,0.4575075378725439,0.4140400000000016
-1.125811226104214,-1.914742522589179,-2.424688845332291,-0.8379697362684833,-1.441766424961403,-1.226661449034793,0.3988147773963508,-0.4422669075181538,0.830994177307247,-0.5614390467502017,1.111052969533776,-0.7149876528687886,0.2275962471904847,0.4575075378725439,0.4168000000000015
-1.125811226104214,-1.903906167945913,-2.42684792896368,-0.8332140446658555,-1.445154255867344,-1.235403187051587,0.3988147773963508,-0.4422669075181538,0.830994177307247,-0.5583805192212675,1.10312141428867,-0.7149876528687886,0.2275962471904847,0.4575075378725439,0.4173166666666682
-1.148917608617661,-1.888084062211167,-2.42684792896368,-0.8297148442326199,-1.445154255867344,-1.235403187051587,0.3988147773963508,-0.4463758298481341,0.8230128481151073,-0.5583805192212675,1.098269238698235,-0.7149876528687886,0.2275962471904847,0.2785577065273701,0.4158233333333349
-1.180517958813209,-1.882020852608888,-2.4389171393351,-0.8249610514714072,-1.445154255867344,-1.235403187051587,0.3860671114798642,-0.4463758298481341,0.8230128481151073,-0.5585036484440994,1.10048357104962,-0.7149876528687886,0.2515045985325111,0.2785577065273701,0.41279000000000154
-1.196241950078482,-1.874335531297358,-2.45474282978096,-0.8263844201871905,-1.445154255867344,-1.241982230318025,0.3769020214048816,-0.4491715969731991,0.8230128481151073,-0.5585036484440994,1.108267853960657,-0.7149876528687886,0.2515045985325111,0.2785577065273701,0.40795666666666824
-1.210106922493436,-1.871008900783336,-2.45474282978096,-0.8361952619183369,-1.445154255867344,-1.241982230318025,0.3769020214048816,-0.4491715969731991,0.8230128481151073,-0.5618215492960106,1.122860947874224,-0.7149876528687886,0.2515045985325111,0.2785577065273701,0.4019933333333349
-1.21482326939615,-1.867337688731182,-2.459286471522986,-0.8371709046814236,-1.44846207554769,-1.241982230318025,0.3715841217086461,-0.4510613529474954,0.7980569015884235,-0.5618215492960106,1.153624758270316,-0.7149876528687886,0.2515045985325111,0.2785577065273701,0.3951400000000016
-1.215013221890444,-1.863368727175485,-2.467272489733166,-0.8360195783454045,-1.451650044968432,-1.246664590858207,0.3715841217086461,-0.4510613529474954,0.7980569015884235,-0.5679599933776255,1.171631282160335,-0.7149876528687886,0.2515045985325111,0.2785577065273701,0.3874066666666683
-1.219053942699298,-1.859083524485729,-2.468622139444179,-0.8423593168760959,-1.451650044968432,-1.246664590858207,0.3715841217086461,-0.4510613529474954,0.7818652502009317,-0.5679599933776255,1.192382897188947,-0.7149876528687886,0.2515045985325111,0.2785577065273701,0.37943333333333495
-1.224718273257028,-1.829978143754185,-2.473537814911646,-0.8326918992809456,-1.451650044968432,-1.252956460178287,0.3703504371059077,-0.4523963563183898,0.7818652502009317,-0.5761344601147061,1.208657929874716,-0.7149876528687886,0.2515045985325111,0.2785577065273701,0.3712200000000016
-1.224718273257028,-1.819596359366402,-2.478056407817217,-0.8418655568929845,-1.454753758803137,-1.252956460178287,0.3703504371059077,-0.4523963563183898,0.7818652502009317,-0.5761344601147061,1.21423290614083,-0.7149876528687886,0.2515045985325111,0.2785577065273701,0.36443666666666824
-1.236304342283422,-1.812445179637505,-2.486102525664494,-0.8501119317503625,-1.454753758803137,-1.252956460178287,0.3733946594897508,-0.453460833881328,0.7818652502009317,-0.5851997141725652,1.227000934988213,-0.7149876528687886,0.2515045985325111,0.2785577065273701,0.3596633333333349
-1.246154672939366,-1.809449207984374,-2.494285565612514,-0.8468838210633641,-1.454753758803137,-1.252956460178287,0.3807977667042118,-0.4544696771422954,0.7641151731092178,-0.5851997141725652,1.228958789478385,-0.7149876528687886,0.2515045985325111,0.2785577065273701,0.3571500000000016
-1.249395982127141,-1.805139784789377,-2.494285565612514,-0.8501822301678321,-1.457877772139152,-1.256129623697899,0.3807977667042118,-0.4544696771422954,0.7641151731092178,-0.593773757714908,1.221801124096031,-0.7149876528687886,0.2515045985325111,0.2785577065273701,0.35684666666666826
-1.249952042000014,-1.800697484617299,-2.496070024422382,-0.8613030017541805,-1.457877772139152,-1.256129623697899,0.3807977667042118,-0.4555392957270436,0.745717326293889,-0.593773757714908,1.216418253189767,-0.7149876528687886,0.2515045985325111,0.2785577065273701,0.3589533333333349
-1.249896066407416,-1.799249676957579,-2.496796807668859,-0.8679688090040427,-1.457877772139152,-1.265594813597785,0.3924263641349632,-0.4555392957270436,0.745717326293889,-0.593773757714908,1.208717579337621,-0.7149876528687886,0.2515045985325111,0.4362975051845771,0.3632100000000016
-1.245537016687097,-1.802044160236829,-2.497179633424995,-0.8655779177867798,-1.46118106380857,-1.265594813597785,0.3924263641349632,-0.4566376348689287,0.7276880287065818,-0.593773757714908,1.202302746188619,-0.7149876528687886,0.2275962471904847,0.4362975051845771,0.36943666666666825
-1.245537016687097,-1.800841013489768,-2.498230324282245,-0.8782384513729244,-1.46118106380857,-1.265594813597785,0.4078409886288052,-0.4566376348689287,0.7276880287065818,-0.6004194425505974,1.213097344897783,-0.7149876528687886,0.2275962471904847,0.4362975051845771,0.3776733333333349
-1.245537016687097,-1.80352688931984,-2.498786927564169,-0.884030951774221,-1.46118106380857,-1.265594813597785,0.4078409886288052,-0.4575636072309812,0.7110818417561562,-0.6038594166956676,1.212421840537028,-0.7149876528687886,0.2275962471904847,0.4362975051845771,0.3872400000000016
-1.2439723535436,-1.815237568345076,-2.498786927564169,-0.8912277543016167,-1.46485580804939,-1.272420462646747,0.4262502115357116,-0.4575636072309812,0.7110818417561562,-0.6038594166956676,1.201475684079725,-0.7149876528687886,0.2275962471904847,0.5940373038417484,0.39875666666666826
-1.241028161817034,-1.82284985098625,-2.499411304372582,-0.9042389133340416,-1.46485580804939,-1.272420462646747,0.4465277761641459,-0.4580042531844689,0.6969123340683888,-0.6038594166956676,1.184311341109934,-0.7149876528687886,0.2275962471904847,0.5940373038417484,0.4107833333333349
-1.237295856989636,-1.827480646145259,-2.502055866368051,-0.9030223235173176,-1.46485580804939,-1.280535112610604,0.4465277761641459,-0.4580042531844689,0.6969123340683888,-0.6031906065892955,1.156204441176023,-0.7149876528687886,0.2275962471904847,0.5940373038417484,0.42255000000000154
-1.23784930422945,-1.852030351953583,-2.506872490563,-0.9062687096608919,-1.469101607009448,-1.280535112610604,0.467293006843943,-0.4580042531844689,0.6860669928880081,-0.6031906065892955,1.139981023621151,-0.7149876528687886,0.2275962471904847,-0.04619146062841169,0.43376666666666824
-1.241328720716093,-1.879062708958249,-2.514007438572012,-0.906269154371768,-1.469101607009448,-1.289515476217336,0.467293006843943,-0.4576707834310436,0.6860669928880081,-0.5980511276145906,1.113771517624856,-0.7149876528687886,0.2275962471904847,-0.04619146062841169,0.4440433333333349
-1.257501970674682,-1.88355849720301,-2.52457629432524,-0.9134622083265412,-1.469101607009448,-1.289515476217336,0.4870408343499572,-0.4564681380080905,0.6792224342261935,-0.5980511276145906,1.095858753974764,-0.7149876528687886,0.2275962471904847,-0.04619146062841169,0.4530100000000016
-1.268303486959931,-1.898025067699227,-2.530055887203749,-0.9058829333814835,-1.474097919078778,-1.298722425337722,0.4870408343499572,-0.4564681380080905,0.6792224342261935,-0.5887021727705432,1.122615334655166,-0.7149876528687886,0.2275962471904847,-0.04619146062841169,0.4605566666666682
-1.288011917743321,-1.902944698754244,-2.539328517389223,-0.9190688866187999,-1.474097919078778,-1.298722425337722,0.5043031956185994,-0.4546344807145128,0.6767585919194424,-0.5887021727705432,1.131195536963925,-0.7149876528687886,0.2275962471904847,-0.04619146062841169,0.4668433333333349
-1.302234539177388,-1.921075408434751,-2.543973518547634,-0.9068473235282152,-1.474097919078778,-1.307414467137403,0.5043031956185994,-0.4546344807145128,0.6767585919194424,-0.5760236881547073,1.134549760574207,-0.7149876528687886,0.2275962471904847,-0.04619146062841169,0.47242000000000156
-1.308106868685981,-1.927429494715336,-2.546385645400732,-0.9126078124988476,-1.479976300684942,-1.307414467137403,0.5043031956185994,-0.4546344807145128,0.6786815729782215,-0.5760236881547073,1.139853679720888,-0.7149876528687886,0.2275962471904847,-0.04619146062841169,0.47780666666666827
-1.326704448042321,-1.933060245797933,-2.549957211178204,-0.9087332023703024,-1.479976300684942,-1.314903323355327,0.5043031956185994,-0.4527892098079068,0.6786815729782215,-0.5614451960021615,1.133239614330248,-0.7149876528687886,0.2275962471904847,-0.04619146062841169,0.48212333333333496
-1.338632169328345,-1.938624882256465,-2.552488951732846,-0.9276901991990587,-1.479976300684942,-1.314903323355327,0.5267759843115948,-0.4527892098079068,0.684589176855469,-0.5614451960021615,1.12062269405685,-0.7149876528687886,0.2275962471904847,-0.04619146062841169,0.4860500000000016
-1.354355177373693,-1.939748376636353,-2.564804532495502,-0.9238581540594657,-1.479976300684942,-1.320693448929845,0.5267759843115948,-0.4518546013131391,0.684589176855469,-0.5468145832417677,1.113421997734523,-0.7149876528687886,0.2275962471904847,-0.04619146062841169,0.48995000000000155
-1.362085800561417,-1.946561414705659,-2.574773648979837,-0.9217870031734352,-1.479976300684942,-1.32454154273331,0.5308210515829784,-0.452871770978328,0.6937208717224947,-0.5468145832417677,1.145826843619384,-0.7149876528687886,0.2275962471904847,-0.04619146062841169,0.4935200000000016
-1.362391379386706,-1.950932440210236,-2.579148714579065,-0.9230837139545316,-1.479976300684942,-1.32454154273331,0.5308210515829784,-0.452871770978328,0.6937208717224947,-0.5341805821034219,1.175666279355255,-0.7149876528687886,0.2275962471904847,-0.04619146062841169,0.4971800000000016
-1.38376983276271,-1.950796415471933,-2.60168233962957,-0.9064122536474378,-1.486793092344353,-1.32454154273331,0.5308210515829784,-0.452871770978328,0.7051039113241588,-0.5341805821034219,1.181336071349207,-0.7149876528687886,0.2275962471904847,-0.04619146062841169,0.5011200000000016
-1.413385990543269,-1.958673300159502,-2.60168233962957,-0.9229509104082865,-1.486793092344353,-1.326427939431979,0.5308210515829784,-0.4567818424258137,0.7051039113241588,-0.5254861869630321,1.197425694203974,-0.7149876528687886,0.2275962471904847,-0.04619146062841169,0.5055200000000015
-1.413385990543269,-1.957264719702464,-2.613029904379507,-0.9233123235623208,-1.486793092344353,-1.326427939431979,0.52549717611001,-0.4642482788648647,0.7177527141906236,-0.5254861869630321,1.219016018033199,-0.7149876528687886,0.2275962471904847,-0.04619146062841169,0.5101300000000015
-1.445021963269763,-1.925954479620771,-2.613029904379507,-0.9233024316220061,-1.494505308753504,-1.326485220971972,0.52549717611001,-0.4642482788648647,0.7177527141906236,-0.5222402419003502,1.228106508114473,-0.7149876528687886,0.2275962471904847,0.1139050083274385,0.5139600000000015
-1.466833215961437,-1.919122848078104,-2.623506854183443,-0.9317258957072074,-1.494505308753504,-1.326485220971972,0.5175750928479457,-0.4755591326969044,0.7308498270652042,-0.5222402419003502,1.232394405067979,-0.7149876528687886,0.2275962471904847,0.2832710471247278,0.5165100000000016
-1.479483740639214,-1.9060704897886,-2.623506854183443,-0.9310610532464305,-1.494505308753504,-1.324939827913387,0.5175750928479457,-0.4755591326969044,0.7308498270652042,-0.525282254267406,1.256659403035633,-0.7149876528687886,0.2275962471904847,0.2832710471247278,0.5180000000000016
-1.479483740639214,-1.886768158352454,-2.62689529069323,-0.9352012200031912,-1.502956669885938,-1.324939827913387,0.5175750928479457,-0.4755591326969044,0.7438615885938165,-0.525282254267406,1.242633961274029,-0.7149876528687886,0.2275962471904847,0.2832710471247278,0.5185400000000016
-1.479483740639214,-1.857034859424462,-2.632191870408082,-0.9296910173805369,-1.502956669885938,-1.32209485680678,0.5175750928479457,-0.4755591326969044,0.7438615885938165,-0.5347263122979908,1.214727896249116,-0.7149876528687886,0.2036878958484583,0.1044783271327945,0.5180000000000016
-1.499966454071186,-1.829700631225716,-2.635340307200488,-0.9375795100010003,-1.502956669885938,-1.32209485680678,0.5072295961506454,-0.4906093551834474,0.75658124394493,-0.5347263122979908,1.204874253737453,-0.7149876528687886,0.2036878958484583,0.1044783271327945,0.5169500000000016
-1.506799801945668,-1.827682885135137,-2.638824392589435,-0.9323804952340178,-1.502956669885938,-1.318327513722745,0.5072295961506454,-0.4906093551834474,0.75658124394493,-0.5500883897769229,1.183754382245192,-0.7149876528687886,0.2036878958484583,0.1044783271327945,0.5151700000000015
-1.512376874942726,-1.837473023247019,-2.640494108934681,-0.9401967598149236,-1.502956669885938,-1.318327513722745,0.4951460872177263,-0.5089484193555737,0.7691045640077208,-0.5500883897769229,1.182727214232011,-0.7149876528687886,0.2036878958484583,0.2622181257900015,0.5128000000000015
-1.51069535491895,-1.862449199823667,-2.6432892976039,-0.9522966787862444,-1.502956669885938,-1.314046385243035,0.4951460872177263,-0.5089484193555737,0.7691045640077208,-0.5705285049434156,1.175143291519102,-0.7149876528687886,0.2036878958484583,0.5280505354792048,0.5095800000000015
-1.503890853082901,-1.86846787487819,-2.645529475250544,-0.9448021372691416,-1.511881804800405,-1.314046385243035,0.4818810682467699,-0.5298684727471702,0.7817437956366102,-0.5705285049434156,1.163702696998835,-0.7149876528687886,0.2036878958484583,0.5280505354792048,0.5058400000000015
-1.503890853082901,-1.878167274717376,-2.645784041146307,-0.9453004248978287,-1.511881804800405,-1.309595293742255,0.4679191797048502,-0.552499831895784,0.7817437956366102,-0.5951099183773739,1.144303859609937,-0.7149876528687886,0.2036878958484583,0.5280505354792048,0.5020300000000015
-1.503890221326068,-1.885978349274827,-2.646051926573829,-0.9579247011786441,-1.511881804800405,-1.309595293742255,0.4679191797048502,-0.552499831895784,0.7948993320674947,-0.5951099183773739,1.162384831193552,-0.7149876528687886,0.2036878958484583,0.5280505354792048,0.4983600000000015
-1.506716344574877,-1.894114758604021,-2.648729492713419,-0.9435521384591641,-1.52093034394496,-1.305151811884822,0.4679191797048502,-0.552499831895784,0.7948993320674947,-0.6229953453909814,1.161274086159576,-0.7149876528687886,0.2036878958484583,0.5280505354792048,0.4949600000000015
-1.526672317876786,-1.916091020410614,-2.649915992400925,-0.9557994501571629,-1.52093034394496,-1.305151811884822,0.4537195714186215,-0.5758991145569049,0.8089199537267852,-0.6229953453909814,1.164689807279774,-0.7854616652425651,0.2036878958484583,0.3657545075779163,0.4914400000000015
-1.530319884828389,-1.92676421200124,-2.654527598058997,-0.9502462228037866,-1.52093034394496,-1.300683356772574,0.4537195714186215,-0.5758991145569049,0.8089199537267852,-0.6535461350165701,1.152512971908876,-0.7854616652425651,0.2036878958484583,0.3657545075779163,0.48798000000000147
-1.530319884828389,-1.945380940656936,-2.658359949771909,-0.9425617772495377,-1.529701351543433,-1.300683356772574,0.4397112414853138,-0.5991388121516936,0.8239796007879243,-0.6535461350165701,1.143211238684274,-0.7854616652425651,0.2036878958484583,0.3657545075779163,0.4840800000000014
-1.530319884828389,-1.957754043958766,-2.662749748075242,-0.9397678690887397,-1.529701351543433,-1.295993704707985,0.4397112414853138,-0.5991388121516936,0.8239796007879243,-0.6863287181652801,1.159459817358526,-0.7854616652425651,0.2036878958484583,0.3657545075779163,0.4799300000000014
-1.537283836582531,-1.971131291444904,-2.667691303976328,-0.926095258606611,-1.529701351543433,-1.295993704707985,0.4262362074286206,-0.6213942327904638,0.8399960515124394,-0.6863287181652801,1.166092751375996,-0.7854616652425651,0.2036878958484583,0.3657545075779163,0.47528000000000137
-1.540752707097144,-1.982072421658528,-2.679391400613066,-0.9177939292866664,-1.537774015271015,-1.290845144869625,0.4262362074286206,-0.6213942327904638,0.8399960515124394,-0.7210442211897845,1.139299300436625,-0.7854616652425651,0.2036878958484583,0.3657545075779163,0.47038000000000135
-1.548376774664056,-1.990511478426723,-2.698195731692165,-0.9184023239623297,-1.537774015271015,-1.290845144869625,0.4134696273949348,-0.6419987095556121,0.8566164530937568,-0.7210442211897845,1.13242266409535,-0.7854616652425651,0.2036878958484583,0.3657545075779163,0.46464000000000133
-1.557887611157169,-1.98722155193626,-2.7023198611854,-0.8960987118716386,-1.537774015271015,-1.285101670474523,0.4134696273949348,-0.6419987095556121,0.8566164530937568,-0.7574011256167833,1.165590900538179,-0.7854616652425651,0.2036878958484583,0.3657545075779163,0.45849000000000134
-1.563585426443614,-1.980541168367517,-2.717997687128036,-0.8963458454890477,-1.544730315912027,-1.285101670474523,0.4013682401092749,-0.6604470308320264,0.8732818774342449,-0.7574011256167833,1.122130428993005,-0.7854616652425651,0.2036878958484583,0.3657545075779163,0.4520300000000014
-1.563585426443614,-1.97894430000501,-2.72784138406496,-0.8976416713724021,-1.544730315912027,-1.278836285728421,0.4013682401092749,-0.6604470308320264,0.8732818774342449,-0.7949664593313732,1.111501860071977,-0.7854616652425651,0.2036878958484583,0.3657545075779163,0.44543000000000144
-1.593142976078385,-1.984784580277359,-2.739969805323572,-0.8937103569975992,-1.544730315912027,-1.278836285728421,0.3896894197208255,-0.6763578731987737,0.8893545574894894,-0.7949664593313732,1.130286737076621,-0.7854616652425651,0.2036878958484583,0.3657545075779163,0.43913000000000146
-1.611940139246044,-1.993410370349348,-2.749887367838791,-0.8824710128036362,-1.550178269366457,-1.272371281797917,0.3896894197208255,-0.6763578731987737,0.8893545574894894,-0.8330443893526945,1.098873851310781,-0.7854616652425651,0.2515045985325111,0.3657545075779163,0.43272000000000144
-1.655371158091213,-1.998698941627344,-2.749887367838791,-0.890514566932068,-1.550178269366457,-1.266240416421266,0.378088226691281,-0.6894173028519165,0.9042585541010777,-0.8330443893526945,1.110595522585193,-0.7854616652425651,0.2515045985325111,0.3657545075779163,0.42697000000000146
-1.655371158091213,-1.984912807587575,-2.760394119309745,-0.8821539643932014,-1.550178269366457,-1.266240416421266,0.3662628093873128,-0.6894173028519165,0.9042585541010777,-0.8706253631680523,1.088271416970386,-0.7854616652425651,0.2515045985325111,0.525693865180526,0.4218400000000015
-1.666412532465321,-1.982486946916092,-2.76761669389908,-0.873654520647164,-1.553783330443565,-1.266240416421266,0.3662628093873128,-0.6993227128142891,0.9175781406489412,-0.8706253631680523,1.07069304991888,-0.7854616652425651,0.2515045985325111,0.525693865180526,0.4174800000000015
-1.703507807209972,-1.989986210356386,-2.780312637372448,-0.8709139816753497,-1.553783330443565,-1.266240416421266,0.3662628093873128,-0.6993227128142891,0.9175781406489412,-0.9064270314039662,1.074233435508807,-0.7854616652425651,0.2515045985325111,0.525693865180526,0.41403000000000156
-1.726249242029372,-1.998275964370324,-2.780312637372448,-0.8725220520286167,-1.553783330443565,-1.257552247894128,0.3540902180134798,-0.7057586054229896,0.9290929864090172,-0.9064270314039662,1.069398273266609,-0.7854616652425651,0.2515045985325111,0.525693865180526,0.41233000000000164
-1.738830062329863,-2.004294614545323,-2.788238029821319,-0.869019130754806,-1.555303413339609,-1.257552247894128,0.3540902180134798,-0.7057586054229896,0.9290929864090172,-0.9390175334398106,1.146320235650473,-0.7854616652425651,0.2754129498745374,0.525693865180526,0.4118000000000016
-1.766930885422281,-2.00116356310646,-2.80137465421871,-0.8553415082780503,-1.555303413339609,-1.257552247894128,0.3416995664278648,-0.7084383708134273,0.9387616722686379,-0.9390175334398106,1.14079039277262,-0.7854616652425651,0.2754129498745374,0.525693865180526,0.41252000000000166
-1.779821687963115,-2.002065129367079,-2.810006834989422,-0.8639113622152038,-1.555303413339609,-1.256175359406869,0.3416995664278648,-0.7084383708134273,0.9387616722686379,-0.9390175334398106,1.118111993611071,-0.7854616652425651,0.2754129498745374,0.525693865180526,0.4143700000000017
-1.802849904418943,-2.004813163339229,-2.810006834989422,-0.864514943063139,-1.554617275234999,-1.256175359406869,0.3294642876750674,-0.7072065162633631,0.9466619043185799,-0.9390175334398106,1.101673648223313,-0.7854616652425651,0.2754129498745374,0.525693865180526,0.4164600000000017
-1.840919227279427,-2.009198246566458,-2.831535878712174,-0.8530294852339076,-1.554617275234999,-1.25734352324122,0.3294642876750674,-0.7072065162633631,0.9466619043185799,-0.9669848922761259,1.081211193313387,-0.7854616652425651,0.2754129498745374,0.525693865180526,0.41975000000000173
-1.866240239649574,-2.015958043677307,-2.839557448696432,-0.8445015848346441,-1.554617275234999,-1.25734352324122,0.3179267324620177,-0.7021524351113975,0.9528910861759394,-0.9669848922761259,1.083059829540687,-0.7854616652425651,0.2754129498745374,0.525693865180526,0.4233100000000018
-1.866240239649574,-2.016538982768401,-2.856170001177708,-0.8413625610059824,-1.551741284466872,-1.26125152195081,0.3179267324620177,-0.7021524351113975,0.9528910861759394,-0.9891120129327362,1.058850629455174,-0.7854616652425651,0.2754129498745374,0.525693865180526,0.42660000000000176
-1.910727630055699,-2.013053969368902,-2.864421670824877,-0.835732185702832,-1.551741284466872,-1.26125152195081,0.307691436125734,-0.693692857918927,0.9574526307698206,-0.9891120129327362,1.025040457193081,-0.7854616652425651,0.2754129498745374,0.525693865180526,0.42970000000000186
-1.928114505863203,-2.016904557428989,-2.876680918607808,-0.8350499568571433,-1.551741284466872,-1.267903533385423,0.2993245842178318,-0.693692857918927,0.9574526307698206,-1.004533545100659,1.012160919037185,-0.7854616652425651,0.2754129498745374,0.525693865180526,0.4326600000000019
-1.928114505863203,-2.02529014800148,-2.876680918607808,-0.825329587664591,-1.546834578399769,-1.267903533385423,0.2993245842178318,-0.6826128295274375,0.9601718447228268,-1.004533545100659,1.003355237498033,-0.7854616652425651,0.2754129498745374,0.525693865180526,0.43502000000000185
-1.953365187645328,-2.032241473361871,-2.886763988305015,-0.8162769615945917,-1.546834578399769,-1.267903533385423,0.2993245842178318,-0.6826128295274375,0.9601718447228268,-1.012859947748051,1.012884852340211,-0.7854616652425651,0.2754129498745374,0.525693865180526,0.4370500000000018
-1.984596920881526,-2.035504080643474,-2.899783948736731,-0.8324498159794611,-1.546834578399769,-1.277170628140389,0.2932666298376337,-0.6700581230254952,0.9606704984564974,-1.012859947748051,1.022972155601378,-0.7854616652425651,0.2754129498745374,0.525693865180526,0.4386600000000018
-1.99212476895528,-2.036845161414238,-2.906537419335618,-0.8088290974459384,-1.540191248377015,-1.277170628140389,0.2897508789336541,-0.6700581230254952,0.9606704984564974,-1.014244725065718,1.03336711022536,-0.7854616652425651,0.2754129498745374,0.525693865180526,0.4395500000000018
-2.00697159409589,-2.041806723969264,-2.920825894080734,-0.7950248065671708,-1.540191248377015,-1.277170628140389,0.2897508789336541,-0.6574471421455871,0.9583988506022274,-1.014244725065718,1.043263130468439,-0.7854616652425651,0.2754129498745374,0.525693865180526,0.4410000000000018
-2.033851022738198,-2.049334660506066,-2.927008494922366,-0.7885547179084387,-1.540191248377015,-1.288888552160079,0.2897508789336541,-0.6574471421455871,0.9583988506022274,-1.009371836928459,1.024801478937011,-0.7854616652425651,0.2754129498745374,0.525693865180526,0.44174000000000185
-2.049042005784183,-2.058352553236229,-2.933174602345499,-0.7887713071005991,-1.5322150594519,-1.288888552160079,0.2887443870383728,-0.6462713967868926,0.9583988506022274,-1.009371836928459,1.004807347649627,-0.7854616652425651,0.2993213012165638,0.525693865180526,0.4422600000000019
-2.073166504823105,-2.05938272033068,-2.939123035112647,-0.7834719762374047,-1.5322150594519,-1.302931766011961,0.2887443870383728,-0.6462713967868926,0.9583988506022274,-0.999363957927554,1.002818006254328,-0.7854616652425651,0.2993213012165638,0.525693865180526,0.4433300000000019
-2.08511627478798,-2.059984639176431,-2.941930821387563,-0.787350739539093,-1.5322150594519,-1.302931766011961,0.2887443870383728,-0.6378131533846264,0.9429867402841845,-0.999363957927554,1.000970441685905,-0.7854616652425651,0.3232296525585884,0.525693865180526,0.44501000000000185
-2.08999458370256,-2.058727777665065,-2.949272835048676,-0.7782859569520122,-1.523373870609092,-1.319204084896022,0.289942681513515,-0.6378131533846264,0.9429867402841845,-0.985635452010182,1.020106381605062,-0.7854616652425651,0.3232296525585884,0.3657545075779163,0.44651000000000185
-2.100261786504803,-2.055815069089661,-2.954812873251095,-0.7867075799420725,-1.523373870609092,-1.319204084896022,0.2928284254893641,-0.6328819808854667,0.9429867402841845,-0.985635452010182,1.059594627673008,-0.7854616652425651,0.3232296525585884,0.3657545075779163,0.4479400000000019
-2.112429562483166,-2.038291599954627,-2.959139730957139,-0.7941377860887985,-1.523373870609092,-1.357597503718327,0.2928284254893641,-0.6328819808854667,0.9429867402841845,-0.9697261068712176,1.048292701397942,-0.7854616652425651,0.3232296525585884,0.3657545075779163,0.4495200000000018
-2.125946292683265,-2.029373703573036,-2.96172433451461,-0.7914171540585763,-1.514140394546986,-1.357597503718327,0.2967631107259549,-0.6316738904833707,0.9100638019504677,-0.9697261068712176,1.051615327954216,-0.7854616652425651,0.3232296525585884,0.3657545075779163,0.45089000000000184
-2.125946292683265,-2.016515698792053,-2.965641046094819,-0.8032280110179455,-1.514140394546986,-1.357597503718327,0.2967631107259549,-0.6316738904833707,0.9100638019504677,-0.953149281546989,1.097463743332394,-0.7854616652425651,0.3232296525585884,0.3657545075779163,0.4525900000000019
-2.146053571918948,-2.006464505093779,-2.970346620017094,-0.822513843008782,-1.514140394546986,-1.357597503718327,0.3010668968447717,-0.6337852416707993,0.9100638019504677,-0.953149281546989,1.149568368785258,-0.7854616652425651,0.3232296525585884,0.3657545075779163,0.4541100000000019
-2.160621910162352,-2.006464505093779,-2.978962871403273,-0.825866932603215,-1.50493654704532,-1.378730090619965,0.3010668968447717,-0.6337852416707993,0.9100638019504677,-0.9372674970027632,1.194574072635115,-0.7854616652425651,0.3232296525585884,-0.09552442554706998,0.45667000000000185
-2.170545095485093,-2.003650213869466,-2.986803212026595,-0.8323501150838726,-1.50493654704532,-1.378730090619965,0.305085443143319,-0.63834709526154,0.8872414189741469,-0.9372674970027632,1.179294332620139,-0.7854616652425651,0.3232296525585884,-0.09552442554706998,0.4601600000000019
-2.175542140809633,-2.003125661542754,-2.986803212026595,-0.830105586185734,-1.50493654704532,-1.400009059423574,0.305085443143319,-0.63834709526154,0.8872414189741469,-0.9231963308257556,1.167632107761946,-0.7854616652425651,0.3232296525585884,-0.09552442554706998,0.46417000000000186
-2.1946875414377,-2.001924776627972,-2.986803212026595,-0.8410620307740173,-1.496097098163688,-1.400009059423574,0.3082852166917955,-0.6442212238990457,0.8612387779224495,-0.9231963308257556,1.192376239465157,-0.7854616652425651,0.3232296525585884,-0.09552442554706998,0.46853000000000194
-2.211397148625845,-2.001924776627972,-2.995951464531765,-0.8455850988042098,-1.496097098163688,-1.420255297759559,0.3082852166917955,-0.6442212238990457,0.8612387779224495,-0.9117473455047818,1.210034791689354,-0.7854616652425651,0.3232296525585884,-0.09552442554706998,0.4738700000000019
-2.22055721947314,-2.007169578733513,-3.00008619431908,-0.8568283543463622,-1.496097098163688,-1.420255297759559,0.3103833311614854,-0.650201429589763,0.8332983770821684,-0.9117473455047818,1.204490280936749,-0.7854616652425651,0.3232296525585884,-0.09552442554706998,0.4800500000000019
-2.224060155133161,-2.014787259533628,-3.001549969135194,-0.8634453234574369,-1.487855112078015,-1.438133251357623,0.3103833311614854,-0.650201429589763,0.8332983770821684,-0.9034199748261694,1.245938304611677,-0.7854616652425651,0.3232296525585884,-0.09552442554706998,0.486320000000002
-2.226846382040695,-2.012577965172867,-2.998686068316874,-0.8716699275696047,-1.487855112078015,-1.438133251357623,0.3114471941883416,-0.65518075751792,0.8047836259986629,-0.9034199748261694,1.237620982850442,-0.7854616652425651,0.3232296525585884,-0.09552442554706998,0.49356000000000194
-2.22870149694285,-2.006948060170203,-2.99642435020418,-0.8781992607545113,-1.487855112078015,-1.452265762671137,0.3114471941883416,-0.65518075751792,0.8047836259986629,-0.8984321374634731,1.224622160030855,-0.7854616652425651,0.3232296525585884,-0.09552442554706998,0.501320000000002
-2.230210427140019,-2.014126135947858,-2.99642435020418,-0.8901749159472667,-1.480342570896591,-1.461374961857948,0.3118951402633265,-0.6582690126871752,0.7770118768866872,-0.8984321374634731,1.241823975217714,-0.7854616652425651,0.3232296525585884,-0.09552442554706998,0.509110000000002
-2.228101635179605,-2.027798863095017,-2.996023111786147,-0.9015972279132547,-1.480342570896591,-1.461374961857948,0.3118951402633265,-0.6582690126871752,0.7770118768866872,-0.8967693141060733,1.165638796458799,-0.7854616652425651,0.3232296525585884,-0.09552442554706998,0.5156800000000019
-2.226897391611395,-2.029387397331806,-2.996820011654322,-0.8998551906831984,-1.480342570896591,-1.461374961857948,0.3123910379278821,-0.6588723925411857,0.7511696399897742,-0.8967693141060733,1.198248301945121,-0.7854616652425651,0.3232296525585884,-0.09552442554706998,0.5213300000000018
-2.227028223892225,-2.030577679197122,-2.99863353433794,-0.9188628313609897,-1.473600700332522,-1.46444445229089,0.3123910379278821,-0.6588723925411857,0.7511696399897742,-0.898235946061849,1.209906517513351,-0.7854616652425651,0.3232296525585884,-0.09552442554706998,0.5261800000000019
-2.2297859818432,-2.030598034152614,-2.99863353433794,-0.9198421027038299,-1.473600700332522,-1.46444445229089,0.3136663206457063,-0.6567637471138523,0.7282822082320052,-0.898235946061849,1.259574034953429,-0.7854616652425651,0.3232296525585884,-0.09552442554706998,0.5298400000000019
-2.235647638890543,-2.035545187968014,-3.000948353951533,-0.9362566187104936,-1.473600700332522,-1.460881761702484,0.3136663206457063,-0.6567637471138523,0.7282822082320052,-0.9024979458582055,1.253024942108813,-0.7854616652425651,0.3232296525585884,-0.09552442554706998,0.5324500000000019
-2.238532060269531,-2.043938463955189,-3.004081296995655,-0.9468555628218213,-1.467598413138769,-1.460881761702484,0.3163027099128938,-0.6521472352949018,0.709174972253405,-0.9024979458582055,1.250383529377902,-0.7854616652425651,0.3232296525585884,-0.09552442554706998,0.5340200000000018
-2.243262255255436,-2.043133020690817,-3.004081296995655,-0.9484160428259715,-1.467598413138769,-1.450648641466169,0.3163027099128938,-0.6521472352949018,0.709174972253405,-0.909112703912266,1.229842564282283,-0.7854616652425651,0.3232296525585884,-0.09552442554706998,0.5352100000000017
-2.253798595874738,-2.043294177890137,-3.004081296995655,-0.9516753518446079,-1.467598413138769,-1.450648641466169,0.3163027099128938,-0.645674057789261,0.6944009981635237,-0.909112703912266,1.210612680346373,-0.7854616652425651,0.3232296525585884,-0.09552442554706998,0.5350300000000018
-2.253798595874738,-2.046709320034206,-3.005553095242659,-0.9650080326775378,-1.462259125390282,-1.43432415273757,0.3163027099128938,-0.645674057789261,0.6944009981635237,-0.9175496963177074,1.191861506822566,-0.7854616652425651,0.3232296525585884,-0.09552442554706998,0.5334500000000018
-2.266947784005402,-2.050545531670845,-3.006776591008395,-0.9803511764802073,-1.462259125390282,-1.43432415273757,0.3260461847193841,-0.6383633998121198,0.6841763001629821,-0.9175496963177074,1.236504263286637,-0.7854616652425651,0.3232296525585884,0.07384161325018365,0.5304300000000018
-2.266947784005402,-2.053404710947831,-3.007419246845432,-0.9803507387557431,-1.462259125390282,-1.413085653396559,0.3260461847193841,-0.6383633998121198,0.6841763001629821,-0.9272041053172658,1.24925126671843,-0.7854616652425651,0.3232296525585884,0.07384161325018365,0.5269500000000018
-2.272969589011512,-2.063937326353853,-3.01220010858438,-0.9787854023681154,-1.457495284108393,-1.413085653396559,0.3260461847193841,-0.6314384504975419,0.6783734311485904,-0.9272041053172658,1.244293921342221,-0.7854616652425651,0.3232296525585884,0.2386514228033558,0.5225000000000019
-2.278198850897398,-2.076291588392858,-3.014550639684587,-0.9909401184219617,-1.457495284108393,-1.388626520402667,0.3260461847193841,-0.6314384504975419,0.6783734311485904,-0.9374088288419005,1.241802444267802,-0.7854616652425651,0.3232296525585884,0.2386514228033558,0.5171800000000019
-2.278198850897398,-2.089310695903688,-3.015308778647378,-1.016939952272531,-1.457495284108393,-1.388626520402667,0.3320649748875861,-0.6314384504975419,0.6765677889987131,-0.9374088288419005,1.255867788331022,-0.7854616652425651,0.2754129498745374,0.2386514228033558,0.5119600000000019
-2.282543431024413,-2.095975675923551,-3.018218653683866,-1.029147198654509,-1.453247194249011,-1.36303272521251,0.3373024093339493,-0.6314384504975419,0.6765677889987131,-0.9474593596328146,1.237194843268192,-0.7854616652425651,0.2754129498745374,0.2386514228033558,0.5063800000000019
-2.286062819888138,-2.116530833270865,-3.020611989238315,-1.036882253808188,-1.453247194249011,-1.36303272521251,0.3401632280829646,-0.623592234760106,0.6780894399629461,-0.9474593596328146,1.222940126569532,-0.7854616652425651,0.2754129498745374,0.4103741318992883,0.5004400000000019
-2.291945893399742,-2.125205381359268,-3.021645231655527,-1.04182214084291,-1.453247194249011,-1.338613834135497,0.3401632280829646,-0.623592234760106,0.6780894399629461,-0.9566613814070664,1.196518596866987,-0.7854616652425651,0.2754129498745374,0.4103741318992883,0.4939200000000019
-2.293448644136879,-2.130702392464921,-3.024347091945656,-1.051969430623656,-1.449520150390363,-1.338613834135497,0.3401632280829646,-0.623592234760106,0.6820532523753449,-0.9566613814070664,1.204784149591243,-0.7854616652425651,0.2754129498745374,0.4103741318992883,0.48731000000000196
-2.297868551287489,-2.139515616470442,-3.041693284946849,-1.057297247869999,-1.449520150390363,-1.31768133031808,0.3401632280829646,-0.623592234760106,0.6820532523753449,-0.9643914481272925,1.192061524970333,-0.7854616652425651,0.2754129498745374,0.4103741318992883,0.48118000000000194
-2.297868551287489,-2.156522353025458,-3.041693284946849,-1.06750518975514,-1.449520150390363,-1.302301999879479,0.3389465149879521,-0.6246752060575539,0.687383659614133,-0.9643914481272925,1.123325648587207,-0.7854616652425651,0.2754129498745374,0.4103741318992883,0.47675000000000195
-2.309323623461208,-2.174991309320931,-3.041693284946849,-1.066554450971666,-1.446408636059372,-1.302301999879479,0.3389465149879521,-0.6246752060575539,0.687383659614133,-0.9701549585427914,1.122901013816076,-0.7854616652425651,0.2754129498745374,0.4103741318992883,0.47405000000000197
-2.323178319644934,-2.183733047761174,-3.050027068057622,-1.078387989892273,-1.446408636059372,-1.294081215202897,0.3321100475815992,-0.6299731117621012,0.6928714421105072,-0.9701549585427914,1.161343985903085,-0.7854616652425651,0.2754129498745374,0.4103741318992883,0.47320000000000195
-2.338861125398068,-2.186556726453973,-3.052331035793227,-1.056197502259368,-1.446408636059372,-1.294081215202897,0.3321100475815992,-0.6299731117621012,0.6928714421105072,-0.9701549585427914,1.196698852196019,-0.7854616652425651,0.2754129498745374,0.2362947525046769,0.47381000000000195
-2.347764761226137,-2.185668137082193,-3.056103306624803,-1.062358661323241,-1.446408636059372,-1.294081215202897,0.318538170207072,-0.6397333819618969,0.6972944005405757,-0.9701549585427914,1.222093481987095,-0.7854616652425651,0.2754129498745374,0.2362947525046769,0.47469000000000194
-2.355864113383384,-2.210293776808575,-3.065416957978703,-1.072108696436837,-1.446408636059372,-1.294019414867626,0.318538170207072,-0.6397333819618969,0.6972944005405757,-0.9736374956748306,1.21513616588154,-0.7854616652425651,0.2754129498745374,0.2362947525046769,0.47614000000000195
-2.355864113383384,-2.214696798027758,-3.067479631713982,-1.066184979638737,-1.446408636059372,-1.294019414867626,0.297748820337582,-0.6539084636606303,0.6996001018976503,-0.9736374956748306,1.197990842238629,-0.7854616652425651,0.2754129498745374,0.2362947525046769,0.47815000000000196
-2.35365766204226,-2.231691923856958,-3.072280805164818,-1.063603545178015,-1.446408636059372,-1.302451808863674,0.297748820337582,-0.6539084636606303,0.6996001018976503,-0.97474737351626,1.146760468069701,-0.7854616652425651,0.2754129498745374,0.2362947525046769,0.48088000000000203
-2.352446377246769,-2.233019427943391,-3.08056698519506,-1.067532128579689,-1.446408636059372,-1.302451808863674,0.2700083428348222,-0.6722365818150704,0.6990919074396567,-0.97474737351626,1.09830386139044,-0.7854616652425651,0.3232296525585884,0.2362947525046769,0.484200000000002
-2.361711044709623,-2.233431293232322,-3.083433936318676,-1.058757187653881,-1.446408636059372,-1.319051199999338,0.2700083428348222,-0.6722365818150704,0.6990919074396567,-0.9736386770943194,1.139855434263453,-0.7854616652425651,0.3710463552426412,0.2362947525046769,0.487480000000002
-2.391154936834277,-2.233405396606756,-3.100276093616717,-1.050416377730569,-1.446408636059372,-1.319051199999338,0.2363573503091873,-0.6943086872550821,0.6955306975311536,-0.9736386770943194,1.162012659221999,-0.7854616652425651,0.3710463552426412,0.2362947525046769,0.48933000000000204
-2.404703669706348,-2.231116428776169,-3.108048077449056,-1.046474897327348,-1.446408636059372,-1.342858508520074,0.2363573503091873,-0.6943086872550821,0.6955306975311536,-0.9707127254002367,1.175020182071056,-0.7854616652425651,0.3710463552426412,0.2362947525046769,0.4889800000000021
-2.487336931282137,-2.217185926071799,-3.114872855656211,-1.053693430643124,-1.446408636059372,-1.342858508520074,0.1985430209380675,-0.7196001035715165,0.6891062353309259,-0.9707127254002367,1.18688965472638,-0.7854616652425651,0.3710463552426412,0.2362947525046769,0.486590000000002
-2.539500947351139,-2.212484292969387,-3.123098477325227,-1.049419372753153,-1.446408636059372,-1.372320291971371,0.1985430209380675,-0.7196001035715165,0.6891062353309259,-0.9666112790557873,1.189196864259805,-0.7854616652425651,0.3471380039006148,0.2362947525046769,0.482520000000002
-2.556108905337188,-2.207136293172292,-3.126851433578401,-1.062192341701011,-1.446408636059372,-1.372320291971371,0.1588487922400245,-0.7474869347136989,0.6803072843359464,-0.9666112790557873,1.16608837547221,-0.7854616652425651,0.3471380039006148,0.2362947525046769,0.47788000000000197
-2.587147852091645,-2.199889470602255,-3.126851433578401,-1.086104042104188,-1.446408636059372,-1.405349727292796,0.1198356241779893,-0.7474869347136989,0.6803072843359464,-0.9622005415679682,1.151182549416738,-0.7854616652425651,0.3232296525585884,0.2362947525046769,0.47260000000000196
-2.601292279090201,-2.198039228345081,-3.128496420174014,-1.072407993027409,-1.446408636059372,-1.405349727292796,0.1198356241779893,-0.7772702883250967,0.6697589278042813,-0.9622005415679682,1.180070838449996,-0.7854616652425651,0.3232296525585884,0.3938774398086434,0.46685000000000193
-2.62633429677148,-2.197150640965835,-3.132411446383146,-1.076588999513571,-1.446408636059372,-1.439442309725376,0.1198356241779893,-0.7772702883250967,0.6697589278042813,-0.9585137368631887,1.21776155050664,-0.7854616652425651,0.3232296525585884,0.3938774398086434,0.4602700000000019
-2.670722971689003,-2.203138984937957,-3.131387636283858,-1.08321405040086,-1.446408636059372,-1.439442309725376,0.08403005974569011,-0.8082169115617601,0.6580821149506951,-0.9585137368631887,1.266243270637265,-0.7854616652425651,0.3232296525585884,0.3938774398086434,0.4531300000000019
-2.68343266097588,-2.193097549082633,-3.132865700401104,-1.087031002606857,-1.446408636059372,-1.471856396938697,0.08403005974569011,-0.8082169115617601,0.6580821149506951,-0.9566266344599321,1.303734967362439,-0.7854616652425651,0.3232296525585884,0.2362947525046769,0.44561000000000195
-2.68343266097588,-2.189548029390742,-3.13576305553534,-1.088190732276646,-1.446408636059372,-1.471856396938697,0.05361730651868589,-0.8396121546719285,0.6458045553641423,-0.9566266344599321,1.334428819487411,-0.7854616652425651,0.3232296525585884,0.2362947525046769,0.43866000000000194
-2.68925701914395,-2.182712842495104,-3.141297169226927,-1.094388420153604,-1.446408636059372,-1.499845472017024,0.05361730651868589,-0.8396121546719285,0.6458045553641423,-0.9574917405444902,1.357775915004034,-0.7854616652425651,0.3232296525585884,0.2362947525046769,0.4329900000000019
-2.716808543442998,-2.170022858730339,-3.146364054309956,-1.099663057175874,-1.446408636059372,-1.499845472017024,0.03021916122600489,-0.8708032516932167,0.6333326180365221,-0.9574917405444902,1.391707307046183,-0.7854616652425651,0.2993213012165638,0.03629199982481249,0.4287900000000019
-2.731158483321866,-2.166443925344866,-3.146629091293865,-1.080209463451332,-1.446408636059372,-1.52091936835498,0.01480799581371884,-0.8708032516932167,0.6333326180365221,-0.9617905823211572,1.414924066749846,-0.7854616652425651,0.2993213012165638,0.03629199982481249,0.4260200000000019
-2.734739119115174,-2.164571137827063,-3.146629091293865,-1.091024438534434,-1.446408636059372,-1.52091936835498,0.01480799581371884,-0.9012078228979395,0.6209644398153024,-0.9617905823211572,1.420916671876306,-0.7854616652425651,0.2993213012165638,0.03629199982481249,0.4242300000000019
-2.737413351149899,-2.152425318105774,-3.144348079621433,-1.095510768014876,-1.444089739247342,-1.533109639732211,0.01480799581371884,-0.9012078228979395,0.6209644398153024,-0.9698431993100769,1.466843258818691,-0.7854616652425651,0.2754129498745374,0.03629199982481249,0.4236400000000019
-2.734594901628299,-2.140010084466588,-3.140653363340321,-1.116631971529271,-1.444089739247342,-1.533109639732211,0.007736835416197149,-0.9302922961538651,0.6089061457224079,-0.9698431993100769,1.505942010954855,-0.7854616652425651,0.2754129498745374,0.217441390115389,0.42440000000000194
-2.734594901628299,-2.134664704256295,-3.135262505354719,-1.119043244167844,-1.444089739247342,-1.533109639732211,0.007736835416197149,-0.9302922961538651,0.6089061457224079,-0.9815776387016041,1.522668495759068,-0.7854616652425651,0.2754129498745374,0.217441390115389,0.42684000000000194
-2.72339976758995,-2.137079013681424,-3.129324713189932,-1.141580517123588,-1.442775793968756,-1.535209916144287,0.008827827616248658,-0.9575493729156428,0.5972717820245409,-0.9815776387016041,1.516571491842327,-0.7854616652425651,0.2515045985325111,0.217441390115389,0.43050000000000194
-2.710731185372938,-2.160810595906805,-3.125716038089431,-1.166047476007486,-1.442775793968756,-1.526943195848114,0.008827827616248658,-0.9575493729156428,0.5972717820245409,-0.9965481749789885,1.460483887845269,-0.7854616652425651,0.2515045985325111,0.217441390115389,0.43583000000000194
-2.698930925725619,-2.164062276380991,-3.120454825859288,-1.185422965346306,-1.442775793968756,-1.526943195848114,0.01747945896331815,-0.982496052319921,0.586069222570088,-0.9965481749789885,1.427422190113251,-0.7854616652425651,0.2515045985325111,0.217441390115389,0.44191000000000197
-2.687255649528671,-2.168694489407442,-3.119288411953917,-1.18914260728714,-1.442775793968756,-1.508999801260247,0.01747945896331815,-0.982496052319921,0.586069222570088,-1.01399369460337,1.414644631504729,-0.7854616652425651,0.2515045985325111,0.217441390115389,0.44814000000000204
-2.674924978179968,-2.175088633462598,-3.116837616986038,-1.203571251842478,-1.442775793968756,-1.508999801260247,0.0327824256442848,-1.004696710873376,0.586069222570088,-1.01399369460337,1.410827958387215,-0.7854616652425651,0.2515045985325111,0.217441390115389,0.45446000000000203
-2.670911267556228,-2.189862840632181,-3.115428311039254,-1.244853221265448,-1.442775793968756,-1.508999801260247,0.0327824256442848,-1.004696710873376,0.586069222570088,-1.032933389582968,1.412098126919497,-0.7854616652425651,0.2515045985325111,0.217441390115389,0.46097000000000204
-2.654607815521465,-2.208807652995045,-3.115428311039254,-1.262061169401552,-1.442641379753642,-1.482920951957446,0.05364876971038564,-1.023798033164574,0.5643006212326176,-1.032933389582968,1.454247346477018,-0.7854616652425651,0.2515045985325111,0.3820940883153206,0.46757000000000204
-2.62915040780425,-2.229606073476907,-3.11341093109853,-1.282497454474827,-1.442641379753642,-1.450842409479139,0.05364876971038564,-1.023798033164574,0.5643006212326176,-1.052296363131657,1.481370849729916,-0.7854616652425651,0.2515045985325111,0.3820940883153206,0.473750000000002
-2.624884237103339,-2.234702516331153,-3.105084394468373,-1.29089915643743,-1.442641379753642,-1.450842409479139,0.07895129094224629,-1.039549808116507,0.5643006212326176,-1.052296363131657,1.492071547090198,-0.7854616652425651,0.2275962471904847,0.3820940883153206,0.47894000000000203
-2.606410198393796,-2.26595863302318,-3.105084394468373,-1.300909660982766,-1.443755974506539,-1.41514466312324,0.07895129094224629,-1.039549808116507,0.5643006212326176,-1.071067674694831,1.523779492573581,-0.7854616652425651,0.2275962471904847,0.3820940883153206,0.483130000000002
-2.584932568197429,-2.273523773955219,-3.103853695485422,-1.315970879986013,-1.443755974506539,-1.41514466312324,0.1076385557268554,-1.051797450896877,0.540731138398883,-1.071067674694831,1.515356973467341,-0.7854616652425651,0.2275962471904847,0.1610384143007298,0.486860000000002
-2.568044104882009,-2.29367962347796,-3.103853695485422,-1.330059515593069,-1.443755974506539,-1.37810059514534,0.1076385557268554,-1.051797450896877,0.540731138398883,-1.088415454452135,1.512222853579633,-0.7854616652425651,0.2275962471904847,-0.02969476853776685,0.489370000000002
-2.568044104882009,-2.305389139599365,-3.108690663408416,-1.326079716080116,-1.446045858038938,-1.37810059514534,0.1076385557268554,-1.060453460803749,0.540731138398883,-1.088415454452135,1.525220838580137,-0.7854616652425651,0.2275962471904847,-0.02969476853776685,0.4918600000000021
-2.559280479262056,-2.315871799360081,-3.111992569502541,-1.347486894211751,-1.446045858038938,-1.37810059514534,0.1387727469669436,-1.060453460803749,0.540731138398883,-1.103761660121462,1.499540341460806,-0.7854616652425651,0.2275962471904847,-0.02969476853776685,0.4946900000000021
-2.551204431745552,-2.327071843448612,-3.115350767965943,-1.353746620656829,-1.446045858038938,-1.37810059514534,0.1387727469669436,-1.060453460803749,0.5269968942638291,-1.103761660121462,1.486110912211572,-0.7854616652425651,0.2036878958484583,-0.02969476853776685,0.49729000000000206
-2.541556623456346,-2.350363399159251,-3.114380710143234,-1.366746750074939,-1.449292756580936,-1.307176537267199,0.1714820884777673,-1.065456921831154,0.5269968942638291,-1.116778985949028,1.457450353630302,-0.7854616652425651,0.2036878958484583,-0.02969476853776685,0.4989900000000021
-2.535103716193051,-2.35658391255606,-3.11187046321065,-1.368603464988227,-1.449292756580936,-1.307176537267199,0.2048957583779504,-1.066719046926232,0.5114651994607758,-1.116778985949028,1.401685815480127,-0.7854616652425651,0.2036878958484583,-0.1872774558416976,0.49961000000000205
-2.533639389984838,-2.371522672813113,-3.110926030463771,-1.387480382752996,-1.449292756580936,-1.307176537267199,0.2048957583779504,-1.066719046926232,0.5114651994607758,-1.127326178822646,1.381244038291227,-0.7854616652425651,0.2036878958484583,-0.1872774558416976,0.49945000000000206
-2.533639389984838,-2.3821163728932,-3.1094812098206,-1.382010826505001,-1.453166295376342,-1.307176537267199,0.2381301890227203,-1.064061323322362,0.4940256646906537,-1.127326178822646,1.380857141591987,-0.7854616652425651,0.2036878958484583,-0.1872774558416976,0.4988700000000021
-2.533639389984838,-2.385976299678338,-3.1094812098206,-1.391420629665131,-1.453166295376342,-1.275761371221599,0.2381301890227203,-1.064061323322362,0.4940256646906537,-1.1353556624111,1.354249171595759,-0.7854616652425651,0.2036878958484583,-0.1872774558416976,0.49775000000000214
-2.531672975229919,-2.383500938929332,-3.105609537853262,-1.394912563038154,-1.453166295376342,-1.275761371221599,0.2703078380032712,-1.057191866710935,0.474789193001786,-1.1353556624111,1.340948943841317,-0.7854616652425651,0.2036878958484583,-0.1872774558416976,0.49553000000000214
-2.531672975229919,-2.382278094596687,-3.103284004505679,-1.391200107080536,-1.457280803167708,-1.248033798143876,0.2703078380032712,-1.057191866710935,0.474789193001786,-1.140832496807548,1.358177525490933,-0.7854616652425651,0.2036878958484583,-0.1872774558416976,0.4926900000000021
-2.530561027992668,-2.390396801163846,-3.103223597734438,-1.39493148182877,-1.457280803167708,-1.248033798143876,0.3005441182167848,-1.045782318137294,0.4540778897484893,-1.140832496807548,1.358074726512936,-0.7854616652425651,0.2036878958484583,-0.02498142794044486,0.4881700000000021
-2.528793488480391,-2.387672017421227,-3.104111229162266,-1.394443447141708,-1.457280803167708,-1.224431558177388,0.3005441182167848,-1.045782318137294,0.4540778897484893,-1.143694151654973,1.370533815062818,-0.7854616652425651,0.2036878958484583,-0.02498142794044486,0.48196000000000205
-2.524022369572925,-2.382245838418276,-3.104111229162266,-1.405660866291147,-1.461261396652853,-1.224431558177388,0.3005441182167848,-1.045782318137294,0.4324166688048272,-1.143694151654973,1.396025963149646,-0.7854616652425651,0.2275962471904847,-0.02498142794044486,0.47476000000000207
-2.530531884639861,-2.386294337912949,-3.104111229162266,-1.392806527973972,-1.461261396652853,-1.205311819338433,0.3279004486581515,-1.045782318137294,0.4324166688048272,-1.14386070457992,1.406647188025029,-0.7854616652425651,0.2275962471904847,-0.02498142794044486,0.4676200000000021
-2.56049500840071,-2.400012435928734,-3.104653565240559,-1.395093803048729,-1.461261396652853,-1.205311819338433,0.3279004486581515,-1.008942843569352,0.4105045204848987,-1.14386070457992,1.418230959973825,-0.7854616652425651,0.2515045985325111,-0.02498142794044486,0.4609200000000021
-2.56049500840071,-2.412067229033042,-3.105984375445945,-1.416711592386348,-1.464803308568482,-1.191001807074849,0.3513761032049315,-1.008942843569352,0.4105045204848987,-1.14386070457992,1.413745318173102,-0.7854616652425651,0.2515045985325111,-0.02498142794044486,0.4547700000000021
-2.594795081329917,-2.412067229033042,-3.111198874560765,-1.418478724588583,-1.464803308568482,-1.191001807074849,0.36999620553872,-0.9842817096644748,0.3891455538496855,-1.141283377617253,1.401014360999395,-0.7854616652425651,0.2515045985325111,-0.02498142794044486,0.4492500000000021
-2.606200653990093,-2.424561666414056,-3.117956937737371,-1.399928911558981,-1.464803308568482,-1.18173116147691,0.36999620553872,-0.9842817096644748,0.3891455538496855,-1.136006166369851,1.373260992288581,-0.7854616652425651,0.2515045985325111,-0.02498142794044486,0.44452000000000214
-2.611606243847137,-2.422933764104708,-3.122431902962462,-1.40574716389564,-1.467714072563916,-1.18173116147691,0.3829595698360578,-0.9842817096644748,0.369147590766439,-1.136006166369851,1.374617673292668,-0.7854616652425651,0.2515045985325111,-0.02498142794044486,0.44115000000000204
-2.611606243847137,-2.419005439338755,-3.125516588764758,-1.373724701417157,-1.467714072563916,-1.177492806142241,0.3829595698360578,-0.9567414382783981,0.369147590766439,-1.128214568145953,1.38991545569651,-0.7854616652425651,0.2515045985325111,-0.02498142794044486,0.4391300000000021
-2.611606243847137,-2.417608752488728,-3.134861250941156,-1.393230684539185,-1.467714072563916,-1.177492806142241,0.389743873047656,-0.927780538160055,0.3512164099039407,-1.128214568145953,1.387082126404574,-0.7854616652425651,0.2515045985325111,-0.02498142794044486,0.4388900000000021
-2.616659388076869,-2.417767380544824,-3.134861250941156,-1.375633561456428,-1.469934868289337,-1.177924161242927,0.389743873047656,-0.927780538160055,0.3512164099039407,-1.118255586630886,1.399121985794211,-0.7854616652425651,0.2515045985325111,-0.02498142794044486,0.44039000000000206
-2.631594886607107,-2.417914961461866,-3.142051484560615,-1.377827911541843,-1.469934868289337,-1.182293573338431,0.389743873047656,-0.8990960561979602,0.3358650093223827,-1.118255586630886,1.412566776811187,-0.7854616652425651,0.2515045985325111,-0.02498142794044486,0.44321000000000205
-2.635529132301383,-2.416250234986018,-3.144524445256322,-1.372305376148311,-1.469934868289337,-1.182293573338431,0.389743873047656,-0.8990960561979602,0.3358650093223827,-1.106626285255062,1.446508134053318,-0.7854616652425651,0.2515045985325111,0.1327583707167621,0.446500000000002
-2.637533083804691,-2.412264975963301,-3.147011020417418,-1.350366588221294,-1.471541076070629,-1.182293573338431,0.3840046818639468,-0.8990960561979602,0.3233432706036976,-1.106626285255062,1.45817994576091,-0.7854616652425651,0.2515045985325111,0.1327583707167621,0.450280000000002
-2.634751513449894,-2.40977743134401,-3.147904107225979,-1.339906549616001,-1.471541076070629,-1.189625651777885,0.3840046818639468,-0.8990960561979602,0.3233432706036976,-1.106626285255062,1.46322947998647,-0.7854616652425651,0.2515045985325111,0.1327583707167621,0.45427000000000206
-2.635776538687478,-2.409646250815269,-3.149485968726162,-1.338128796716016,-1.471541076070629,-1.189625651777885,0.3840046818639468,-0.8724439820388419,0.3136024474395175,-1.106626285255062,1.471663079133368,-0.7854616652425651,0.2515045985325111,0.2903410580206929,0.458290000000002
-2.639459842574097,-2.399410290810358,-3.149485968726162,-1.311545196206497,-1.472724138408681,-1.198918972550247,0.3840046818639468,-0.8724439820388419,0.3136024474395175,-1.080813521816286,1.474439090312292,-0.7854616652425651,0.2515045985325111,0.2903410580206929,0.461800000000002
-2.64093687286756,-2.387518365887788,-3.149485968726162,-1.320205139757294,-1.472724138408681,-1.198918972550247,0.3528162262106362,-0.8314634698478015,0.3063185927217883,-1.080813521816286,1.493049569673874,-0.7854616652425651,0.2515045985325111,0.2903410580206929,0.464290000000002
-2.647149375997015,-2.372498808755344,-3.150048161884503,-1.283746833845356,-1.472724138408681,-1.209353860828966,0.3528162262106362,-0.8314634698478015,0.3063185927217883,-1.080813521816286,1.513175096589889,-0.7854616652425651,0.2515045985325111,0.2903410580206929,0.46536000000000194
-2.645721623588317,-2.357998054630135,-3.150048161884503,-1.280285247198855,-1.473757089512373,-1.209353860828966,0.3528162262106362,-0.8314634698478015,0.3009787179655525,-1.080813521816286,1.545063343008577,-0.7854616652425651,0.2515045985325111,0.1139050083274385,0.46494000000000196
-2.645721623588317,-2.348305488406721,-3.150048161884503,-1.274089625268438,-1.473757089512373,-1.220404639750021,0.3528162262106362,-0.8314634698478015,0.3009787179655525,-1.067855658241562,1.552057619234509,-0.7854616652425651,0.2515045985325111,-0.07195772256046001,0.4631200000000019
-2.645721623588317,-2.334078136109375,-3.148999372352607,-1.267698263308231,-1.473757089512373,-1.220404639750021,0.3281186491045283,-0.8194436341699837,0.2970060933788583,-1.067855658241562,1.555089543927877,-0.7854616652425651,0.2515045985325111,-0.07195772256046001,0.46015000000000195
-2.645721623588317,-2.30852279777889,-3.147712470979004,-1.266596221202366,-1.474945415406101,-1.23183974569427,0.3281186491045283,-0.8194436341699837,0.2970060933788583,-1.055504780576958,1.557962669934384,-0.7854616652425651,0.2515045985325111,0.1162616786261173,0.456360000000002
-2.645721623588317,-2.300433696330449,-3.147587251156428,-1.275599496876994,-1.474945415406101,-1.243644324785467,0.2978012077307366,-0.8139556826009586,0.2939009945539087,-1.055504780576958,1.537646598489917,-0.7854616652425651,0.2515045985325111,-0.04147812003105397,0.451520000000002
-2.641602130584299,-2.294363896296616,-3.146551107437963,-1.258938438984786,-1.474945415406101,-1.243644324785467,0.2978012077307366,-0.8139556826009586,0.2939009945539087,-1.044028981739576,1.519390421676252,-0.7854616652425651,0.2515045985325111,-0.3732972980828366,0.44611000000000195
-2.6359391665314,-2.279027036912522,-3.143293005589901,-1.254903977368562,-1.476568207495735,-1.243644324785467,0.2231191520517825,-0.8151702222674401,0.2913784887996202,-1.044028981739576,1.510715896566905,-0.7854616652425651,0.2515045985325111,-0.3732972980828366,0.44036000000000197
-2.632565541965152,-2.26493913408959,-3.140618363039817,-1.274525143275281,-1.476568207495735,-1.255900775926726,0.2231191520517825,-0.8151702222674401,0.2913784887996202,-1.033531400331673,1.51191315089276,-0.7854616652425651,0.2515045985325111,-0.3732972980828366,0.4348500000000019
-2.612389443502541,-2.24377190888873,-3.135381009390528,-1.272841384530377,-1.476568207495735,-1.255900775926726,0.2231191520517825,-0.8228793379295862,0.2894612401632614,-1.033531400331673,1.533293999437502,-0.7854616652425651,0.2515045985325111,0.05263158056221683,0.4300900000000019
-2.594678699766908,-2.248369898608491,-3.133239955709839,-1.283658631546275,-1.476568207495735,-1.268654234116762,0.2231191520517825,-0.8228793379295862,0.2894612401632614,-1.024005840361013,1.547946628690155,-0.7854616652425651,0.2515045985325111,-0.1120211176377148,0.42683000000000193
-2.594678699766908,-2.254309378532105,-3.125065973352895,-1.294860845000119,-1.476568207495735,-1.268654234116762,0.1811131806039784,-0.8365045266595127,0.2884646224024901,-1.024005840361013,1.555651093829667,-0.7854616652425651,0.2515045985325111,-0.2743171455390033,0.425360000000002
-2.577437358677565,-2.251995460816215,-3.114230042555576,-1.293265376097688,-1.476568207495735,-1.281792737016163,0.1382368451475001,-0.8365045266595127,0.2884646224024901,-1.015409119741107,1.565977047074779,-0.7854616652425651,0.2515045985325111,-0.2743171455390033,0.42548000000000197
-2.560702029827662,-2.245706954523865,-3.110369574273298,-1.303463308447827,-1.476568207495735,-1.281792737016163,0.1382368451475001,-0.8551121453496228,0.2888537943262675,-1.015409119741107,1.518520530910428,-0.7854616652425651,0.2515045985325111,-0.2743171455390033,0.426820000000002
-2.550030973672596,-2.241817283986335,-3.110369574273298,-1.304711933920534,-1.476568207495735,-1.294967994677557,0.1382368451475001,-0.8774787632150638,0.2888537943262675,-1.00772632699573,1.45887013430354,-0.7854616652425651,0.2515045985325111,-0.05561814182305568,0.42943000000000203
-2.539670469737889,-2.239572754252058,-3.106627503021448,-1.306039602562094,-1.476568207495735,-1.294967994677557,0.0965289799831665,-0.8774787632150638,0.2910396470387894,-1.00772632699573,1.435207673527662,-0.7854616652425651,0.2515045985325111,-0.05561814182305568,0.43332000000000204
-2.537886810370352,-2.23982564293795,-3.106627503021448,-1.30621697747989,-1.478822531083022,-1.307584791272762,0.0965289799831665,-0.8774787632150638,0.2910396470387894,-1.001019657681302,1.426310613957241,-0.7854616652425651,0.2515045985325111,-0.05561814182305568,0.43827000000000205
-2.530100427678996,-2.238864208270777,-3.095920560409854,-1.30745478250236,-1.478822531083022,-1.307584791272762,0.05810021370333077,-0.9022380854165692,0.2952183785229298,-1.001019657681302,1.431950671913413,-0.7854616652425651,0.2515045985325111,0.1021216568341513,0.443730000000002
-2.519193944484011,-2.236248915997879,-3.094818135990703,-1.308737680882135,-1.478822531083022,-1.318884227544027,0.05810021370333077,-0.9022380854165692,0.2952183785229298,-0.9954609212455773,1.431346660855851,-0.7854616652425651,0.2515045985325111,0.1021216568341513,0.4500700000000021
-2.507427162198621,-2.229744554516818,-3.094818135990703,-1.317261528453027,-1.481787584648423,-1.318884227544027,0.02491792588385282,-0.9280750144389975,0.3013060786764339,-0.9954609212455773,1.412873409991158,-0.7854616652425651,0.2515045985325111,0.06677160235418281,0.4568300000000021
-2.49738464029006,-2.225312630853603,-3.094818135990703,-1.322372500444458,-1.481787584648423,-1.328103303617636,0.02491792588385282,-0.9280750144389975,0.3013060786764339,-0.9913423405356513,1.416569412251381,-0.7854616652425651,0.2515045985325111,0.06677160235418281,0.46361000000000213
-2.493560360720881,-2.230262574107367,-3.094818135990703,-1.304906412482627,-1.481787584648423,-1.328103303617636,-0.001403369732632949,-0.9538919424253213,0.3089432008554487,-0.9913423405356513,1.390847990051213,-0.7854616652425651,0.2515045985325111,0.06677160235418281,0.4703600000000021
-2.498363697493336,-2.23517737344835,-3.095203379855699,-1.311312582843506,-1.485415807582204,-1.334649375786258,-0.001403369732632949,-0.9538919424253213,0.3089432008554487,-0.9890548064962963,1.348678855098421,-0.7854616652425651,0.2515045985325111,0.06677160235418281,0.47782000000000213
-2.501993016263505,-2.239658546354991,-3.101158544208965,-1.336874047279834,-1.485415807582204,-1.334649375786258,-0.01979065964917793,-0.9788932649614677,0.3175249571398927,-0.9890548064962963,1.289403008626357,-0.7854616652425651,0.2515045985325111,0.06677160235418281,0.4869400000000022
-2.505291042767703,-2.239658546354991,-3.103614535155733,-1.340150557889584,-1.485415807582204,-1.338234449431653,-0.0298718472959952,-0.9788932649614677,0.3175249571398927,-0.9890327014722594,1.283806593802457,-0.7854616652425651,0.2515045985325111,0.06677160235418281,0.49831000000000214
-2.50493998205869,-2.242018429052461,-3.103499708966632,-1.332910592643373,-1.489542728104418,-1.338234449431653,-0.0298718472959952,-1.002577642722669,0.326246548335493,-0.9890327014722594,1.276683704385156,-0.7854616652425651,0.2515045985325111,0.06677160235418281,0.5123400000000021
-2.502708259681164,-2.240705354261453,-3.101988113166854,-1.336394941263401,-1.489542728104418,-1.338938880469086,-0.0298718472959952,-1.002577642722669,0.326246548335493,-0.9916798179841667,1.249050285902512,-0.7854616652425651,0.2515045985325111,0.06677160235418281,0.5286800000000021
-2.502708259681164,-2.240633849426789,-3.101458103644399,-1.373118802798467,-1.489542728104418,-1.338938880469086,-0.0320788955071037,-1.024668339936143,0.3341726818154295,-0.9916798179841667,1.249341680079801,-0.7854616652425651,0.2515045985325111,0.06677160235418281,0.5480000000000022
-2.497302767023788,-2.234950139448704,-3.100892917603633,-1.374079237007107,-1.493905282669367,-1.337175544497813,-0.0320788955071037,-1.024668339936143,0.3341726818154295,-0.9972985760428751,1.240215358033238,-0.7854616652425651,0.2515045985325111,0.06677160235418281,0.5690400000000022
-2.501172116159897,-2.225869732321625,-3.100511352902497,-1.38725879915446,-1.493905282669367,-1.337175544497813,-0.02762970745716202,-1.04502413402781,0.3341726818154295,-0.9972985760428751,1.235244763684773,-0.7854616652425651,0.2515045985325111,-0.1096644473390717,0.5920900000000022
-2.501172116159897,-2.222323328346462,-3.098679234895612,-1.403208208609947,-1.493905282669367,-1.333541142188372,-0.02762970745716202,-1.04502413402781,0.3341726818154295,-1.006047412459125,1.227712876199169,-0.7854616652425651,0.2515045985325111,-0.5379499962827683,0.6167900000000022
-2.501172116159897,-2.204556866112421,-3.096920639876868,-1.405890749235967,-1.498170034424091,-1.328609204381335,-0.01833134260383031,-1.063554739769305,0.3437989562157848,-1.006047412459125,1.209310610899661,-0.7854616652425651,0.2515045985325111,-0.5379499962827683,0.6423500000000022
-2.505836844079821,-2.205568142316121,-3.09191629682416,-1.405366944366196,-1.498170034424091,-1.328609204381335,-0.01833134260383031,-1.063554739769305,0.3437989562157848,-1.017942434523972,1.19369369063617,-0.7854616652425651,0.2515045985325111,-0.5379499962827683,0.6671300000000022
-2.513645865279729,-2.208857950737311,-3.09191629682416,-1.425712613265967,-1.498170034424091,-1.328609204381335,-0.006241303513860429,-1.080159131228583,0.3438269358151541,-1.017942434523972,1.173551869345228,-0.7854616652425651,0.2515045985325111,-0.3780106386801586,0.6894200000000021
-2.516035943989363,-2.207036043995456,-3.089346870726736,-1.431050246570994,-1.50197625376211,-1.322775663533923,0.006687248614563175,-1.080159131228583,0.3438269358151541,-1.032891297668031,1.173407998330137,-0.7854616652425651,0.2515045985325111,-0.3780106386801586,0.7073900000000022
-2.517844357736906,-2.207504547594589,-3.086986116159439,-1.456606757285256,-1.50197625376211,-1.322775663533923,0.006687248614563175,-1.09470929620772,0.339914378813743,-1.032891297668031,1.183519034992719,-0.7854616652425651,0.2515045985325111,-0.3780106386801586,0.7198100000000022
-2.51925853681472,-2.214431645776429,-3.086986116159439,-1.4519951648295,-1.50197625376211,-1.322775663533923,0.006687248614563175,-1.09470929620772,0.339914378813743,-1.050722683864733,1.213206170426597,-0.7854616652425651,0.2515045985325111,0.0127252968381668,0.7267700000000021
-2.519510870723282,-2.21912191270135,-3.086986116159439,-1.458478489964459,-1.504989752915663,-1.316231836646491,0.0188717449208615,-1.107076534961384,0.3319183545993,-1.050722683864733,1.23041046892466,-0.7854616652425651,0.2515045985325111,0.1938746871287433,0.7280400000000021
-2.520026975117564,-2.227354053897683,-3.086085097340931,-1.463507513157043,-1.504989752915663,-1.309043069128938,0.0188717449208615,-1.107076534961384,0.3319183545993,-1.071180376956351,1.232432238222437,-0.7854616652425651,0.2515045985325111,0.3563278263832723,0.7244800000000021
-2.520895852633462,-2.228969609913324,-3.084920626141134,-1.451220330013954,-1.504989752915663,-1.309043069128938,0.02924940930250474,-1.117167316153155,0.3319183545993,-1.071180376956351,1.242871834094457,-0.7854616652425651,0.2993213012165638,0.3563278263832723,0.7152500000000022
-2.522514096949332,-2.234810576187756,-3.08493954100641,-1.472756427924595,-1.50695648744877,-1.301248309870781,0.02924940930250474,-1.117167316153155,0.3319183545993,-1.093880298083417,1.23315490860057,-0.7854616652425651,0.2993213012165638,0.3563278263832723,0.7007300000000021
-2.525093151987618,-2.239698140797413,-3.083866482383403,-1.476880878060025,-1.50695648744877,-1.301248309870781,0.03731427879021389,-1.124944422636602,0.3201078413367469,-1.093880298083417,1.24491871851303,-0.7854616652425651,0.3232296525585884,0.3563278263832723,0.6817500000000021
-2.532945213480668,-2.245666782137519,-3.081929677832317,-1.4682570540057,-1.50695648744877,-1.292915812436789,0.03731427879021389,-1.124944422636602,0.3201078413367469,-1.118255149734394,1.254400291687246,-0.7854616652425651,0.3232296525585884,0.3563278263832723,0.6596700000000022
-2.532945213480668,-2.248908993104832,-3.079119425379186,-1.449697102722125,-1.507741856063693,-1.292915812436789,0.04305011582174212,-1.130436047597344,0.3051330814843717,-1.118255149734394,1.250590874610692,-0.7854616652425651,0.3232296525585884,0.525693865180526,0.6359400000000022
-2.532945213480668,-2.251414832184893,-3.079119425379186,-1.459346588441741,-1.507741856063693,-1.284162839251309,0.04305011582174212,-1.130436047597344,0.3051330814843717,-1.143516033569638,1.225468268192049,-0.7854616652425651,0.3232296525585884,0.525693865180526,0.6122400000000021
-2.539733314740774,-2.253800467864043,-3.074464850122732,-1.453842820667558,-1.507741856063693,-1.284162839251309,0.04677881862133541,-1.130436047597344,0.2879119606372436,-1.143516033569638,1.241598676687423,-0.7854616652425651,0.3232296525585884,0.3304044530979834,0.590080000000002
-2.54590780917622,-2.253436560258836,-3.070268786377424,-1.459056912437087,-1.507340522601902,-1.275186613757047,0.04677881862133541,-1.133747123668371,0.2879119606372436,-1.168649503367791,1.208141974846569,-0.7854616652425651,0.3232296525585884,0.1351150410154053,0.569480000000002
-2.545664008534654,-2.254821486591347,-3.070268786377424,-1.433221571571109,-1.507340522601902,-1.275186613757047,0.04896229254935752,-1.135083866703552,0.2694875148835282,-1.168649503367791,1.186544979514592,-0.7854616652425651,0.3232296525585884,0.1351150410154053,0.549820000000002
-2.547851624471609,-2.256422405630305,-3.072252865106618,-1.451482924559332,-1.507340522601902,-1.26631995264332,0.04896229254935752,-1.135083866703552,0.2694875148835282,-1.192459631969591,1.182369420264874,-0.7854616652425651,0.3232296525585884,0.144541722210085,0.531080000000002
-2.553030787878777,-2.255881120980375,-3.07424858142914,-1.442885924293577,-1.50585147296732,-1.26631995264332,0.05001184227475989,-1.134786779368194,0.2508935032036798,-1.192459631969591,1.177290781721103,-0.7854616652425651,0.3232296525585884,0.144541722210085,0.514740000000002
-2.550775644919361,-2.257107520753698,-3.067667813401553,-1.454243169447307,-1.50585147296732,-1.26631995264332,0.05001184227475989,-1.134786779368194,0.2508935032036798,-1.213657680865591,1.168539040111647,-0.7854616652425651,0.3232296525585884,0.144541722210085,0.5008000000000019
-2.548802463621758,-2.265241092758719,-3.063101438635863,-1.438653911672993,-1.50585147296732,-1.26631995264332,0.05015456571270889,-1.133350895394752,0.2330388842491944,-1.213657680865591,1.151543715990149,-0.7854616652425651,0.3232296525585884,-0.02026808734308715,0.488900000000002
-2.546204687982847,-2.278846196431971,-3.054132984029836,-1.442152122737659,-1.503431209209425,-1.2511708564144,0.05015456571270889,-1.133350895394752,0.2330388842491944,-1.213657680865591,1.158074088846314,-0.7854616652425651,0.3232296525585884,-0.02026808734308715,0.47885000000000194
-2.542893461615629,-2.293250888853146,-3.051056542898988,-1.440844037222557,-1.503431209209425,-1.2511708564144,0.04937592188256692,-1.131417346429919,0.2166327260363766,-1.213657680865591,1.176869955674008,-0.7854616652425651,0.3232296525585884,-0.02026808734308715,0.4702800000000019
-2.543676194921481,-2.30394423669864,-3.048675853497115,-1.436618052770534,-1.503431209209425,-1.2511708564144,0.04937592188256692,-1.131417346429919,0.2166327260363766,-1.230987323313172,1.183421617154092,-0.7854616652425651,0.3232296525585884,-0.02026808734308715,0.462530000000002
-2.545901083393571,-2.309124805925147,-3.048900429415394,-1.445716138726149,-1.500247195814001,-1.2511708564144,0.04743065019840374,-1.131417346429919,0.2021645490316395,-1.230987323313172,1.184183839068244,-0.7854616652425651,0.3232296525585884,-0.02026808734308715,0.455020000000002
-2.545901083393571,-2.327214494540912,-3.050382081384394,-1.440772502831601,-1.500247195814001,-1.246449135222048,0.04743065019840374,-1.129736975877204,0.2021645490316395,-1.243361359751332,1.187163764610026,-0.7854616652425651,0.3232296525585884,-0.02026808734308715,0.448380000000002
-2.555358913899031,-2.330142063678838,-3.050771123494205,-1.426503891175534,-1.500247195814001,-1.246449135222048,0.04390407175513623,-1.129113210179733,0.1899102052183805,-1.243361359751332,1.175736530811151,-0.7854616652425651,0.3232296525585884,-0.02026808734308715,0.4436300000000021
-2.557646561822207,-2.331783091983384,-3.05239512692593,-1.425802934499494,-1.496448594838837,-1.244825375117166,0.04390407175513623,-1.129113210179733,0.1899102052183805,-1.249988575117995,1.174192227227675,-0.7854616652425651,0.3232296525585884,-0.02026808734308715,0.4407600000000021
-2.55904891072302,-2.337620396506654,-3.052577274275032,-1.429709876892514,-1.496448594838837,-1.244825375117166,0.03830611420700414,-1.130331879231491,0.1799153402301027,-1.249988575117995,1.162874061905326,-0.7854616652425651,0.3232296525585884,-0.02026808734308715,0.4389700000000021
-2.56291471503206,-2.340571986983303,-3.052520499723278,-1.431615126881499,-1.496448594838837,-1.247145607773274,0.03830611420700414,-1.130331879231491,0.1799153402301027,-1.250475481155659,1.182247238454399,-0.7854616652425651,0.3232296525585884,-0.02026808734308715,0.43772000000000205
-2.566426636371876,-2.343154060014037,-3.052225915314683,-1.431293148430521,-1.492160787973934,-1.247145607773274,0.03018446533048878,-1.134086695382987,0.1719498331788177,-1.250475481155659,1.186203615461166,-0.7854616652425651,0.3232296525585884,-0.02026808734308715,0.4369100000000021
-2.570907939103479,-2.347456315476277,-3.04747452516783,-1.422239719099576,-1.492160787973934,-1.254057638174476,0.03018446533048878,-1.134086695382987,0.1719498331788177,-1.2448884689147,1.170451480115506,-0.7854616652425651,0.3232296525585884,-0.02026808734308715,0.4359900000000021
-2.567818218151026,-2.358556389169126,-3.04747452516783,-1.422635230168956,-1.492160787973934,-1.254057638174476,0.01923380234988511,-1.134086695382987,0.1654737907560903,-1.2448884689147,1.159423944557718,-0.7854616652425651,0.3232296525585884,-0.02026808734308715,0.43469000000000213
-2.567818218151026,-2.356956152262817,-3.039741578795931,-1.423871029342357,-1.487499865293459,-1.265890243255533,0.01923380234988511,-1.134086695382987,0.1654737907560903,-1.233765764803332,1.168626904529485,-0.7854616652425651,0.3232296525585884,-0.02026808734308715,0.4334600000000021
-2.565660421382618,-2.362052137530321,-3.038709516433918,-1.421145008435504,-1.487499865293459,-1.265890243255533,0.005368435576524193,-1.140908697287724,0.1596572074725051,-1.233765764803332,1.147402221958805,-0.7854616652425651,0.3232296525585884,-0.02026808734308715,0.4319100000000022
-2.566380449710667,-2.366800485059311,-3.043147063438482,-1.433656287290722,-1.487499865293459,-1.282562175870718,0.005368435576524193,-1.140908697287724,0.1596572074725051,-1.218074992284167,1.136098981042999,-0.7854616652425651,0.3232296525585884,-0.02026808734308715,0.4290500000000022
-2.567042328637592,-2.362451797431731,-3.044389418236176,-1.421317173204379,-1.482595852362684,-1.282562175870718,-0.0112552617293004,-1.164711620369102,0.1534671120527365,-1.218074992284167,1.130035028235373,-0.7854616652425651,0.3232296525585884,-0.02026808734308715,0.4245700000000022
-2.565751177898365,-2.360307189835142,-3.049126581401936,-1.417960942740222,-1.482595852362684,-1.303547469051925,-0.0112552617293004,-1.164711620369102,0.1534671120527365,-1.199114568148345,1.123178986613346,-0.7854616652425651,0.3232296525585884,-0.02026808734308715,0.4181300000000022
-2.565751177898365,-2.364879528649014,-3.049338491398852,-1.417570316730561,-1.482595852362684,-1.303547469051925,-0.03026447714736251,-1.164711620369102,0.1458118311165644,-1.199114568148345,1.109972116520867,-0.7854616652425651,0.3471380039006148,-0.02026808734308715,0.4095000000000023
-2.562923389436806,-2.365687809270737,-3.049598460441356,-1.417719361725551,-1.477611752621958,-1.327924934528691,-0.03026447714736251,-1.181473364969376,0.1458118311165644,-1.178363951606643,1.128673053515024,-0.7854616652425651,0.3471380039006148,-0.02026808734308715,0.3997200000000023
-2.563540515630617,-2.362580268352706,-3.050249174098782,-1.42398935732785,-1.477611752621958,-1.327924934528691,-0.05115235952814275,-1.181473364969376,0.135707490480957,-1.178363951606643,1.154576581918414,-0.7854616652425651,0.3471380039006148,-0.02026808734308715,0.38961000000000234
-2.563067974502433,-2.358079896841184,-3.050493154515975,-1.414842834146652,-1.477611752621958,-1.354507182663326,-0.05115235952814275,-1.200873768916218,0.135707490480957,-1.157306411695172,1.1450943713851,-0.7854616652425651,0.3471380039006148,-0.02026808734308715,0.3800900000000023
-2.562104172008828,-2.35173403276874,-3.052356046236884,-1.419426903175166,-1.472747217101206,-1.354507182663326,-0.07341289282690218,-1.200873768916218,0.12240905499415,-1.157306411695172,1.155657631964898,-0.7854616652425651,0.3471380039006148,-0.02026808734308715,0.3715600000000023
-2.564878859511136,-2.339318659597136,-3.053653631513625,-1.410642148760529,-1.472747217101206,-1.382001401583251,-0.07341289282690218,-1.200873768916218,0.12240905499415,-1.137269546776551,1.162350827442089,-0.7854616652425651,0.3471380039006148,0.1610384143007298,0.3636800000000023
-2.566405903626556,-2.332584628976769,-3.053975297670155,-1.407091060785383,-1.472747217101206,-1.382001401583251,-0.0966728949042435,-1.222213386737927,0.1054626366449162,-1.137269546776551,1.164440047031625,-0.7854616652425651,0.3471380039006148,0.3962341101072866,0.35726000000000224
-2.565199020876599,-2.315057099828304,-3.051233376021159,-1.423094200518709,-1.468220408664856,-1.409151137401088,-0.0966728949042435,-1.222213386737927,0.1054626366449162,-1.119331919906879,1.166717786683417,-0.7854616652425651,0.3471380039006148,0.3962341101072866,0.35295000000000226
-2.562321280952538,-2.302939711289615,-3.051670129898365,-1.418040528135436,-1.468220408664856,-1.409151137401088,-0.0966728949042435,-1.244704190258792,0.08468302934924823,-1.119331919906879,1.165955797253311,-0.7854616652425651,0.3471380039006148,0.3962341101072866,0.3502600000000023
-2.560930147553141,-2.288920283342082,-3.054504181947911,-1.417603390084646,-1.468220408664856,-1.434844002066818,-0.0966728949042435,-1.244704190258792,0.08468302934924823,-1.104308832589716,1.177382406094003,-0.7854616652425651,0.3471380039006148,0.3962341101072866,0.34962000000000226
-2.560930147553141,-2.280243776504782,-3.055984673441261,-1.414198754005182,-1.464232982574229,-1.434844002066818,-0.1207433283133482,-1.267542219540406,0.06009204712158637,-1.104308832589716,1.194575995754873,-0.7854616652425651,0.3471380039006148,0.3962341101072866,0.35153000000000223
-2.558439971486934,-2.278293404203968,-3.056267470260325,-1.448859766217868,-1.464232982574229,-1.458183447782678,-0.1207433283133482,-1.267542219540406,0.06009204712158637,-1.09277976410786,1.190832916593924,-0.7854616652425651,0.3471380039006148,0.3962341101072866,0.35543000000000224
-2.558439971486934,-2.27803416794832,-3.056267470260325,-1.449550443944557,-1.464232982574229,-1.458183447782678,-0.1709895915389366,-1.289951295037068,0.03185398355525898,-1.09277976410786,1.205615945177776,-0.7854616652425651,0.3471380039006148,0.3962341101072866,0.36050000000000226
-2.558439971486934,-2.278752431086831,-3.056267470260325,-1.437203999428509,-1.460933550414972,-1.478500834925486,-0.1709895915389366,-1.311219633562488,0.03185398355525898,-1.085112426713061,1.211144451258338,-0.7854616652425651,0.3471380039006148,0.3962341101072866,0.36603000000000224
-2.558439971486934,-2.289816251893939,-3.056419506583136,-1.453860816006067,-1.460933550414972,-1.478500834925486,-0.1709895915389366,-1.311219633562488,0.0002351436148182666,-1.085112426713061,1.212958220153145,-0.7854616652425651,0.3471380039006148,0.3962341101072866,0.37196000000000223
-2.554611128243259,-2.306552253936906,-3.056604981654202,-1.467490851565448,-1.460933550414972,-1.495301004271469,-0.1709895915389366,-1.311219633562488,0.0002351436148182666,-1.08147335351549,1.204901290960359,-0.7854616652425651,0.3471380039006148,0.2197980604140678,0.3782200000000022
-2.553372208662177,-2.320283071107792,-3.056604981654202,-1.475189714855651,-1.458392507725057,-1.495301004271469,-0.2222534138363298,-1.330744007704644,-0.03439492800696778,-1.08147335351549,1.226381354202649,-0.7854616652425651,0.3471380039006148,0.2197980604140678,0.3843800000000022
-2.554993294521322,-2.332339078511608,-3.056604981654202,-1.488126685340081,-1.458392507725057,-1.508200880359994,-0.2222534138363298,-1.330744007704644,-0.03439492800696778,-1.081832013671473,1.233381353133011,-0.7854616652425651,0.3471380039006148,0.2197980604140678,0.3905200000000022
-2.558869577589356,-2.327604767217328,-3.05705384815622,-1.499337388209794,-1.458392507725057,-1.508200880359994,-0.2222534138363298,-1.348063908658977,-0.07152441822596599,-1.081832013671473,1.255936007507936,-0.7854616652425651,0.3471380039006148,0.2197980604140678,0.3970100000000022
-2.558316803433437,-2.327173704905703,-3.054118433470153,-1.503344974777783,-1.456591157780225,-1.51693259716037,-0.2222534138363298,-1.362860431658775,-0.07152441822596599,-1.085954263668772,1.254629799978589,-0.7854616652425651,0.3471380039006148,0.2197980604140678,0.40334000000000214
-2.556367951011873,-2.333074527384594,-3.052053281420129,-1.522178449873167,-1.456591157780225,-1.51693259716037,-0.2467169987952264,-1.362860431658775,-0.1104562542188581,-1.085954263668772,1.228944470185847,-0.7854616652425651,0.3471380039006148,0.2197980604140678,0.40891000000000216
-2.554956223027153,-2.340819402671648,-3.050803801558781,-1.532121339195364,-1.456591157780225,-1.521410664915803,-0.2467169987952264,-1.362860431658775,-0.1104562542188581,-1.093385057384542,1.208822205687253,-0.7854616652425651,0.3471380039006148,0.2197980604140678,0.4135000000000021
-2.553023030609297,-2.341059830158314,-3.049803573263525,-1.538522252533387,-1.455424291448746,-1.521410664915803,-0.2692714885437129,-1.374929077648904,-0.1502946453247434,-1.093385057384542,1.225369777337511,-0.7854616652425651,0.3471380039006148,0.2197980604140678,0.41722000000000214
-2.553023030609297,-2.33507794194955,-3.047091467310202,-1.533896330571564,-1.455424291448746,-1.521802838392173,-0.2692714885437129,-1.384166596270287,-0.1502946453247434,-1.103443227381389,1.268731184621698,-0.7854616652425651,0.3471380039006148,0.2197980604140678,0.4200600000000022
-2.552225553778473,-2.333311539266669,-3.0428099741368,-1.583527353946545,-1.455424291448746,-1.521802838392173,-0.2891284790532488,-1.384166596270287,-0.1899597376248703,-1.103443227381389,1.285435304903272,-0.7854616652425651,0.3471380039006148,0.06205826175686081,0.42141000000000217
-2.553487182224421,-2.325498671715591,-3.039652120996861,-1.603541628735038,-1.454717036178735,-1.518555952345413,-0.2891284790532488,-1.384166596270287,-0.1899597376248703,-1.115256679401051,1.273430888038608,-0.7854616652425651,0.3471380039006148,0.06205826175686081,0.4209700000000021
-2.558697562382165,-2.331168051964259,-3.037892906399253,-1.604357418726536,-1.454717036178735,-1.512370407294157,-0.3057090754998462,-1.390593027213931,-0.1899597376248703,-1.115256679401051,1.271239775684032,-0.7854616652425651,0.3471380039006148,-0.09552442554706998,0.4183000000000021
-2.560686856657624,-2.339237764042303,-3.037651804184708,-1.625021112161107,-1.454717036178735,-1.512370407294157,-0.3057090754998462,-1.390593027213931,-0.1899597376248703,-1.127844998099694,1.265609490712162,-0.7854616652425651,0.3471380039006148,-0.09552442554706998,0.4130300000000021
-2.557478782441349,-2.341795237652077,-3.037684693352314,-1.613481593952653,-1.454254257168719,-1.512370407294157,-0.3187124960726518,-1.394387178937857,-0.2636826348526664,-1.127844998099694,1.190006194219772,-0.7854616652425651,0.3471380039006148,0.0761982835488268,0.40552000000000216
-2.563710946355204,-2.346220796044042,-3.037221314834294,-1.635726021213439,-1.454254257168719,-1.504128260646636,-0.3187124960726518,-1.394387178937857,-0.2636826348526664,-1.140230039382921,1.160879987337379,-0.7854616652425651,0.3710463552426412,0.0761982835488268,0.3966600000000021
-2.568363491758952,-2.357990475290427,-3.030901181786578,-1.638458497233153,-1.454254257168719,-1.504128260646636,-0.3281130061834311,-1.395900339586243,-0.2636826348526664,-1.140230039382921,1.213294750522472,-0.7854616652425651,0.3710463552426412,0.0761982835488268,0.38723000000000213
-2.555675239600069,-2.363643312881868,-3.018169265038106,-1.657424276195225,-1.453814211159467,-1.494768541146059,-0.3281130061834311,-1.395900339586243,-0.2636826348526664,-1.151543584484491,1.218029373143959,-0.7854616652425651,0.3710463552426412,-0.08374107405374713,0.3777900000000021
-2.53478457600252,-2.374271435162993,-3.014121378562532,-1.635683403193713,-1.453814211159467,-1.494768541146059,-0.3341134444650077,-1.395630203144766,-0.3205480652555489,-1.151543584484491,1.259274950021033,-0.7854616652425651,0.3710463552426412,-0.2461942133082761,0.3685600000000021
-2.53478457600252,-2.390446522036964,-3.010095058400674,-1.698790327521283,-1.453814211159467,-1.485124650106064,-0.3341134444650077,-1.395630203144766,-0.3205480652555489,-1.16110865122078,1.28638825620705,-0.7854616652425651,0.3710463552426412,0.2903410580206929,0.35981000000000213
-2.52598168554188,-2.39682899522828,-3.00870406595166,-1.699215168417122,-1.453196577993809,-1.485124650106064,-0.3370911481037125,-1.394161203841925,-0.3392802199397548,-1.16110865122078,1.322315212442293,-0.7854616652425651,0.3710463552426412,0.2903410580206929,0.35268000000000216
-2.523899491024666,-2.402818249565829,-3.006568461711431,-1.702986091590794,-1.453196577993809,-1.475779337563312,-0.3370911481037125,-1.394161203841925,-0.3392802199397548,-1.168487997543738,1.312507954334702,-0.7854616652425651,0.3710463552426412,0.4622208784698659,0.3481000000000022
-2.522320288021562,-2.41113072360568,-2.997492820872498,-1.704120234899927,-1.453196577993809,-1.475779337563312,-0.3375427440938233,-1.394161203841925,-0.3392802199397548,-1.168487997543738,1.268660106037816,-0.7854616652425651,0.3710463552426412,0.4622208784698659,0.3467200000000022
-2.522093124282102,-2.408339269107108,-2.995799668602171,-1.695062397279712,-1.452241322947602,-1.466993129442169,-0.3375427440938233,-1.392094588325533,-0.3392802199397548,-1.173505602804705,1.226455685916766,-0.7854616652425651,0.3710463552426412,0.4622208784698659,0.3488200000000022
-2.518847002243935,-2.399936713971009,-2.995799668602171,-1.700305588317532,-1.452241322947602,-1.466993129442169,-0.3360202293176944,-1.392094588325533,-0.3502074512047022,-1.173505602804705,1.221367123575965,-0.7854616652425651,0.3710463552426412,0.4622208784698659,0.35355000000000214
-2.508999960439708,-2.399682241383002,-2.988975592772587,-1.697239314555197,-1.452241322947602,-1.458721807927746,-0.3360202293176944,-1.389986116900937,-0.3502074512047022,-1.173505602804705,1.221801327127787,-0.7854616652425651,0.3710463552426412,0.4622208784698659,0.35971000000000214
-2.50195695215885,-2.401884498747958,-2.984636311270871,-1.718834136890926,-1.450842073442331,-1.458721807927746,-0.333061045112311,-1.388289218715946,-0.3473335744058152,-1.173505602804705,1.233678609802594,-0.7854616652425651,0.3710463552426412,0.4622208784698659,0.3667500000000022
-2.496610567541095,-2.401884498747958,-2.979797477773538,-1.710074340982743,-1.450842073442331,-1.450695752447259,-0.333061045112311,-1.388289218715946,-0.3473335744058152,-1.176247653213131,1.263315083001873,-0.7854616652425651,0.3710463552426412,0.4622208784698659,0.37395000000000217
-2.490374921327382,-2.404594055715531,-2.978553053633992,-1.706861910607729,-1.450842073442331,-1.450695752447259,-0.3291098732875267,-1.387299372437674,-0.3473335744058152,-1.176247653213131,1.273125750728955,-0.7854616652425651,0.3710463552426412,0.2785577065273701,0.3812300000000022
-2.483617569177642,-2.404453547563468,-2.972390955705493,-1.709426451737873,-1.448958566604734,-1.442513626774603,-0.3291098732875267,-1.387299372437674,-0.3473335744058152,-1.177045491010136,1.265021069924658,-0.7854616652425651,0.3710463552426412,0.2785577065273701,0.38855000000000217
-2.483617569177642,-2.399914226889488,-2.970452695030263,-1.728004378075325,-1.448958566604734,-1.442513626774603,-0.3244294128845779,-1.387114323827679,-0.334261157467046,-1.177045491010136,1.299803821856712,-0.7854616652425651,0.3710463552426412,0.4457241863792211,0.3944400000000022
-2.471081023888857,-2.398192778248506,-2.958759966865228,-1.723302619363892,-1.448958566604734,-1.433717561687676,-0.3244294128845779,-1.387114323827679,-0.334261157467046,-1.176443919261406,1.324557140998368,-0.7149876528687886,0.3710463552426412,0.1139050083274385,0.39835000000000215
-2.469361557743997,-2.39463575506901,-2.953988161962712,-1.715664397510416,-1.446627124308252,-1.433717561687676,-0.319033493190497,-1.387114323827679,-0.3148921082607292,-1.176443919261406,1.317562209784209,-0.7149876528687886,0.3710463552426412,0.1139050083274385,0.4000600000000022
-2.476671255625108,-2.388910683079442,-2.947934442786023,-1.724438248744249,-1.446627124308252,-1.423848312524239,-0.319033493190497,-1.387630974561206,-0.3148921082607292,-1.175160463011512,1.29398625906236,-0.7149876528687886,0.3949547065846675,0.1139050083274385,0.39951000000000214
-2.46998543518993,-2.393066009957556,-2.952344078741541,-1.7308272622825,-1.446627124308252,-1.423848312524239,-0.3126906279067475,-1.388578506740996,-0.2910447843981345,-1.175160463011512,1.299990121955907,-0.7149876528687886,0.3949547065846675,0.1139050083274385,0.39758000000000215
-2.459048601903412,-2.396354061168897,-2.961022608532379,-1.739380921334814,-1.443962328978269,-1.412495210891111,-0.3126906279067475,-1.388578506740996,-0.2910447843981345,-1.17403423408606,1.285762863498829,-0.7149876528687886,0.3949547065846675,0.1139050083274385,0.3952800000000022
-2.452105816557193,-2.399443548109384,-2.955422940079478,-1.731881456592879,-1.443962328978269,-1.412495210891111,-0.3049975935171507,-1.388578506740996,-0.2650466849594796,-1.17403423408606,1.306433185165046,-0.7149876528687886,0.3949547065846675,0.1139050083274385,0.3927400000000022
-2.452105816557193,-2.405864431041902,-2.954344088756825,-1.730025489144623,-1.443962328978269,-1.412495210891111,-0.3049975935171507,-1.389569357959482,-0.2650466849594796,-1.173952560754951,1.298092373228861,-0.7149876528687886,0.3949547065846675,0.1139050083274385,0.3906400000000022
-2.446470846506666,-2.410623141800281,-2.947235501210331,-1.732883299057148,-1.441143236361207,-1.412495210891111,-0.2954817559629524,-1.389569357959482,-0.2395836926962077,-1.173952560754951,1.28881093234493,-0.7149876528687886,0.3949547065846675,0.1139050083274385,0.3888800000000022
-2.442325947533559,-2.408083924391026,-2.935850508726876,-1.744260017401235,-1.441143236361207,-1.384344833982226,-0.2954817559629524,-1.390161855505453,-0.2395836926962077,-1.17574750020624,1.306591916964046,-0.7149876528687886,0.3949547065846675,0.1139050083274385,0.3879400000000022
-2.433676430325904,-2.404502293419833,-2.932096545733606,-1.734189633334326,-1.441143236361207,-1.384344833982226,-0.2837065708038685,-1.390161855505453,-0.217447207025291,-1.17574750020624,1.31436989452013,-0.7149876528687886,0.3949547065846675,-0.2603342351002421,0.3893500000000022
-2.430920586699817,-2.400759132417045,-2.932096545733606,-1.740306083923707,-1.438383660344907,-1.367652391231082,-0.2837065708038685,-1.389940382572671,-0.217447207025291,-1.180073615448818,1.31534114978069,-0.7149876528687886,0.3949547065846675,-0.2603342351002421,0.39329000000000225
-2.42731663767299,-2.390530065331909,-2.932096545733606,-1.752341974405607,-1.438383660344907,-1.367652391231082,-0.2693719632531629,-1.388596451967566,-0.2012007093258437,-1.180073615448818,1.318604894109262,-0.7149876528687886,0.3949547065846675,-0.2603342351002421,0.3998600000000022
-2.428369435873899,-2.386117596891329,-2.932096545733606,-1.750556365759679,-1.438383660344907,-1.367652391231082,-0.2693719632531629,-1.388596451967566,-0.2012007093258437,-1.187293381139233,1.316001041775189,-0.7149876528687886,0.3949547065846675,-0.2603342351002421,0.40868000000000226
-2.428698738068061,-2.378293150821374,-2.92821607839618,-1.760385427860303,-1.435892783119386,-1.367652391231082,-0.2523912792263154,-1.385970821871252,-0.1928283301796799,-1.187293381139233,1.334889122331585,-0.7149876528687886,0.3949547065846675,-0.2603342351002421,0.4189900000000023
-2.426271040985359,-2.36215579607636,-2.914171085608459,-1.739451840485058,-1.435892783119386,-1.331757120092683,-0.2523912792263154,-1.385970821871252,-0.1928283301796799,-1.19739627698873,1.328487711611679,-0.7149876528687886,0.3949547065846675,-0.2603342351002421,0.4305800000000023
-2.422381318125587,-2.355770734499274,-2.911501593019283,-1.774239751020221,-1.435892783119386,-1.331757120092683,-0.2329286084411629,-1.382041518766064,-0.1934428050169431,-1.19739627698873,1.327273742039946,-0.7149876528687886,0.3949547065846675,-0.2603342351002421,0.44376000000000226
-2.415021287899481,-2.355136954857311,-2.909231215632018,-1.763923861022916,-1.433834770727468,-1.331757120092683,-0.2329286084411629,-1.382041518766064,-0.1934428050169431,-1.209971063048291,1.335837848230357,-0.7149876528687886,0.3949547065846675,-0.2603342351002421,0.4579700000000023
-2.415021287899481,-2.3550090879768,-2.905684162549396,-1.775154244323175,-1.433834770727468,-1.331757120092683,-0.2113974328610596,-1.382041518766064,-0.2031271948048652,-1.209971063048291,1.342543814907736,-0.7149876528687886,0.3949547065846675,-0.2603342351002421,0.4732800000000023
-2.398664833222868,-2.354988505112937,-2.901463301123941,-1.771158314643355,-1.433834770727468,-1.314512529507537,-0.2113974328610596,-1.376895890341,-0.2031271948048652,-1.224246273891537,1.333903592053481,-0.7149876528687886,0.3949547065846675,-0.2603342351002421,0.4884500000000023
-2.398664833222868,-2.369044553586726,-2.896831650977855,-1.765550352236757,-1.432295284762892,-1.314512529507537,-0.188424101565403,-1.370741822667978,-0.2209694312635592,-1.224246273891537,1.339827686478951,-0.7149876528687886,0.3949547065846675,-0.2603342351002421,0.5024000000000023
-2.394170732557422,-2.377021915277045,-2.891793012100619,-1.768487514123316,-1.432295284762892,-1.287104625673563,-0.188424101565403,-1.370741822667978,-0.2209694312635592,-1.239204132716236,1.338304731356546,-0.7149876528687886,0.3949547065846675,-0.2603342351002421,0.5145200000000023
-2.378713768914102,-2.40414015515576,-2.890249959094177,-1.768949473734167,-1.432295284762892,-1.287104625673563,-0.1647801340289283,-1.370741822667978,-0.2452927400139764,-1.239204132716236,1.355646329735673,-0.7149876528687886,0.3949547065846675,-0.2603342351002421,0.5242400000000023
-2.375692849004798,-2.43542369086094,-2.886633254016485,-1.773801805440793,-1.431261481847278,-1.287104625673563,-0.1647801340289283,-1.363966483316069,-0.2452927400139764,-1.253752412951611,1.354641875120861,-0.7149876528687886,0.3949547065846675,-0.2603342351002421,0.5319300000000023
-2.370168561485766,-2.440563255031673,-2.883581288005249,-1.77337637700045,-1.431261481847278,-1.287104625673563,-0.1413005171809756,-1.357189386446886,-0.2740054233976805,-1.253752412951611,1.347669288163218,-0.7149876528687886,0.3949547065846675,-0.2603342351002421,0.5381100000000023
-2.360366910645058,-2.459158917092884,-2.880250406673437,-1.768947463341073,-1.431261481847278,-1.278875035678242,-0.1413005171809756,-1.357189386446886,-0.2740054233976805,-1.266919211976208,1.347635313090157,-0.7149876528687886,0.3949547065846675,-0.2603342351002421,0.5421400000000023
-2.351922656021855,-2.475444366452108,-2.874953212411309,-1.77307500535834,-1.430619764107588,-1.278875035678242,-0.1413005171809756,-1.351250647149846,-0.3049619787292723,-1.266919211976208,1.350938553805475,-0.7149876528687886,0.3949547065846675,-0.2603342351002421,0.5429600000000023
-2.349631184257784,-2.487273218193367,-2.874953212411309,-1.764595342155629,-1.430619764107588,-1.275074469795149,-0.09802312288466317,-1.351250647149846,-0.3049619787292723,-1.278026484058027,1.336131190339872,-0.7149876528687886,0.3710463552426412,-0.1025944364430708,0.5410800000000023
-2.348766277779931,-2.504131193928783,-2.871151418248613,-1.766440916853038,-1.430619764107588,-1.275074469795149,-0.09802312288466317,-1.351250647149846,-0.3362569204197668,-1.278026484058027,1.342515677757553,-0.7149876528687886,0.3710463552426412,-0.1025944364430708,0.5365400000000023
-2.34771140111217,-2.516350491478953,-2.871151418248613,-1.756440823040791,-1.430619764107588,-1.275777902211993,-0.09802312288466317,-1.351250647149846,-0.3362569204197668,-1.286800315172038,1.340914301780475,-0.7149876528687886,0.3710463552426412,-0.1025944364430708,0.5301000000000023
-2.34771140111217,-2.524364861491289,-2.871151418248613,-1.746498566028712,-1.430619764107588,-1.275777902211993,-0.07953784725649678,-1.345772657222072,-0.3664134716236609,-1.286800315172038,1.343062976491669,-0.7149876528687886,0.3710463552426412,-0.1025944364430708,0.5222200000000023
-2.348936689837946,-2.530341211727525,-2.868059999331248,-1.739799645462909,-1.430619764107588,-1.280604293698439,-0.07953784725649678,-1.345772657222072,-0.3664134716236609,-1.293395869351063,1.343009520655128,-0.7149876528687886,0.3949547065846675,-0.1025944364430708,0.5137400000000023
-2.348936689837946,-2.533834487216204,-2.868059999331248,-1.741745912221719,-1.430172043858082,-1.280604293698439,-0.06376694439968694,-1.345772657222072,-0.3944621306617269,-1.293395869351063,1.36690351929652,-0.7149876528687886,0.3949547065846675,-0.1025944364430708,0.5052900000000022
-2.352653655845565,-2.530916797510515,-2.864479678037981,-1.734675454664896,-1.430172043858082,-1.288730743385287,-0.06376694439968694,-1.348023197241348,-0.3944621306617269,-1.298346770527284,1.379183853823195,-0.7149876528687886,0.3949547065846675,-0.1025944364430708,0.4966500000000022
-2.351614754595735,-2.522560748893277,-2.864235784295758,-1.732187931548325,-1.430172043858082,-1.288730743385287,-0.0510137873284053,-1.348023197241348,-0.4199342472999058,-1.298346770527284,1.365835751154366,-0.7149876528687886,0.3949547065846675,-0.1025944364430708,0.48769000000000223
-2.351614754595735,-2.50862909206713,-2.864235784295758,-1.73350109700633,-1.429667731328816,-1.299004454072346,-0.0510137873284053,-1.348023197241348,-0.4199342472999058,-1.302468446278144,1.37284479132918,-0.7149876528687886,0.3949547065846675,-0.1025944364430708,0.4791900000000022
-2.351614754595735,-2.500929065539857,-2.864235784295758,-1.70445532075777,-1.429667731328816,-1.299004454072346,-0.0415495995815285,-1.354455241403367,-0.4428058461649031,-1.302468446278144,1.37205499146068,-0.7149876528687886,0.3949547065846675,-0.1025944364430708,0.4725700000000022
-2.351804555556961,-2.478765027171361,-2.863732191328502,-1.7125863263286,-1.429667731328816,-1.310176800150291,-0.0415495995815285,-1.354455241403367,-0.4428058461649031,-1.306743660737727,1.390289136832582,-0.7149876528687886,0.4188630579266939,-0.2697609162949218,0.46726000000000223
-2.352966027727053,-2.473842054233933,-2.863209843782766,-1.700259228254874,-1.428845036296691,-1.310176800150291,-0.0415495995815285,-1.365372039978552,-0.4634058795537327,-1.306743660737727,1.390440539216757,-0.7149876528687886,0.4188630579266939,-0.09552442554706998,0.4630700000000022
-2.355697682590571,-2.447532788959,-2.862941046305705,-1.714769713995562,-1.428845036296691,-1.321187040587334,-0.0415495995815285,-1.365372039978552,-0.4634058795537327,-1.3122057827208,1.395862751196749,-0.7149876528687886,0.4188630579266939,-0.09552442554706998,0.4601900000000022
-2.356702342992336,-2.429019656567811,-2.862085089042146,-1.699432283972004,-1.428845036296691,-1.321187040587334,-0.03355251336801515,-1.380782601160617,-0.4822833887109039,-1.3122057827208,1.394254359550247,-0.7149876528687886,0.4188630579266939,-0.09552442554706998,0.4583300000000022
-2.362222728975855,-2.42184500713285,-2.860334805133565,-1.693963447687266,-1.427472535096403,-1.331362813503853,-0.03355251336801515,-1.400371196017278,-0.4822833887109039,-1.319822154788217,1.387878953822299,-0.7149876528687886,0.4188630579266939,-0.09552442554706998,0.4571100000000022
-2.368671398203401,-2.416557414203409,-2.856697557759918,-1.701040935305036,-1.427472535096403,-1.331362813503853,-0.03355251336801515,-1.400371196017278,-0.5000401612884878,-1.319822154788217,1.372437466530928,-0.7149876528687886,0.4188630579266939,-0.3827239792774806,0.45658000000000215
-2.368671398203401,-2.413161587985504,-2.853362494466675,-1.69611789915694,-1.427472535096403,-1.340462149913578,-0.03355251336801515,-1.423476471063828,-0.5000401612884878,-1.319822154788217,1.370617681993737,-0.7149876528687886,0.4188630579266939,-0.2202708400229873,0.45723000000000213
-2.368671398203401,-2.411134013511856,-2.84508229523537,-1.698405298085816,-1.425382535864275,-1.340462149913578,-0.04099216829703937,-1.423476471063828,-0.5171575263269116,-1.319822154788217,1.393387387035004,-0.7149876528687886,0.4188630579266939,-0.2202708400229873,0.45873000000000214
-2.368671398203401,-2.405627579322738,-2.842367658781276,-1.68255047831959,-1.425382535864275,-1.348588029369461,-0.04099216829703937,-1.449122355280771,-0.5171575263269116,-1.344354338876854,1.407596781649068,-0.7149876528687886,0.4188630579266939,-0.2202708400229873,0.4603000000000021
-2.374275452736736,-2.395660845366514,-2.834562574452843,-1.686514456077261,-1.425382535864275,-1.348588029369461,-0.05018512189985035,-1.449122355280771,-0.5338536480677112,-1.344354338876854,1.431522446636966,-0.7149876528687886,0.4188630579266939,-0.2202708400229873,0.4608900000000021
-2.380102903955539,-2.389428250154784,-2.836382863929102,-1.687018947028853,-1.422491904453413,-1.356057850898163,-0.05018512189985035,-1.476103839835396,-0.5338536480677112,-1.361854672736317,1.434320467236926,-0.7149876528687886,0.4188630579266939,-0.2202708400229873,0.46115000000000206
-2.380102903955539,-2.369897786152635,-2.839939042494734,-1.676968054011752,-1.422491904453413,-1.356057850898163,-0.05018512189985035,-1.476103839835396,-0.5500076484155865,-1.361854672736317,1.398901134502166,-0.7149876528687886,0.4188630579266939,-0.2202708400229873,0.4613400000000021
-2.384758526017634,-2.362494846619738,-2.835259009873486,-1.691212654814039,-1.422491904453413,-1.363288943854204,-0.05018512189985035,-1.476103839835396,-0.5500076484155865,-1.382541126161608,1.397428055728442,-0.7149876528687886,0.4188630579266939,-0.2202708400229873,0.4613000000000021
-2.385771440485757,-2.35752647801428,-2.821844031780503,-1.6917788303259,-1.418811273756713,-1.363288943854204,-0.06252312251591477,-1.503098937807831,-0.5651733272415284,-1.382541126161608,1.40797645502216,-0.7149876528687886,0.4188630579266939,-0.3943502194175629,0.46124000000000204
-2.385771440485757,-2.348525702436288,-2.812989927154879,-1.703734134472563,-1.418811273756713,-1.370713233397199,-0.06252312251591477,-1.528779760798577,-0.5651733272415284,-1.382541126161608,1.390884577577818,-0.7149876528687886,0.4188630579266939,-0.2249841806203093,0.46071000000000206
-2.385771440485757,-2.34352492552203,-2.808420988370718,-1.693532096298979,-1.418811273756713,-1.370713233397199,-0.07748939741324778,-1.528779760798577,-0.5786742045535357,-1.382541126161608,1.385658242998156,-0.7149876528687886,0.4188630579266939,-0.3967068897162418,0.45941000000000204
-2.365113374203619,-2.34110767902742,-2.808420988370718,-1.700108676114274,-1.414446299766372,-1.378717044640574,-0.07748939741324778,-1.528779760798577,-0.5786742045535357,-1.405662995334627,1.397968088698602,-0.7149876528687886,0.4188630579266939,-0.3967068897162418,0.4568500000000021
-2.349151751143562,-2.339531642869411,-2.803981001395618,-1.6993674718971,-1.414446299766372,-1.378717044640574,-0.09450892886711554,-1.551912174554716,-0.5897444664097014,-1.405662995334627,1.393228159166938,-0.7149876528687886,0.4188630579266939,-0.556803358672092,0.4533600000000021
-2.347780527600564,-2.336580858468211,-2.790622047451025,-1.695666212892433,-1.414446299766372,-1.38762028772084,-0.09450892886711554,-1.571448063165503,-0.5897444664097014,-1.430138315565633,1.401371265207808,-0.7149876528687886,0.4188630579266939,-0.556803358672092,0.44958000000000214
-2.346306390074761,-2.334679002051824,-2.785750349411461,-1.697452160696635,-1.409593224681051,-1.38762028772084,-0.1129806703508575,-1.571448063165503,-0.5976684862208553,-1.430138315565633,1.40767178135072,-0.7149876528687886,0.4188630579266939,-0.7214560568720236,0.4461600000000021
-2.346455594143674,-2.336313313328231,-2.785447430049069,-1.707038679984856,-1.409593224681051,-1.397707233998857,-0.1129806703508575,-1.571448063165503,-0.5976684862208553,-1.454678399060868,1.424073675654953,-0.7149876528687886,0.4188630579266939,-0.7214560568720236,0.4423900000000021
-2.343340887512877,-2.338035928121948,-2.78441469828999,-1.707346259579695,-1.409593224681051,-1.397707233998857,-0.1322960513754677,-1.586613603990723,-0.6018773802707058,-1.454678399060868,1.401354298694427,-0.7149876528687886,0.4188630579266939,-0.7214560568720236,0.43842000000000214
-2.34165743266266,-2.354523095292405,-2.78441469828999,-1.718846650775029,-1.4045274008762,-1.409286208681251,-0.1322960513754677,-1.586613603990723,-0.6018773802707058,-1.477926337860589,1.40390233890154,-0.7149876528687886,0.4188630579266939,-0.7214560568720236,0.4339600000000021
-2.332739616252584,-2.36053478740204,-2.781105446467825,-1.725665833298352,-1.4045274008762,-1.409286208681251,-0.1518408383573864,-1.596984764434934,-0.6018773802707058,-1.477926337860589,1.426257838775716,-0.7149876528687886,0.4188630579266939,-0.9520955234344989,0.4292500000000021
-2.323571086745382,-2.367390502776865,-2.780647914471708,-1.727330206929685,-1.4045274008762,-1.422729801583913,-0.1518408383573864,-1.602535475120529,-0.6018773802707058,-1.498589767920956,1.434289522756318,-0.7149876528687886,0.4188630579266939,-0.9520955234344989,0.425150000000002
-2.316860592737381,-2.37017654487616,-2.781970945385359,-1.727628900307855,-1.399581365803556,-1.422729801583913,-0.1709792384892462,-1.602535475120529,-0.5977904402566177,-1.498589767920956,1.423914351409915,-0.7149876528687886,0.4188630579266939,-0.9520955234344989,0.421690000000002
-2.309045512104442,-2.364193771379587,-2.781970945385359,-1.716198126821609,-1.399581365803556,-1.438445842338558,-0.1709792384892462,-1.603648054435099,-0.5977904402566177,-1.515559965292034,1.377047837181741,-0.7149876528687886,0.4188630579266939,-0.9520955234344989,0.41906000000000204
-2.309045512104442,-2.365947540658918,-2.782945316734802,-1.724481141977025,-1.399581365803556,-1.438445842338558,-0.1890304283826778,-1.603648054435099,-0.5977904402566177,-1.515559965292034,1.320314521434556,-0.7149876528687886,0.4188630579266939,-0.9520955234344989,0.417280000000002
-2.303250026408952,-2.377758948640823,-2.782451156492068,-1.734401826251799,-1.395111394741157,-1.456761353420248,-0.1890304283826778,-1.603648054435099,-0.5977904402566177,-1.52801812498477,1.285543314823914,-0.7149876528687886,0.4188630579266939,-1.295698052979604,0.416520000000002
-2.300322269889124,-2.379767560947217,-2.780771886383014,-1.751463967314371,-1.395111394741157,-1.456761353420248,-0.2052646644882328,-1.601079471030175,-0.5892518710339101,-1.52801812498477,1.230023105761149,-0.7149876528687886,0.4188630579266939,-1.545190881931403,0.41649000000000197
-2.300322269889124,-2.379771068411818,-2.775368472635043,-1.744066608525642,-1.395111394741157,-1.47777042984154,-0.2052646644882328,-1.601079471030175,-0.5892518710339101,-1.535522945998619,1.194199410684943,-0.7149876528687886,0.4188630579266939,-1.545190881931403,0.41795000000000193
-2.291598258358871,-2.380486216631929,-2.774790858703735,-1.738783707084137,-1.391456851440987,-1.47777042984154,-0.2189465896939175,-1.601079471030175,-0.5765116133830881,-1.535522945998619,1.183320496494962,-0.7149876528687886,0.4188630579266939,-1.545190881931403,0.420160000000002
-2.299122943928322,-2.394719264512974,-2.776984653871645,-1.739309850942175,-1.391456851440987,-1.501236945880301,-0.2189465896939175,-1.589260384043071,-0.5765116133830881,-1.538059422880124,1.181461454626622,-0.7149876528687886,0.4188630579266939,-1.545190881931403,0.423530000000002
-2.306753780741685,-2.401653179344418,-2.779200018325299,-1.725871913587729,-1.391456851440987,-1.501236945880301,-0.2294312186736018,-1.589260384043071,-0.5599046481167366,-1.538059422880124,1.176083290134181,-0.7149876528687886,0.4188630579266939,-1.302768063875569,0.427530000000002
-2.306753780741685,-2.403163979211383,-2.777813494455905,-1.720722482933599,-1.388900796125323,-1.526602529377723,-0.2294312186736018,-1.589260384043071,-0.5599046481167366,-1.536030595653806,1.159477171460238,-0.7149876528687886,0.4188630579266939,-1.145185376571639,0.431570000000002
-2.313247463381665,-2.400554572369415,-2.776228534558336,-1.733326116698658,-1.388900796125323,-1.526602529377723,-0.236288305402319,-1.582446987642514,-0.5399583704481455,-1.536030595653806,1.139660308359999,-0.7149876528687886,0.4188630579266939,-0.9662355452265006,0.435420000000002
-2.313247463381665,-2.402703976291698,-2.77538208251242,-1.721637183659515,-1.388900796125323,-1.553084148291033,-0.236288305402319,-1.582446987642514,-0.5399583704481455,-1.530190439052621,1.132539146234811,-0.7149876528687886,0.4188630579266939,-0.9662355452265006,0.43897000000000197
-2.316137001368988,-2.40169663080813,-2.773432311335638,-1.722006286869966,-1.387640991139022,-1.553084148291033,-0.2394110709769334,-1.576513848971763,-0.5173783647034037,-1.530190439052621,1.155684255828905,-0.7149876528687886,0.4188630579266939,-0.9662355452265006,0.442160000000002
-2.316137001368988,-2.396722507442605,-2.767103955076934,-1.714769756135135,-1.387640991139022,-1.579816049390429,-0.2394110709769334,-1.576513848971763,-0.5173783647034037,-1.521527937628219,1.159628193426041,-0.7149876528687886,0.4188630579266939,-0.9662355452265006,0.444180000000002
-2.313222352736377,-2.38605724030178,-2.761669087211307,-1.700148633134341,-1.387640991139022,-1.579816049390429,-0.2390761331763022,-1.572260361001394,-0.4930340838034586,-1.521527937628219,1.14406371599689,-0.7149876528687886,0.4188630579266939,-0.9662355452265006,0.44498000000000204
-2.306690645390927,-2.369070180752061,-2.757424001218787,-1.720091994168177,-1.387776592600246,-1.605987470584552,-0.2390761331763022,-1.572260361001394,-0.4930340838034586,-1.511118814999716,1.154043694030148,-0.7149876528687886,0.4188630579266939,-0.8039395173252121,0.44403000000000203
-2.310486555595084,-2.36004562237942,-2.755834843163493,-1.715445102926988,-1.387776592600246,-1.605987470584552,-0.2359490367354363,-1.570143719926836,-0.4679259471020925,-1.511118814999716,1.156905699466364,-0.7149876528687886,0.4188630579266939,-0.8039395173252121,0.44218000000000207
-2.313486381836543,-2.338548537780559,-2.755205621090144,-1.715521119736036,-1.387776592600246,-1.630931435070216,-0.2359490367354363,-1.570143719926836,-0.4679259471020925,-1.499971128407819,1.123902229304752,-0.7149876528687886,0.4188630579266939,-0.8039395173252121,0.43912000000000206
-2.320419674365201,-2.323903445250288,-2.755344189445848,-1.720173513548523,-1.389307814608808,-1.630931435070216,-0.2310336689784226,-1.57027716670088,-0.4431056381603563,-1.499971128407819,1.121052861075124,-0.7149876528687886,0.4188630579266939,-0.8039395173252121,0.43510000000000204
-2.324648053173148,-2.318590678220262,-2.755529434929502,-1.739686557717038,-1.389307814608808,-1.654136677799081,-0.2310336689784226,-1.57027716670088,-0.4431056381603563,-1.488896184391088,1.130508889301508,-0.7149876528687886,0.4188630579266939,-0.8039395173252121,0.43022000000000205
-2.331727699287398,-2.315323161867413,-2.755643346126492,-1.750973621707358,-1.389307814608808,-1.654136677799081,-0.2255529107008378,-1.572460216222825,-0.4195557005900895,-1.488896184391088,1.130524260860976,-0.7149876528687886,0.4188630579266939,-0.8039395173252121,0.425130000000002
-2.331727699287398,-2.309896516176465,-2.755643346126492,-1.744348555139415,-1.392140160067766,-1.675183746948133,-0.2255529107008378,-1.572460216222825,-0.4195557005900895,-1.478427622464611,1.124930818743326,-0.7149876528687886,0.4188630579266939,-0.8039395173252121,0.41981000000000196
-2.336298153648611,-2.30302234570117,-2.755643346126492,-1.747555567231739,-1.392140160067766,-1.675183746948133,-0.2207625988323067,-1.572460216222825,-0.3980736239081439,-1.478427622464611,1.130617895223884,-0.7149876528687886,0.4188630579266939,-0.8039395173252121,0.414390000000002
-2.340035779896027,-2.300644069358196,-2.756455463789561,-1.758155003155843,-1.392140160067766,-1.675183746948133,-0.2207625988323067,-1.57621949809449,-0.3980736239081439,-1.468799852741093,1.151319519717125,-0.7149876528687886,0.4188630579266939,-0.8039395173252121,0.40964000000000195
-2.342435890738184,-2.299492464361801,-2.756455463789561,-1.765950269825984,-1.396086571720665,-1.693643912219856,-0.2177401590283612,-1.57621949809449,-0.379207251310386,-1.468799852741093,1.140030106237946,-0.7149876528687886,0.4188630579266939,-0.8039395173252121,0.40568000000000193
-2.342435890738184,-2.299899957862351,-2.759758452441067,-1.782679078042418,-1.396086571720665,-1.70900817872632,-0.2177401590283612,-1.580880028952693,-0.379207251310386,-1.459989296373802,1.139023708538362,-0.7149876528687886,0.4188630579266939,-0.8039395173252121,0.40236000000000194
-2.342435890738184,-2.300514389490729,-2.759758452441067,-1.780063656174416,-1.396086571720665,-1.70900817872632,-0.2172076994729031,-1.585684177549351,-0.3632572732171643,-1.459989296373802,1.135924215273383,-0.7149876528687886,0.4188630579266939,-0.8039395173252121,0.39882000000000195
-2.341366095811523,-2.300514389490729,-2.761238941547548,-1.782267925678777,-1.400866625928153,-1.720692749193222,-0.2172076994729031,-1.585684177549351,-0.3632572732171643,-1.451805757384229,1.121224265325026,-0.7149876528687886,0.4188630579266939,-0.8039395173252121,0.3951000000000019
-2.336307527445304,-2.303391642034806,-2.757477113025717,-1.813587404430538,-1.400866625928153,-1.720692749193222,-0.2194186702373703,-1.58992938466756,-0.3503331626077808,-1.451805757384229,1.126178802776411,-0.7149876528687886,0.4188630579266939,-0.8039395173252121,0.3916000000000019
-2.331741191092027,-2.307552609306336,-2.753789745003945,-1.826694290661736,-1.400866625928153,-1.720692749193222,-0.2194186702373703,-1.58992938466756,-0.3503331626077808,-1.443997394971314,1.096658232272343,-0.7149876528687886,0.4188630579266939,-0.8039395173252121,0.3888900000000019
-2.325551581714833,-2.309158261595804,-2.75185349830374,-1.834471226172109,-1.406107378552091,-1.720692749193222,-0.2240996245191743,-1.593070584942478,-0.3404261538348822,-1.443997394971314,1.100790133722616,-0.7149876528687886,0.4188630579266939,-0.8039395173252121,0.3864000000000019
-2.324897633977571,-2.315251042166078,-2.747147706562251,-1.849553687328284,-1.406107378552091,-1.728108610246827,-0.2240996245191743,-1.593070584942478,-0.3404261538348822,-1.436324373315185,1.08823642587308,-0.7149876528687886,0.4188630579266939,-0.8039395173252121,0.3844600000000019
-2.324897633977571,-2.320265607947888,-2.746579009754513,-1.846614984983612,-1.406107378552091,-1.728108610246827,-0.230445595046822,-1.594753712004387,-0.3334422429478797,-1.436324373315185,1.075943129482045,-0.7149876528687886,0.4188630579266939,-0.8039395173252121,0.3829300000000019
-2.323078560668483,-2.317908811721809,-2.746579009754513,-1.83766683581586,-1.411352534176916,-1.728276342961643,-0.230445595046822,-1.594753712004387,-0.3334422429478797,-1.428577882452123,1.083388501192772,-0.7149876528687886,0.4188630579266939,-0.8039395173252121,0.38150000000000184
-2.317618969709782,-2.317908811721809,-2.746579009754513,-1.846088314165801,-1.411352534176916,-1.728276342961643,-0.2371899432696096,-1.594780722809559,-0.3291621557389736,-1.428577882452123,1.097170799950528,-0.7149876528687886,0.4188630579266939,-0.8039395173252121,0.3802100000000018
-2.314629039205078,-2.306661326993876,-2.746846826314982,-1.849291444721056,-1.411352534176916,-1.720545020856862,-0.2371899432696096,-1.594780722809559,-0.3291621557389736,-1.420561344652527,1.082960204642199,-0.7149876528687886,0.4188630579266939,-0.8039395173252121,0.38008000000000186
-2.31381309958386,-2.293211009840311,-2.746846826314982,-1.841829460025804,-1.416082594113772,-1.720545020856862,-0.24275613356327,-1.594780722809559,-0.327174554815351,-1.420561344652527,1.075262683198538,-0.7149876528687886,0.4188630579266939,-0.8039395173252121,0.3823200000000019
-2.31381309958386,-2.272939613104141,-2.744555613981861,-1.861275239457514,-1.416082594113772,-1.707638676153204,-0.24275613356327,-1.594780722809559,-0.327174554815351,-1.412076094294417,1.093204081869328,-0.7149876528687886,0.4188630579266939,-0.8039395173252121,0.38729000000000185
-2.314141245170578,-2.26878891131086,-2.741857265679971,-1.863515886655095,-1.416082594113772,-1.707638676153204,-0.2454658506814556,-1.589369949972044,-0.3268720712138054,-1.412076094294417,1.080080837557752,-0.7149876528687886,0.4188630579266939,-0.9874455779144674,0.39406000000000185
-2.30855914097244,-2.255799130432661,-2.73864359704889,-1.866319514787978,-1.419744771010247,-1.707638676153204,-0.2454658506814556,-1.589369949972044,-0.3268720712138054,-1.402937702664147,1.076356426049179,-0.7149876528687886,0.4188630579266939,-0.8110095282212129,0.40168000000000187
-2.295868827138563,-2.243750647644692,-2.735594803749848,-1.885703047303742,-1.419744771010247,-1.707638676153204,-0.2437710883269239,-1.589369949972044,-0.3275464945398198,-1.402937702664147,1.102409482678754,-0.7149876528687886,0.4188630579266939,-0.8110095282212129,0.4103500000000018
-2.291305001748148,-2.236556668283855,-2.735594803749848,-1.875763543358724,-1.419744771010247,-1.689847123221957,-0.2437710883269239,-1.583623416951949,-0.3275464945398198,-1.393013501933041,1.071845883622945,-0.7149876528687886,0.4188630579266939,-0.4886170313640743,0.4199700000000018
-2.291305001748148,-2.222777454554623,-2.732355297906635,-1.886231437982009,-1.421794586864737,-1.689847123221957,-0.2364942192675393,-1.583623416951949,-0.3285363798708363,-1.393013501933041,1.11561285461958,-0.7149876528687886,0.4188630579266939,-0.4886170313640743,0.4303200000000018
-2.291473586897452,-2.211720976149202,-2.731169201237288,-1.916464939427573,-1.421794586864737,-1.667633859769406,-0.2364942192675393,-1.583623416951949,-0.3285363798708363,-1.38226722610586,1.124648157311308,-0.7149876528687886,0.4188630579266939,-0.4886170313640743,0.44155000000000183
-2.294609019184925,-2.198895136703116,-2.731169201237288,-1.9100939884754,-1.421794586864737,-1.667633859769406,-0.2230530312203617,-1.565176658286093,-0.3293596377543635,-1.38226722610586,1.123876007223603,-0.7149876528687886,0.4188630579266939,-0.3308772327069029,0.4534600000000018
-2.300045522849058,-2.195061514863295,-2.731524831065664,-1.915225084692441,-1.421752636796837,-1.641581973251254,-0.2230530312203617,-1.565176658286093,-0.3293596377543635,-1.370817563461179,1.11997749168953,-0.7149876528687886,0.4188630579266939,-0.5190966338934803,0.4648700000000018
-2.300045522849058,-2.190426965020412,-2.731524831065664,-1.946817631650747,-1.421752636796837,-1.641581973251254,-0.203615735427754,-1.565176658286093,-0.3298099780102199,-1.370817563461179,1.11989937212291,-0.7149876528687886,0.4427714092687186,-0.5190966338934803,0.47437000000000173
-2.309657028532492,-2.185171189364848,-2.73273970157786,-1.945954991039556,-1.421752636796837,-1.612332611777405,-0.203615735427754,-1.565176658286093,-0.3298099780102199,-1.359009160301322,1.120517310587692,-0.7149876528687886,0.4427714092687186,-0.316737210914937,0.4814000000000017
-2.325304733058991,-2.191254014298231,-2.734284942215487,-1.942680116637673,-1.419270479663649,-1.612332611777405,-0.1791285886494716,-1.55246251800994,-0.3300315435165547,-1.359009160301322,1.145219386387394,-0.5740396281212355,0.4427714092687186,-0.316737210914937,0.4867300000000017
-2.329455344959315,-2.208415591748478,-2.734284942215487,-1.960288674904287,-1.419270479663649,-1.580527008275347,-0.1791285886494716,-1.537867928179797,-0.3300315435165547,-1.359009160301322,1.144691404964857,-0.5740396281212355,0.4427714092687186,-0.9638788749278216,0.49094000000000165
-2.335439518487493,-2.219155947564933,-2.738500119371465,-1.967445146860173,-1.419270479663649,-1.580527008275347,-0.1791285886494716,-1.537867928179797,-0.3305633737526081,-1.359009160301322,1.176450491770754,-0.5740396281212355,0.4427714092687186,-1.156811616711721,0.4938200000000016
-2.335439518487493,-2.24540427562265,-2.739674889590889,-1.979534259293521,-1.419270479663649,-1.546767821471839,-0.1791285886494716,-1.537867928179797,-0.3305633737526081,-1.347456937310813,1.202112654030221,-0.5740396281212355,0.4427714092687186,-1.156811616711721,0.4948600000000016
-2.335439518487493,-2.254088358039417,-2.738988267439795,-1.988350157319764,-1.419270479663649,-1.546767821471839,-0.121813254368078,-1.522148661318308,-0.3323102532506463,-1.347456937310813,1.21351761872645,-0.5740396281212355,0.4427714092687186,-1.156811616711721,0.49439000000000155
-2.340689125257338,-2.2701459361347,-2.738988267439795,-1.98830044754223,-1.419270479663649,-1.511641358566942,-0.121813254368078,-1.522148661318308,-0.3323102532506463,-1.337011197116699,1.24979061037647,-0.5740396281212355,0.4427714092687186,-1.156811616711721,0.49161000000000155
-2.349802529370284,-2.278212722637914,-2.732827687070909,-1.992333795820415,-1.419270479663649,-1.511641358566942,-0.09306233704764652,-1.506308703092832,-0.3364038793907376,-1.337011197116699,1.273141207430641,-0.5740396281212355,0.4427714092687186,-1.156811616711721,0.48672000000000154
-2.352358633390464,-2.286781129277502,-2.732827687070909,-2.009821324225546,-1.419270479663649,-1.475828751641431,-0.09306233704764652,-1.506308703092832,-0.3364038793907376,-1.328623833131774,1.290400997585464,-0.5740396281212355,0.4427714092687186,-1.321621426264893,0.4801100000000015
-2.354343280017248,-2.284874616047853,-2.730001418748048,-2.024012509502302,-1.419270479663649,-1.475828751641431,-0.09306233704764652,-1.491413740561373,-0.3439646817283687,-1.328623833131774,1.319527473256885,-0.5740396281212355,0.4427714092687186,-1.321621426264893,0.47267000000000153
-2.353290832148519,-2.285297845868294,-2.730501027412117,-2.015669137063764,-1.414188463650601,-1.440254495426472,-0.09306233704764652,-1.491413740561373,-0.3439646817283687,-1.323152688265559,1.340933353111953,-0.5740396281212355,0.4427714092687186,-1.154454946413042,0.46496000000000154
-2.354075449516921,-2.2878356600641,-2.731212672282713,-2.040725458007354,-1.414188463650601,-1.440254495426472,-0.0667746063397234,-1.47837755011956,-0.3558242420382693,-1.323152688265559,1.356262687933928,-0.5740396281212355,0.4427714092687186,-1.154454946413042,0.4569800000000015
-2.354752421785668,-2.288744398857329,-2.731994495366255,-2.03721396251669,-1.414188463650601,-1.406168430219122,-0.0667746063397234,-1.47837755011956,-0.3558242420382693,-1.321178923110121,1.356778849285223,-0.5740396281212355,0.4427714092687186,-1.154454946413042,0.44873000000000146
-2.354577367984508,-2.290115084040867,-2.733148107734495,-2.037677392382593,-1.406569195513238,-1.406168430219122,-0.02639626977141521,-1.467780518214146,-0.3722981855616516,-1.321178923110121,1.372515764913196,-0.5740396281212355,0.4427714092687186,-1.154454946413042,0.4407100000000014
-2.354577367984508,-2.290573984113698,-2.725858862026978,-2.048741953722031,-1.406569195513238,-1.375095251245788,-0.02639626977141521,-1.459767076798684,-0.3722981855616516,-1.322897553215316,1.368813225221304,-0.5740396281212355,0.4427714092687186,-1.154454946413042,0.4332900000000014
-2.351961634472201,-2.291029300201163,-2.722359112904371,-2.054185057394001,-1.406569195513238,-1.375095251245788,-0.01313729223719563,-1.459767076798684,-0.3931014831735408,-1.322897553215316,1.351341880640185,-0.5740396281212355,0.4427714092687186,-0.9874455779144674,0.4264400000000014
-2.336947521838076,-2.300001285356157,-2.718255384196611,-2.053777068509613,-1.396700384179476,-1.348665113716042,-0.01313729223719563,-1.459767076798684,-0.3931014831735408,-1.328095153550253,1.365130958127352,-0.5740396281212355,0.4427714092687186,-0.9874455779144674,0.42119000000000134
-2.330482369038868,-2.303787571339273,-2.71657048518624,-2.058700417288076,-1.396700384179476,-1.348665113716042,-0.004056373320565556,-1.45406058502804,-0.4174468506841032,-1.328095153550253,1.374683511305483,-0.5740396281212355,0.4427714092687186,-0.9874455779144674,0.41730000000000134
-2.329441747718839,-2.31979231841042,-2.714420607618561,-2.063913405409343,-1.396700384179476,-1.328392928733703,-0.004056373320565556,-1.450096978629258,-0.4174468506841032,-1.336199862028181,1.367408556911541,-0.5740396281212355,0.4427714092687186,-1.034578983887723,0.41491000000000133
-2.327358804758625,-2.33609932509379,-2.704507423426821,-2.072432022952728,-1.385069335786449,-1.328392928733703,-0.004056373320565556,-1.450096978629258,-0.4174468506841032,-1.336199862028181,1.359799140151684,-0.5740396281212355,0.4427714092687186,-0.8509158119452271,0.41420000000000134
-2.320638420503507,-2.33609932509379,-2.704507423426821,-2.049852293583415,-1.385069335786449,-1.315475343718083,-0.004056373320565556,-1.447221819521284,-0.4174468506841032,-1.346385151154155,1.360808525734701,-0.5740396281212355,0.4427714092687186,-1.015725621498399,0.4146900000000014
-2.307462250074617,-2.343561619879264,-2.697131475065418,-2.047502985735247,-1.385069335786449,-1.315475343718083,0.005239334772127626,-1.447221819521284,-0.472442126139873,-1.346385151154155,1.335332341510225,-0.5740396281212355,0.4427714092687186,-1.347544799550182,0.4155700000000014
-2.298381389621506,-2.352604318919757,-2.684417989223884,-2.044113293361713,-1.372316168518519,-1.310646181960465,0.005239334772127626,-1.447221819521284,-0.472442126139873,-1.357707572733831,1.325113221911724,-0.5740396281212355,0.4427714092687186,-1.347544799550182,0.41637000000000135
-2.288334584205486,-2.352604318919757,-2.684417989223884,-2.036297170125323,-1.372316168518519,-1.310646181960465,0.005239334772127626,-1.447221819521284,-0.472442126139873,-1.357707572733831,1.317320571543968,-0.5740396281212355,0.4427714092687186,-1.347544799550182,0.4168400000000013
-2.27805581294474,-2.356154839063468,-2.666696459923438,-2.019649712621696,-1.372316168518519,-1.314110043690499,0.005239334772127626,-1.442685177906575,-0.472442126139873,-1.36925353609504,1.322702756820768,-0.5740396281212355,0.4427714092687186,-1.170951638503687,0.4169700000000013
-2.268048855645155,-2.356154839063468,-2.662497013240268,-2.015627633593962,-1.359176181655678,-1.314110043690499,0.007581197690457279,-1.442685177906575,-0.5288397003064259,-1.36925353609504,1.338011521990212,-0.5740396281212355,0.4427714092687186,-1.170951638503687,0.4166000000000013
-2.24092973954199,-2.356515804802076,-2.651342499177236,-1.99237355327935,-1.359176181655678,-1.325554669921572,0.007581197690457279,-1.442685177906575,-0.5288397003064259,-1.380267709976654,1.360681173036493,-0.5740396281212355,0.4427714092687186,-0.9850889076157885,0.41554000000000124
-2.217109103712166,-2.356312942386007,-2.651342499177236,-1.985912276754494,-1.359176181655678,-1.325554669921572,0.009653674166042205,-1.440519238424841,-0.5553297221362314,-1.380267709976654,1.347024366885422,-0.5740396281212355,0.4427714092687186,-0.9850889076157885,0.4141900000000012
-2.214997697060003,-2.359637448984981,-2.63500347917026,-1.977545555030491,-1.346421946171141,-1.344218859002829,0.009653674166042205,-1.440519238424841,-0.5553297221362314,-1.39023768943329,1.341023894892256,-0.5740396281212355,0.4427714092687186,-0.9850889076157885,0.4123300000000012
-2.201758452593233,-2.361862517052288,-2.625109640143528,-1.946693703790674,-1.346421946171141,-1.344218859002829,0.01210240657957123,-1.438396947333524,-0.5553297221362314,-1.39023768943329,1.338926684522222,-0.5740396281212355,0.4427714092687186,-0.9850889076157885,0.4090800000000012
-2.189298722215815,-2.361866804314604,-2.616531004233837,-1.943900906808086,-1.346421946171141,-1.36898037631576,0.01210240657957123,-1.436413035137057,-0.5553297221362314,-1.398917611661847,1.31914002660538,-0.5740396281212355,0.4427714092687186,-0.9850889076157885,0.40475000000000116
-2.168083109115408,-2.357817784362142,-2.616531004233837,-1.927223745098062,-1.334810288887261,-1.36898037631576,0.01525039744332109,-1.436413035137057,-0.5795860930928124,-1.398917611661847,1.314164564420201,-0.5740396281212355,0.4427714092687186,-1.154454946413042,0.40039000000000124
-2.15931760551187,-2.35131096559011,-2.611835069777716,-1.909279245285346,-1.334810288887261,-1.398430527629681,0.01525039744332109,-1.436413035137057,-0.5795860930928124,-1.406286054729662,1.329283610197717,-0.5740396281212355,0.4427714092687186,-1.154454946413042,0.39677000000000123
-2.140556174877828,-2.34303613442508,-2.602305818813419,-1.903925383905236,-1.334810288887261,-1.398430527629681,0.01912362070686384,-1.436413035137057,-0.6007232791983785,-1.406286054729662,1.317050368837273,-0.5740396281212355,0.4427714092687186,-1.154454946413042,0.3937700000000012
-2.140556174877828,-2.340595203437739,-2.602305818813419,-1.882744219462609,-1.325032172842643,-1.430924817447081,0.01912362070686384,-1.433008530869653,-0.6007232791983785,-1.412449315585214,1.28098976295555,-0.5740396281212355,0.4427714092687186,-1.154454946413042,0.39178000000000124
-2.122040391834515,-2.337407321710598,-2.589093376346145,-1.86115704351812,-1.325032172842643,-1.430924817447081,0.02354401681404587,-1.433008530869653,-0.6178040239506043,-1.412449315585214,1.25862908396966,-0.5740396281212355,0.4427714092687186,-1.154454946413042,0.3909100000000012
-2.098472071547934,-2.330737185924168,-2.577276120402886,-1.8488879047253,-1.325032172842643,-1.464637713709163,0.02354401681404587,-1.433008530869653,-0.6178040239506043,-1.417521786417023,1.24648338935391,-0.5740396281212355,0.4427714092687186,-1.154454946413042,0.3908100000000012
-2.098472071547934,-2.32505873601798,-2.573384513468643,-1.843983196433091,-1.325032172842643,-1.464637713709163,0.02822880799992919,-1.43137027589858,-0.629951911226286,-1.417521786417023,1.238660745083371,-0.5740396281212355,0.4427714092687186,-1.154454946413042,0.3909500000000012
-2.071551336285039,-2.320877593597559,-2.560740534922092,-1.833176360701077,-1.325032172842643,-1.497659810052969,0.02822880799992919,-1.43137027589858,-0.629951911226286,-1.421526261621883,1.247538638502407,-0.5740396281212355,0.4427714092687186,-1.154454946413042,0.39161000000000123
-2.071551336285039,-2.317724300436755,-2.53992932781541,-1.813205337495922,-1.317660605148155,-1.497659810052969,0.03284277533703339,-1.429492212927624,-0.6365088692112089,-1.421526261621883,1.243245159967779,-0.5740396281212355,0.4427714092687186,-1.154454946413042,0.3937500000000012
-2.071551336285039,-2.313089569824291,-2.53992932781541,-1.803011207371757,-1.317660605148155,-1.528139194360356,0.03284277533703339,-1.429492212927624,-0.6365088692112089,-1.424343529087221,1.233086845207698,-0.5740396281212355,0.4427714092687186,-1.312194745070249,0.3968900000000012
-2.046178442478112,-2.309322814859441,-2.53992932781541,-1.794632593678257,-1.317660605148155,-1.528139194360356,0.03701253328933951,-1.429492212927624,-0.6371648049410368,-1.424343529087221,1.24057694354522,-0.5740396281212355,0.4427714092687186,-1.312194745070249,0.4003500000000012
-2.042455404333997,-2.309057288809548,-2.534299060011947,-1.770095268967047,-1.317660605148155,-1.554429652586156,0.03701253328933951,-1.427217065034613,-0.6371648049410368,-1.425717992170793,1.238242219555159,-0.5740396281212355,0.4427714092687186,-1.312194745070249,0.4032500000000012
-2.039001935944642,-2.308763478946769,-2.514380164129829,-1.782832464603133,-1.313094627785201,-1.554429652586156,0.04034657184287901,-1.427217065034613,-0.6320127772775532,-1.425717992170793,1.235054019336849,-0.5740396281212355,0.4427714092687186,-1.312194745070249,0.4054200000000012
-2.033179285699688,-2.307686948403536,-2.502299229594006,-1.749867485623085,-1.313094627785201,-1.575208935235012,0.04034657184287901,-1.424550484737198,-0.6320127772775532,-1.425309078493705,1.246621048220036,-0.5740396281212355,0.4427714092687186,-1.312194745070249,0.40598000000000123
-2.02083039037026,-2.305293295859341,-2.4968748288389,-1.756655371564074,-1.313094627785201,-1.575208935235012,0.0424791133863791,-1.424550484737198,-0.6215188068746629,-1.425309078493705,1.253395480267245,-0.5740396281212355,0.4427714092687186,-1.312194745070249,0.4047100000000013
-2.016192298352725,-2.307928622226087,-2.491987524143886,-1.752722884371828,-1.311505236399227,-1.589562528871503,0.0424791133863791,-1.421679831740234,-0.6215188068746629,-1.422762544523094,1.253389119317895,-0.5740396281212355,0.4427714092687186,-1.312194745070249,0.4018400000000013
-2.007695793375181,-2.317870389676201,-2.489234722062359,-1.741415325281641,-1.311505236399227,-1.589562528871503,0.04312957998738014,-1.421679831740234,-0.6064326302334253,-1.422762544523094,1.242153072618266,-0.5740396281212355,0.4188630579266939,-1.312194745070249,0.39798000000000133
-2.007695793375181,-2.325187537728813,-2.489234722062359,-1.736492540527749,-1.311505236399227,-1.597051463279162,0.04312957998738014,-1.418914681981832,-0.6064326302334253,-1.41777092924781,1.241773269389822,-0.5740396281212355,0.4188630579266939,-1.312194745070249,0.3934300000000014
-2.007695793375181,-2.323208247930257,-2.489234722062359,-1.72774212129912,-1.312799488802905,-1.597051463279162,0.04217749410507211,-1.418914681981832,-0.5876821076357617,-1.41777092924781,1.233121605728889,-0.5740396281212355,0.4188630579266939,-1.312194745070249,0.3873400000000014
-2.002436948549704,-2.312168592145114,-2.489234722062359,-1.732002623690663,-1.312799488802905,-1.597769976174489,0.04217749410507211,-1.41657913418629,-0.5876821076357617,-1.410108851091586,1.233092583183274,-0.5740396281212355,0.3949547065846675,-1.312194745070249,0.3805300000000014
-1.996622532038529,-2.309772913975922,-2.484202383228837,-1.713704544514476,-1.312799488802905,-1.597769976174489,0.03975236295631957,-1.41657913418629,-0.5662765271362458,-1.410108851091586,1.241352163192137,-0.5740396281212355,0.3949547065846675,-1.312194745070249,0.3732500000000014
-1.994278874868291,-2.308771311152374,-2.481587737998419,-1.699258787852073,-1.316621592550824,-1.597769976174489,0.03975236295631957,-1.414891646970263,-0.5662765271362458,-1.410108851091586,1.238875039884376,-0.5740396281212355,0.3710463552426412,-1.312194745070249,0.36616000000000143
-1.989826819132021,-2.309535575298763,-2.479181834437614,-1.68840809341452,-1.316621592550824,-1.597769976174489,0.03630107727050741,-1.413858034805744,-0.5432235523972943,-1.410108851091586,1.229864640781903,-0.5740396281212355,0.3710463552426412,-1.312194745070249,0.35986000000000146
-1.984309359607521,-2.308399171081068,-2.476351664694147,-1.698064586746597,-1.316621592550824,-1.582007797155032,0.03630107727050741,-1.413858034805744,-0.5432235523972943,-1.399646317086614,1.232117689764741,-0.5740396281212355,0.3710463552426412,-1.312194745070249,0.35524000000000144
-1.981902939934856,-2.305808572822737,-2.475483450181017,-1.681415214226899,-1.322396406496599,-1.582007797155032,0.03256544554745671,-1.413207381498015,-0.5194587422005,-1.399646317086614,1.235747587457505,-0.5740396281212355,0.3710463552426412,-1.312194745070249,0.35282000000000147
-1.971724058276421,-2.294634984417792,-2.473810133010706,-1.67644442066462,-1.322396406496599,-1.582007797155032,0.03256544554745671,-1.413207381498015,-0.5194587422005,-1.386345270456985,1.238380226558546,-0.5740396281212355,0.3949547065846675,-1.312194745070249,0.35247000000000145
-1.971816435779673,-2.280981174050123,-2.471519510118623,-1.668972518999872,-1.322396406496599,-1.582007797155032,0.02943793124391308,-1.413207381498015,-0.4957906058213196,-1.386345270456985,1.245688921587437,-0.5740396281212355,0.3949547065846675,-1.312194745070249,0.35375000000000145
-1.984264760819215,-2.262312870861336,-2.468584729112291,-1.665083757885944,-1.329403519900215,-1.568246785486893,0.02943793124391308,-1.412411163976188,-0.4957906058213196,-1.370249539720924,1.247786528006846,-0.5740396281212355,0.3949547065846675,-1.312194745070249,0.3557100000000014
-1.98863944389998,-2.239627776644945,-2.459713013456305,-1.666868694041544,-1.329403519900215,-1.568246785486893,0.0277520983805684,-1.410795417450137,-0.4728733859778772,-1.370249539720924,1.26439090387028,-0.5740396281212355,0.3949547065846675,-1.312194745070249,0.3590300000000014
-1.989014809999242,-2.228206037976612,-2.459713013456305,-1.651578133910118,-1.329403519900215,-1.55287228709561,0.0277520983805684,-1.410795417450137,-0.4728733859778772,-1.35149235580858,1.263832633465539,-0.5740396281212355,0.3949547065846675,-1.312194745070249,0.3631300000000014
-1.981722772212099,-2.228206037976612,-2.459713013456305,-1.657937717276789,-1.336862643180648,-1.55287228709561,0.0281176228294816,-1.410795417450137,-0.4512136386538014,-1.35149235580858,1.274814407419698,-0.5740396281212355,0.3949547065846675,-1.312194745070249,0.3680900000000014
-1.974230289034722,-2.19993816466764,-2.454235441761349,-1.654982120932751,-1.336862643180648,-1.524319138915598,0.0281176228294816,-1.410795417450137,-0.4512136386538014,-1.330340098173856,1.271217164651487,-0.5740396281212355,0.3949547065846675,-1.472134102672823,0.37388000000000143
-1.967390883673994,-2.187403164977466,-2.445578257878225,-1.640086955145269,-1.336862643180648,-1.524319138915598,0.03086951372571392,-1.402603661254872,-0.4311900337647541,-1.330340098173856,1.268849446447291,-0.5740396281212355,0.3949547065846675,-1.472134102672823,0.3798700000000014
-1.951117797253956,-2.178656471417534,-2.442231332420612,-1.640425874519295,-1.34401181127296,-1.524319138915598,0.03086951372571392,-1.402603661254872,-0.4311900337647541,-1.30726249481683,1.260353480742326,-0.5740396281212355,0.3949547065846675,-1.232225066268944,0.3854500000000014
-1.951117797253956,-2.172402510281116,-2.439824618281086,-1.633150528643905,-1.34401181127296,-1.524319138915598,0.03611564722270272,-1.395220774861379,-0.4130601419580875,-1.30726249481683,1.261663298787856,-0.5740396281212355,0.3949547065846675,-1.2157283741783,0.3900000000000014
-1.939752584207824,-2.17042670959602,-2.435469017640145,-1.624529081587794,-1.34401181127296,-1.513885775755833,0.03611564722270272,-1.395220774861379,-0.4130601419580875,-1.282999752310759,1.249105888895736,-0.5740396281212355,0.3949547065846675,-1.321621426264893,0.3935000000000014
-1.921487931291422,-2.17041860695785,-2.430124937989674,-1.628658883024063,-1.350167111973471,-1.513885775755833,0.0438184676118896,-1.395220774861379,-0.396954542470126,-1.282999752310759,1.265899127818446,-0.5740396281212355,0.3949547065846675,-1.364041491640827,0.3959400000000014
-1.921487931291422,-2.171906573671853,-2.422439206871334,-1.613137497730424,-1.350167111973471,-1.503144135066419,0.0438184676118896,-1.395220774861379,-0.396954542470126,-1.258595194952284,1.274482066444247,-0.5740396281212355,0.3949547065846675,-1.364041491640827,0.3980400000000014
-1.91003661959372,-2.173053889282056,-2.418370452624956,-1.597586686716583,-1.350167111973471,-1.503144135066419,0.05385792472306467,-1.373581876547727,-0.3828707869355495,-1.258595194952284,1.268957124003337,-0.5740396281212355,0.3949547065846675,-1.364041491640827,0.39913000000000143
-1.890140691450285,-2.167737762026948,-2.414711565217113,-1.604575454933108,-1.354765027970417,-1.503144135066419,0.05385792472306467,-1.373581876547727,-0.3828707869355495,-1.235366952153545,1.26264503446602,-0.5740396281212355,0.3949547065846675,-1.364041491640827,0.39935000000000137
-1.881097572559678,-2.154088647225421,-2.411487550324133,-1.574834788068265,-1.354765027970417,-1.503144135066419,0.05385792472306467,-1.373581876547727,-0.3706747580887617,-1.235366952153545,1.280584547410914,-0.5740396281212355,0.3949547065846675,-1.364041491640827,0.3985900000000014
-1.869123756266825,-2.154088647225421,-2.404722298594805,-1.573083591655863,-1.354765027970417,-1.501816202799621,0.05385792472306467,-1.373581876547727,-0.3706747580887617,-1.2148046274309,1.296163767307916,-0.5740396281212355,0.3949547065846675,-1.364041491640827,0.39668000000000136
-1.860745721055598,-2.152324351962167,-2.404722298594805,-1.560662113424612,-1.357394340111365,-1.501816202799621,0.08018534768692674,-1.359807243000196,-0.3601188985652372,-1.2148046274309,1.299061614915012,-0.5740396281212355,0.3949547065846675,-1.364041491640827,0.3939900000000014
-1.860343951710149,-2.151098195047333,-2.397109895681035,-1.546599604655848,-1.357394340111365,-1.501762515534953,0.08018534768692674,-1.359807243000196,-0.3601188985652372,-1.198394409322678,1.326085605889282,-0.5740396281212355,0.3949547065846675,-1.364041491640827,0.39088000000000134
-1.85550040267477,-2.147619190889957,-2.39144736457034,-1.531983461942551,-1.357394340111365,-1.501762515534953,0.09590930678837956,-1.344609712642323,-0.3508691236322245,-1.198394409322678,1.352337446026647,-0.5740396281212355,0.3949547065846675,-1.364041491640827,0.3877600000000013
-1.847692022228405,-2.129029019732939,-2.39144736457034,-1.538715594366736,-1.357817820453221,-1.501825703526076,0.09590930678837956,-1.328474129112654,-0.3508691236322245,-1.18738848802665,1.359343409029742,-0.5740396281212355,0.3949547065846675,-1.364041491640827,0.38492000000000137
-1.837753257265167,-2.094387004752453,-2.39144736457034,-1.532701796908619,-1.357817820453221,-1.501825703526076,0.09590930678837956,-1.328474129112654,-0.342499884934681,-1.18738848802665,1.370024068742017,-0.5740396281212355,0.3949547065846675,-1.528694189840758,0.3826400000000013
-1.835926342807397,-2.086249682743717,-2.382802202543522,-1.532004689682562,-1.357817820453221,-1.501124402210264,0.09590930678837956,-1.328474129112654,-0.342499884934681,-1.182547323190668,1.388029177189298,-0.5740396281212355,0.3949547065846675,-1.528694189840758,0.38050000000000134
-1.831473222602175,-2.0613523809692,-2.382802202543522,-1.524025054997856,-1.355976387752715,-1.501124402210264,0.1300580248973778,-1.311858822405306,-0.3344292766608993,-1.182547323190668,1.407770130884265,-0.5740396281212355,0.3949547065846675,-1.528694189840758,0.37930000000000136
-1.828615817879236,-2.029387845685513,-2.377013183259601,-1.527462135689562,-1.355976387752715,-1.499198879994378,0.1300580248973778,-1.295129024913725,-0.3344292766608993,-1.18390684978592,1.436917214382331,-0.5740396281212355,0.3949547065846675,-1.528694189840758,0.3789900000000014
-1.818220202761377,-2.015102935285468,-2.373006957031708,-1.531614404081403,-1.355976387752715,-1.499198879994378,0.1300580248973778,-1.295129024913725,-0.3258267992681495,-1.18390684978592,1.445618063388239,-0.5740396281212355,0.3949547065846675,-1.528694189840758,0.37945000000000134
-1.807930946660444,-1.989487617457418,-2.365506672773172,-1.55092082754471,-1.351970954455103,-1.496001611163387,0.1300580248973778,-1.295129024913725,-0.3258267992681495,-1.190643026684201,1.435327190503114,-0.5740396281212355,0.3949547065846675,-1.528694189840758,0.38047000000000136
-1.776307764533546,-1.979288196509685,-2.359283670559828,-1.560523798277636,-1.351970954455103,-1.496001611163387,0.1469882432851807,-1.278501781453143,-0.3155750765630517,-1.190643026684201,1.435791070179118,-0.5740396281212355,0.3949547065846675,-1.528694189840758,0.38197000000000136
-1.74736566062992,-1.972502287246334,-2.34153468817128,-1.56765553545478,-1.351970954455103,-1.49178118057771,0.1469882432851807,-1.262026894665245,-0.3155750765630517,-1.201094474609927,1.43142144464759,-0.5740396281212355,0.3949547065846675,-1.354614810446183,0.3837100000000014
-1.728842264044305,-1.971109664579179,-2.33120214799885,-1.579993878272917,-1.346025479978098,-1.49178118057771,0.1626471355850176,-1.262026894665245,-0.3023588938174794,-1.201094474609927,1.416857601206107,-0.5740396281212355,0.3949547065846675,-1.512197497750114,0.38564000000000137
-1.712915908991536,-1.971011397217086,-2.325055390790202,-1.568357668946518,-1.346025479978098,-1.486930776872035,0.1626471355850176,-1.245639338021931,-0.3023588938174794,-1.212955082288105,1.403683363728772,-0.5740396281212355,0.3949547065846675,-1.512197497750114,0.38724000000000136
-1.690095368253786,-1.978982277425517,-2.312195027032667,-1.601488630484128,-1.346025479978098,-1.486930776872035,0.1869097335620417,-1.245639338021931,-0.2849014554108511,-1.212955082288105,1.374807898169129,-0.5740396281212355,0.3949547065846675,-1.326334766862215,0.38830000000000137
-1.675273985436542,-1.985172151149509,-2.297358742268055,-1.635594773312825,-1.33843972157675,-1.481843368106809,0.1869097335620417,-1.229288759845862,-0.2849014554108511,-1.223596254862582,1.363865864513405,-0.5740396281212355,0.3949547065846675,-1.326334766862215,0.3892500000000014
-1.649042997633237,-2.015701287503794,-2.294803803116037,-1.624639901478226,-1.33843972157675,-1.481843368106809,0.1869097335620417,-1.229288759845862,-0.2623034953869315,-1.223596254862582,1.348786541180322,-0.5740396281212355,0.3949547065846675,-1.488630794763468,0.3895700000000014
-1.649042997633237,-2.038542557590951,-2.287274092487139,-1.655523717318386,-1.33843972157675,-1.476787419362412,0.1869097335620417,-1.229288759845862,-0.2623034953869315,-1.23045372603828,1.358234318590488,-0.5740396281212355,0.3949547065846675,-1.488630794763468,0.3892100000000014
-1.641417950654519,-2.049875364455577,-2.275479106232843,-1.679643812453731,-1.32954150419083,-1.476787419362412,0.1942286924842908,-1.213106151107308,-0.2623034953869315,-1.23045372603828,1.322444644825021,-0.5740396281212355,0.3949547065846675,-1.312194745070249,0.3880800000000014
-1.603686949477643,-2.065835860945352,-2.265743968764738,-1.687684987208909,-1.32954150419083,-1.47182956368505,0.1942286924842908,-1.213106151107308,-0.2623034953869315,-1.231409041368839,1.279569611358365,-0.5035656157474591,0.3949547065846675,-1.312194745070249,0.3866800000000014
-1.589750097811344,-2.081704329558777,-2.265743968764738,-1.700759977443511,-1.32954150419083,-1.47182956368505,0.197696575704768,-1.197540177426454,-0.2018677364240953,-1.231409041368839,1.274394798726437,-0.5035656157474591,0.3949547065846675,-1.147384935517041,0.3848500000000014
-1.569600373931185,-2.085712468304292,-2.265743968764738,-1.711226630781228,-1.319649494818125,-1.46683938634135,0.197696575704768,-1.197540177426454,-0.2018677364240953,-1.231409041368839,1.281559180083045,-0.5035656157474591,0.3949547065846675,-1.147384935517041,0.3824200000000014
-1.550968546718517,-2.092258324884874,-2.261100782493069,-1.718081181109679,-1.319649494818125,-1.46683938634135,0.1969786985635394,-1.183401023691564,-0.1663888844047749,-1.225100355072443,1.32083943520057,-0.5035656157474591,0.3949547065846675,-1.147384935517041,0.3793000000000014
-1.535447049924073,-2.106350464659811,-2.253624490773077,-1.728686847101522,-1.319649494818125,-1.461575367963887,0.1969786985635394,-1.183401023691564,-0.1663888844047749,-1.211113762001338,1.344742426432621,-0.4330916033736826,0.3949547065846675,-0.9709488858238225,0.37613000000000146
-1.520594017153333,-2.110638779209612,-2.246467963459285,-1.718849422987789,-1.309054603328923,-1.461575367963887,0.191883323913803,-1.171791269758748,-0.1302215144256997,-1.211113762001338,1.359867272539527,-0.4330916033736826,0.3949547065846675,-0.7968695064292112,0.3729300000000014
-1.51382955928326,-2.115279555964665,-2.246467963459285,-1.736810426560272,-1.309054603328923,-1.455809392547091,0.191883323913803,-1.171791269758748,-0.1302215144256997,-1.211113762001338,1.347869186341638,-0.4330916033736826,0.3949547065846675,-0.7968695064292112,0.3696000000000014
-1.510482190705334,-2.11344361239382,-2.24386213593593,-1.729519953030565,-1.309054603328923,-1.455809392547091,0.1824094611115462,-1.163956083780813,-0.1302215144256997,-1.190029583626942,1.333105906012753,-0.4330916033736826,0.3949547065846675,-0.7968695064292112,0.36595000000000144
-1.510233258483456,-2.1118228041828,-2.239858896066853,-1.730374546099581,-1.298018482005628,-1.449435910142039,0.1824094611115462,-1.163956083780813,-0.1302215144256997,-1.190029583626942,1.329833639524108,-0.4330916033736826,0.3949547065846675,-0.7968695064292112,0.3623200000000015
-1.507298510327261,-2.113749016139295,-2.239328875932726,-1.744553691859276,-1.298018482005628,-1.449435910142039,0.1688053367155031,-1.161103890877665,-0.06607410313530396,-1.190029583626942,1.348875707398554,-0.4330916033736826,0.3710463552426412,-0.7968695064292112,0.3592900000000015
-1.490263274863849,-2.110994691307388,-2.236368109517366,-1.746377349388767,-1.298018482005628,-1.442524090836196,0.1688053367155031,-1.16422886617864,-0.06607410313530396,-1.133116599984979,1.36816597344704,-0.4330916033736826,0.3710463552426412,-0.7968695064292112,0.35636000000000145
-1.481835417736663,-2.099893803394419,-2.233583896348159,-1.753561967310962,-1.286780793648813,-1.442524090836196,0.1516162223605934,-1.16422886617864,-0.06607410313530396,-1.133116599984979,1.375934763532468,-0.4330916033736826,0.3710463552426412,-0.7968695064292112,0.3536900000000015
-1.473213506675798,-2.098784815448075,-2.230104506657949,-1.768720992405574,-1.286780793648813,-1.435302383463444,0.1516162223605934,-1.173949548273031,-0.06607410313530396,-1.133116599984979,1.398092339551878,-0.4330916033736826,0.3710463552426412,-0.7968695064292112,0.3519000000000015
-1.473213506675798,-2.097064383029419,-2.230104506657949,-1.758527997581297,-1.286780793648813,-1.435302383463444,0.1316842878270105,-1.173949548273031,-0.04280202484563411,-1.133116599984979,1.411032732146534,-0.4330916033736826,0.3710463552426412,-0.7968695064292112,0.3508300000000015
-1.462655788790666,-2.092153012555207,-2.226263931074804,-1.763383713122962,-1.275570670979012,-1.42810173442173,0.1316842878270105,-1.173949548273031,-0.04280202484563411,-1.10187587685569,1.40531530283462,-0.4330916033736826,0.3710463552426412,-0.7968695064292112,0.3498700000000015
-1.456066102477273,-2.087308835790182,-2.218980207779859,-1.775611367365703,-1.275570670979012,-1.42810173442173,0.1100686913600592,-1.190379233391439,-0.02776298542276338,-1.10187587685569,1.469685918717365,-0.4330916033736826,0.3710463552426412,-0.7968695064292112,0.3490100000000015
-1.455032048566925,-2.074509595182556,-2.21360408141165,-1.767488673003215,-1.275570670979012,-1.421300577962829,0.1100686913600592,-1.190379233391439,-0.02776298542276338,-1.072010097054395,1.499234668394719,-0.4330916033736826,0.3710463552426412,-0.7968695064292112,0.3479200000000015
-1.446784687642356,-2.059424645962323,-2.21360408141165,-1.769053498061567,-1.264624487687792,-1.421300577962829,0.08789475644353088,-1.213045751068702,-0.0219074269893324,-1.072010097054395,1.515487138280407,-0.4330916033736826,0.3710463552426412,-0.7968695064292112,0.3472600000000015
-1.416664344034388,-2.05127665223702,-2.211418295858708,-1.779481884539591,-1.264624487687792,-1.415299411569883,0.08789475644353088,-1.213045751068702,-0.0219074269893324,-1.045534088492336,1.526820743566847,-0.4330916033736826,0.3710463552426412,-0.8110095282212129,0.3465600000000015
-1.400302512616063,-2.037555081974588,-2.205829016477343,-1.761072030501929,-1.264624487687792,-1.415299411569883,0.0661906012252114,-1.240876758652013,-0.02540460422922667,-1.045534088492336,1.517764477107255,-0.4330916033736826,0.3710463552426412,-0.8110095282212129,0.3451900000000015
-1.400302512616063,-2.014255296638964,-2.202305290177707,-1.793664636142271,-1.254210180793838,-1.410515118111963,0.0661906012252114,-1.240876758652013,-0.02540460422922667,-1.023793688798789,1.527411899787026,-0.4330916033736826,0.3710463552426412,-0.8110095282212129,0.34324000000000143
-1.375714491349482,-1.985074437192944,-2.195464973872956,-1.804266422541237,-1.254210180793838,-1.410515118111963,0.04578878765214443,-1.272263190603983,-0.03759092094509503,-1.023793688798789,1.533551584562006,-0.4330916033736826,0.3710463552426412,-0.8110095282212129,0.3410100000000015
-1.360975993544319,-1.97015141932868,-2.187893548841073,-1.811133710162775,-1.254210180793838,-1.40735712049171,0.04578878765214443,-1.272263190603983,-0.03759092094509503,-1.007322814836159,1.543838521742378,-0.4330916033736826,0.3710463552426412,-0.9827322373171097,0.33815000000000145
-1.360975993544319,-1.950265795515794,-2.182377007186496,-1.822027979524933,-1.244648411203952,-1.40735712049171,0.02733139808534247,-1.272263190603983,-0.05699693720383168,-1.007322814836159,1.519805408073203,-0.4330916033736826,0.3710463552426412,-0.9827322373171097,0.3348500000000015
-1.341755940062459,-1.925943668017291,-2.179908006159835,-1.826806651211353,-1.244648411203952,-1.406160102409558,0.02733139808534247,-1.305204656074913,-0.05699693720383168,-0.9958595017828173,1.492410545709678,-0.4330916033736826,0.3710463552426412,-0.9827322373171097,0.33150000000000146
-1.306938311942591,-1.910091791439221,-2.175210031031474,-1.857508469820802,-1.244648411203952,-1.406160102409558,0.01133850548383194,-1.337527379673441,-0.08151580330282752,-0.9958595017828173,1.468122175451519,-0.4330916033736826,0.3710463552426412,-0.9827322373171097,0.32833000000000145
-1.275543677415825,-1.906117194629765,-2.162578680007126,-1.864503494674596,-1.236315626268752,-1.407088959121612,0.01133850548383194,-1.337527379673441,-0.08151580330282752,-0.9885152356554099,1.403923082923568,-0.4330916033736826,0.3710463552426412,-0.9827322373171097,0.3256000000000015
-1.275543677415825,-1.909014114825616,-2.159400830097725,-1.874246257392345,-1.236315626268752,-1.407088959121612,-0.001738905439308107,-1.337527379673441,-0.1087481512868722,-0.9885152356554099,1.381402303197964,-0.4330916033736826,0.3710463552426412,-0.9827322373171097,0.3228600000000015
-1.236232950747,-1.909968938432551,-2.156122953559276,-1.907876320929961,-1.236315626268752,-1.41005222518211,-0.001738905439308107,-1.367144946031526,-0.1087481512868722,-0.9840518330414585,1.372859844647382,-0.4330916033736826,0.3710463552426412,-0.9827322373171097,0.3202700000000015
-1.236232950747,-1.916332984010161,-2.142804409942836,-1.897261480049546,-1.22962256551713,-1.41005222518211,-0.01151317363301967,-1.392306985004435,-0.1364600876877972,-0.9840518330414585,1.361188594515162,-0.4330916033736826,0.3710463552426412,-0.9827322373171097,0.31823000000000146
-1.182765849444367,-1.933369676151547,-2.136049116935522,-1.91354996412445,-1.22962256551713,-1.414649251726657,-0.01151317363301967,-1.392306985004435,-0.1364600876877972,-0.9811946879084192,1.376148785110892,-0.4330916033736826,0.3710463552426412,-0.9827322373171097,0.3169900000000015
-1.182765849444367,-1.954406444087107,-2.121983726183069,-1.927535769507305,-1.22962256551713,-1.414649251726657,-0.01765919993265835,-1.411770474999787,-0.1629862101928187,-0.9789131364360265,1.357686494514673,-0.4330916033736826,0.3710463552426412,-0.9827322373171097,0.31596000000000146
-1.149696262548197,-1.977357346699822,-2.121983726183069,-1.916446564627184,-1.224977469806806,-1.420166145164744,-0.01765919993265835,-1.411770474999787,-0.1629862101928187,-0.9789131364360265,1.342100637113628,-0.4330916033736826,0.3710463552426412,-0.9827322373171097,0.3150400000000015
-1.149696262548197,-1.986627368111503,-2.107171046574718,-1.922780005771438,-1.224977469806806,-1.420166145164744,-0.01987530340508597,-1.42485471192334,-0.1874238927438946,-0.9789131364360265,1.351733165934095,-0.4330916033736826,0.3710463552426412,-0.9827322373171097,0.3145100000000015
-1.107584673785455,-2.005179520334139,-2.09688770370077,-1.917094694218281,-1.224977469806806,-1.425626313685378,-0.01987530340508597,-1.42485471192334,-0.1874238927438946,-0.9766207352607922,1.346517198073709,-0.4330916033736826,0.3710463552426412,-0.9827322373171097,0.3141800000000015
-1.099393274382627,-2.026582244597074,-2.092698574916508,-1.91738649637516,-1.222751207696807,-1.425626313685378,-0.01783154725751174,-1.43139150698913,-0.2095984548687765,-0.9766207352607922,1.370466535192173,-0.4330916033736826,0.3710463552426412,-0.9827322373171097,0.31386000000000147
-1.086243977327189,-2.035645916561057,-2.086218566520325,-1.91380718584652,-1.222751207696807,-1.429880176490423,-0.01783154725751174,-1.43139150698913,-0.2095984548687765,-0.9742713577763232,1.381099138349027,-0.4330916033736826,0.3710463552426412,-0.9827322373171097,0.31352000000000146
-1.072566176918365,-2.040160796227238,-2.081879120551557,-1.916438283519671,-1.222751207696807,-1.429880176490423,-0.01115909986835969,-1.431609405456296,-0.229868546587661,-0.9742713577763232,1.397257396521885,-0.4330916033736826,0.3710463552426412,-0.9827322373171097,0.3131700000000015
-1.060602495383277,-2.040238822500714,-2.081879120551557,-1.920354853897477,-1.223253551812267,-1.429880176490423,-0.01115909986835969,-1.431609405456296,-0.229868546587661,-0.9723421896008922,1.431894758531533,-0.4330916033736826,0.3710463552426412,-0.9827322373171097,0.31303000000000153
-1.060602495383277,-2.041120144791631,-2.081879120551557,-1.936727445350516,-1.223253551812267,-1.429880176490423,0.0005141167341041694,-1.425984579195476,-0.2488321473640444,-0.9723421896008922,1.4546180612233,-0.4330916033736826,0.3710463552426412,-0.9827322373171097,0.3131300000000015
-1.030649554917231,-2.046195521428034,-2.077126111488806,-1.921894472324321,-1.223253551812267,-1.429928938697479,0.0005141167341041694,-1.425984579195476,-0.2488321473640444,-0.9717040790772603,1.485532405803822,-0.4330916033736826,0.3710463552426412,-0.9827322373171097,0.3133600000000015
-1.030649554917231,-2.048029522825391,-2.074727831222702,-1.93215028173034,-1.226716268739639,-1.429928938697479,0.0175102477271477,-1.415086187340041,-0.2669928650812545,-0.9717040790772603,1.497940574614585,-0.4330916033736826,0.3710463552426412,-0.9827322373171097,0.3140200000000015
-1.030649554917231,-2.044244041098224,-2.074727831222702,-1.937199496079848,-1.226716268739639,-1.4234948128756,0.0175102477271477,-1.415086187340041,-0.2669928650812545,-0.9733954425008556,1.524038155858005,-0.4330916033736826,0.3710463552426412,-0.9827322373171097,0.31526000000000154
-1.021549125833924,-2.04007700566396,-2.067982085655415,-1.941656347873322,-1.226716268739639,-1.4234948128756,0.04004951390756081,-1.415086187340041,-0.2844789905411244,-0.9733954425008556,1.556599510770439,-0.4330916033736826,0.3710463552426412,-0.9827322373171097,0.3164000000000015
-1.021549125833924,-2.030748625510662,-2.06396985562013,-1.965134817094868,-1.233275658179985,-1.411597989669828,0.04004951390756081,-1.399446110847062,-0.2844789905411244,-0.9783468009524424,1.569354732335737,-0.4330916033736826,0.3710463552426412,-0.9827322373171097,0.31782000000000155
-1.014588201174281,-2.022055314599673,-2.060067738583208,-1.972502143094358,-1.233275658179985,-1.411597989669828,0.06821693461404618,-1.399446110847062,-0.30089684094983,-0.9783468009524424,1.577294054610071,-0.4330916033736826,0.3710463552426412,-0.9709488858238225,0.3192900000000015
-1.00151181375682,-2.016956474567817,-2.047805901930483,-1.985697430450438,-1.233275658179985,-1.411597989669828,0.06821693461404618,-1.379472853668921,-0.30089684094983,-0.9871230184684213,1.587482306218826,-0.4330916033736826,0.3710463552426412,-0.9921589185117894,0.32097000000000153
-1.00151181375682,-2.015537483539034,-2.047805901930483,-2.00117360377488,-1.242952741882196,-1.411597989669828,0.1019697475033426,-1.379472853668921,-0.3153387515351947,-0.9871230184684213,1.609297848198649,-0.4330916033736826,0.3710463552426412,-1.166238297906365,0.3226800000000015
-0.9977268375247181,-2.014619360450734,-2.04125687709449,-2.018514372326397,-1.242952741882196,-1.393751703127146,0.1019697475033426,-1.379472853668921,-0.3153387515351947,-0.9871230184684213,1.611702024376214,-0.4330916033736826,0.3710463552426412,-1.380381072378231,0.32430000000000153
-0.9864904582311655,-2.014619360450734,-2.030591900119655,-2.017830295435251,-1.242952741882196,-1.393751703127146,0.1411787009108822,-1.355412408193664,-0.3265135911456415,-0.9997304721442275,1.622748176249926,-0.4330916033736826,0.3710463552426412,-1.138115365675638,0.3251200000000015
-0.9612531885987864,-2.014880777545448,-2.018118098669926,-2.031282694639319,-1.255631802930059,-1.369846524490043,0.1411787009108822,-1.327348204960232,-0.3265135911456415,-1.01550417212773,1.650121966591033,-0.4330916033736826,0.3710463552426412,-1.138115365675638,0.32499000000000156
-0.9612531885987864,-2.027577877260108,-2.015749244690221,-2.0617309118265,-1.255631802930059,-1.369846524490043,0.1856603694564624,-1.295225113616217,-0.3329432133323091,-1.01550417212773,1.659895099902406,-0.2921435786261296,0.3710463552426412,-1.307481404472892,0.32380000000000153
-0.9612531885987864,-2.040976450392869,-2.015749244690221,-2.095217444778125,-1.255631802930059,-1.340166159807776,0.1856603694564624,-1.295225113616217,-0.3329432133323091,-1.033087177050425,1.644994317829623,-0.2921435786261296,0.3710463552426412,-1.307481404472892,0.32153000000000154
-0.948732054123926,-2.048212559588108,-2.015749244690221,-2.093431878958887,-1.271036813314085,-1.340166159807776,0.2351670525828542,-1.295225113616217,-0.3331693388366857,-1.033087177050425,1.579164046468887,-0.2921435786261296,0.3710463552426412,-1.472134102672823,0.31906000000000156
-0.906280067752108,-2.044402429447408,-2.012134299785681,-2.078216475459377,-1.271036813314085,-1.305360273778273,0.2351670525828542,-1.258884768686499,-0.3331693388366857,-1.050522496745088,1.529033189092089,-0.2921435786261296,0.3710463552426412,-1.30983807477157,0.31579000000000157
-0.8960172562046599,-2.04083106051029,-2.010878075824097,-2.073879730284582,-1.271036813314085,-1.305360273778273,0.2893347548035888,-1.258884768686499,-0.3259441935504704,-1.050522496745088,1.470223116246579,-0.2921435786261296,0.3710463552426412,-1.30983807477157,0.3121300000000016
-0.8867950880083667,-2.043736762856088,-2.008411534486525,-2.092171043674324,-1.288708093528125,-1.266377170648508,0.2893347548035888,-1.21812065018065,-0.3259441935504704,-1.065453652526663,1.468816646677243,-0.2921435786261296,0.3471380039006148,-1.30983807477157,0.3077100000000016
-0.8867950880083667,-2.04405592319785,-2.007266398389406,-2.09706866368168,-1.288708093528125,-1.266377170648508,0.2893347548035888,-1.21812065018065,-0.3104021725730997,-1.065453652526663,1.451569056230979,-0.2921435786261296,0.3232296525585884,-1.30983807477157,0.30326000000000153
-0.8647068198778763,-2.048350773350694,-2.001104402313449,-2.095678036762636,-1.288708093528125,-1.224368859962834,0.3476006587314368,-1.21812065018065,-0.3104021725730997,-1.075390533219841,1.427459751346122,-0.2921435786261296,0.2993213012165638,-1.30983807477157,0.29860000000000153
-0.8419454551634517,-2.055026215367097,-2.001104402313449,-2.094563977592931,-1.307990186395565,-1.224368859962834,0.4091100785147588,-1.172771693619454,-0.2861985200719783,-1.075390533219841,1.359748095277897,-0.2921435786261296,0.2993213012165638,-1.30983807477157,0.29466000000000153
-0.8349459402609791,-2.05745634239872,-1.997883777186288,-2.082192110334458,-1.307990186395565,-1.180588961883902,0.4091100785147588,-1.12284506070355,-0.2861985200719783,-1.077987220615724,1.266215421566832,-0.2921435786261296,0.2993213012165638,-1.30983807477157,0.2917000000000015
-0.8272660358868775,-2.064939461333846,-1.997883777186288,-2.068131373886372,-1.307990186395565,-1.180588961883902,0.4726488346981864,-1.12284506070355,-0.253583676570209,-1.077987220615724,1.232055976335302,-0.2921435786261296,0.2993213012165638,-1.145185376571639,0.2900000000000015
-0.819607237368451,-2.066332390386362,-1.996330852608507,-2.05468181004965,-1.328046833209228,-1.136308283137976,0.4726488346981864,-1.12284506070355,-0.253583676570209,-1.071294761166559,1.22046167348759,-0.2921435786261296,0.2993213012165638,-1.145185376571639,0.2894000000000015
-0.8201254166873391,-2.061975047132273,-1.99319803479207,-2.052974968297869,-1.328046833209228,-1.136308283137976,0.4726488346981864,-1.068631792832041,-0.2133987542244243,-1.071294761166559,1.246642584768094,-0.1511955538785765,0.2993213012165638,-1.145185376571639,0.28897000000000145
-0.8222540008673995,-2.062065756265428,-1.999641323668462,-2.051681072264918,-1.328046833209228,-1.092770235027037,0.4726488346981864,-1.068631792832041,-0.2133987542244243,-1.053965891688667,1.242009611350594,-0.1511955538785765,0.2993213012165638,-0.9520955234344989,0.2891100000000014
-0.8273345536627917,-2.063280423374317,-2.004827327643907,-2.050095233599142,-1.347910983260573,-1.051184768780595,0.5366254152759095,-1.010788923441017,-0.1670135556318616,-1.053965891688667,1.21434958039139,-0.1511955538785765,0.2993213012165638,-0.9520955234344989,0.28970000000000146
-0.8334464858110703,-2.063381118951106,-2.010664679981154,-2.016811628606783,-1.347910983260573,-1.051184768780595,0.5366254152759095,-1.010788923441017,-0.1670135556318616,-1.053965891688667,1.193763835136584,-0.1511955538785765,0.2754129498745374,-1.173308308802366,0.29081000000000146
-0.8356047874373803,-2.061156823761932,-2.013673754378443,-2.007566440708296,-1.347910983260573,-1.051184768780595,0.6579608912515704,-0.9503784231628656,-0.1162383279355844,-1.053965891688667,1.188251642480263,-0.1511955538785765,0.2515045985325111,-1.173308308802366,0.29168000000000144
-0.8498849697031228,-2.053225634979706,-2.019541042023412,-1.97363950685624,-1.366563697156587,-1.012733215453875,0.6579608912515704,-0.9503784231628656,-0.1162383279355844,-1.025396975209899,1.167298795192528,-0.1511955538785765,0.2515045985325111,-1.013368951199756,0.29247000000000145
-0.8628668115319826,-2.051434749232051,-2.02471282134274,-1.95620982027351,-1.366563697156587,-1.012733215453875,0.6579608912515704,-0.8888626530791833,-0.06321992276881189,-1.025396975209899,1.153734465925229,-0.1511955538785765,0.2515045985325111,-1.013368951199756,0.29263000000000144
-0.8704341705758454,-2.04934629702259,-2.031275382779425,-1.934775775926284,-1.366563697156587,-0.978561219486113,0.6579608912515704,-0.8888626530791833,-0.06321992276881189,-0.9857992575793553,1.147796192317171,-0.1511955538785765,0.2515045985325111,-1.013368951199756,0.2920100000000015
-0.8935300888589144,-2.04187318652764,-2.032705135495447,-1.905344152140966,-1.383029570190433,-0.978561219486113,0.7561067564696639,-0.8280699205669861,-0.01031440216821405,-0.9857992575793553,1.149605820033715,-0.1511955538785765,0.2515045985325111,-1.013368951199756,0.2901800000000015
-0.8981494074297278,-2.030913277121174,-2.034626954301829,-1.890151123990493,-1.383029570190433,-0.949755811386059,0.7561067564696639,-0.8280699205669861,-0.01031440216821405,-0.9361949254654465,1.152479093409558,-0.1511955538785765,0.2515045985325111,-1.013368951199756,0.2874700000000015
-0.912335938423416,-2.014142726568898,-2.038290625657363,-1.848899190832421,-1.383029570190433,-0.949755811386059,0.7561067564696639,-0.7701389180635384,0.0400749893498113,-0.9361949254654465,1.16909355676085,-0.1511955538785765,0.2515045985325111,-1.013368951199756,0.28454000000000146
-0.9256794515051305,-2.003860713434856,-2.045320093168502,-1.826308732334025,-1.396477459431329,-0.9273046765478205,0.7561067564696639,-0.7701389180635384,0.0400749893498113,-0.8783366931926612,1.185832202418574,-0.1511955538785765,0.2515045985325111,-1.013368951199756,0.2811400000000015
-0.9387173766240541,-1.992278689536361,-2.057461199148289,-1.817273891884577,-1.396477459431329,-0.9273046765478205,0.7915881014628133,-0.7174218744563576,0.0400749893498113,-0.8783366931926612,1.185117527086106,-0.1511955538785765,0.2754129498745374,-1.013368951199756,0.2771700000000015
-0.9567899756935908,-1.963353722408527,-2.060428333092122,-1.785868403325112,-1.396477459431329,-0.9120329498661273,0.7915881014628133,-0.7174218744563576,0.0400749893498113,-0.8145572859645019,1.175139771532909,-0.1511955538785765,0.2754129498745374,-1.013368951199756,0.2730200000000015
-0.974399436671725,-1.914528722967834,-2.06840456765283,-1.746429228884101,-1.406313054152564,-0.9120329498661273,0.8160520424167317,-0.672320892988381,0.08569640599276498,-0.8145572859645019,1.172258711221627,-0.1511955538785765,0.2754129498745374,-1.013368951199756,0.2689200000000015
-0.997369295392165,-1.893534610065112,-2.083569148810656,-1.715716282318741,-1.406313054152564,-0.9045245002812048,0.8160520424167317,-0.672320892988381,0.08569640599276498,-0.7475665567082157,1.187017357541499,-0.1511955538785765,0.2993213012165638,-1.194518341490333,0.26510000000000156
-1.013325472209803,-1.860431735372208,-2.089238198532606,-1.678889311193048,-1.406313054152564,-0.9045245002812048,0.8285978079063049,-0.6370687856228545,0.1556548828778847,-0.7475665567082157,1.21044445985706,-0.1511955538785765,0.3232296525585884,-1.194518341490333,0.26181000000000154
-1.026308545629862,-1.819847247735258,-2.09084225093987,-1.657045438412215,-1.41224485668016,-0.9050530941972135,0.8285978079063049,-0.6370687856228545,0.1556548828778847,-0.6802232969176975,1.238406831259756,-0.1511955538785765,0.3232296525585884,-1.194518341490333,0.2592400000000015
-1.030108273331594,-1.760074382319017,-2.092558855027491,-1.624104156361223,-1.41224485668016,-0.9050530941972135,0.8288324554249544,-0.6135023915989612,0.1779970683031928,-0.6802232969176975,1.234768504316369,-0.2921435786261296,0.2993213012165638,-1.194518341490333,0.25775000000000153
-1.033665460561045,-1.727119868341663,-2.09297492040008,-1.592381393941035,-1.41224485668016,-0.9135548529443407,0.8288324554249544,-0.6135023915989612,0.1779970683031928,-0.6153100374918397,1.235094085144262,-0.2921435786261296,0.2993213012165638,-0.8697691743345509,0.2570600000000015
-1.033665460561045,-1.693578686488935,-2.087792272497621,-1.578479094642124,-1.414307027966628,-0.9135548529443407,0.8168690213216718,-0.6028739612181411,0.1779970683031928,-0.6153100374918397,1.229459537850558,-0.2921435786261296,0.2993213012165638,-0.8697691743345509,0.2569000000000015
-1.046251911404659,-1.63520914506013,-2.087792272497621,-1.529162037485322,-1.414307027966628,-0.9296596504126614,0.8168690213216718,-0.6028739612181411,0.1779970683031928,-0.555337091082357,1.275161441108124,-0.2921435786261296,0.2993213012165638,-1.041648994783688,0.2575900000000015
-1.048263690286334,-1.574031091159508,-2.082915031895727,-1.492658474544701,-1.414307027966628,-0.9296596504126614,0.7932930017362803,-0.6057168690715928,0.1916827174784907,-0.555337091082357,1.289992164278583,-0.2921435786261296,0.3232296525585884,-1.05327523492377,0.25918000000000146
-1.047618516720511,-1.501325624167198,-2.082915031895727,-1.462267409405965,-1.412833784159781,-0.9527711524984511,0.7932930017362803,-0.6057168690715928,0.1916827174784907,-0.5023984648094331,1.299730233460446,-0.2921435786261296,0.3232296525585884,-1.05327523492377,0.26138000000000144
-1.039367757534326,-1.467469616669897,-2.069363394159971,-1.413043488127087,-1.412833784159781,-0.9821547204036924,0.759126458319497,-0.6217611689283236,0.197275252092151,-0.5023984648094331,1.304254148492464,-0.2921435786261296,0.3232296525585884,-1.05327523492377,0.2643100000000015
-1.015610257818424,-1.400315008732555,-2.069363394159971,-1.399778851293721,-1.412833784159781,-0.9821547204036924,0.759126458319497,-0.6217611689283236,0.197275252092151,-0.4580846914431461,1.310605150197586,-0.2921435786261296,0.3232296525585884,-0.7051164761346193,0.26737000000000144
-1.002240747966352,-1.354133660115882,-2.044192361979135,-1.347501393622646,-1.408394961477938,-0.9821547204036924,0.7158106400614286,-0.6498989834552691,0.1957992110843184,-0.4580846914431461,1.291204468553019,-0.2921435786261296,0.3232296525585884,-0.7051164761346193,0.2704100000000014
-0.994644377420214,-1.237150039050883,-2.029047274408494,-1.297335168457341,-1.408394961477938,-1.016983122604793,0.7158106400614286,-0.6498989834552691,0.1957992110843184,-0.4234339423465416,1.305637835352067,-0.2921435786261296,0.3232296525585884,-0.7051164761346193,0.2731100000000014
-0.9780954394773058,-1.195853207122277,-2.018477417173641,-1.26559435029951,-1.408394961477938,-1.016983122604793,0.665199759862532,-0.6882220500960237,0.1886325787379819,-0.4234339423465416,1.320019592286611,-0.2921435786261296,0.3232296525585884,-0.9426688422398548,0.2755200000000014
-0.9512358985643813,-1.153071195746552,-1.999979065818645,-1.235426878819264,-1.401710464354829,-1.056314739645519,0.665199759862532,-0.6882220500960237,0.1886325787379819,-0.3989010771381838,1.309001242374182,-0.2921435786261296,0.3232296525585884,-0.9426688422398548,0.27778000000000136
-0.9134881363877453,-1.053574934947404,-1.999979065818645,-1.206220060536546,-1.401710464354829,-1.056314739645519,0.6095365017628417,-0.734163179899767,0.1773960657121025,-0.3989010771381838,1.335959643364431,-0.2921435786261296,0.3232296525585884,-0.9426688422398548,0.2797400000000013
-0.9037223922666119,-0.9861167997609454,-1.9834865088586,-1.166195815308662,-1.401710464354829,-1.099019353190843,0.6095365017628417,-0.734163179899767,0.1773960657121025,-0.3843431712463583,1.339649180269423,-0.2921435786261296,0.3232296525585884,-0.9426688422398548,0.28134000000000137
-0.8738865972793894,-0.9280188849296818,-1.96442628012269,-1.124323196318916,-1.393557958172425,-1.099019353190843,0.5513677531443943,-0.7847478730373232,0.1638254919666284,-0.3843431712463583,1.289827736892492,-0.5740396281212355,0.3232296525585884,-0.9426688422398548,0.28250000000000136
-0.833542436177385,-0.8802081491098936,-1.954522219450421,-1.103713194333125,-1.393557958172425,-1.143707797132933,0.5513677531443943,-0.7847478730373232,0.1638254919666284,-0.3790348568140363,1.30605134718009,-0.5740396281212355,0.3232296525585884,-0.7827294846372452,0.28300000000000136
-0.833542436177385,-0.8360277070156195,-1.938602662905615,-1.072391595525007,-1.393557958172425,-1.143707797132933,0.493361062520204,-0.8369235499005003,0.149641042476302,-0.3790348568140363,1.30535306731192,-0.5740396281212355,0.3232296525585884,-0.7827294846372452,0.2827800000000013
-0.7811654076957395,-0.7840885673880073,-1.924155870225718,-1.038988607230218,-1.384683944673788,-1.188745102290329,0.493361062520204,-0.8369235499005003,0.149641042476302,-0.3817270544833826,1.291823699894413,-0.5740396281212355,0.3232296525585884,-0.7827294846372452,0.28226000000000134
-0.7461135690361723,-0.738795368196055,-1.916528361342848,-1.023602388545314,-1.384683944673788,-1.188745102290329,0.4380248586696732,-0.8879032577945808,0.1364360669328145,-0.3817270544833826,1.298083112262628,-0.5740396281212355,0.3232296525585884,-0.9450255125385337,0.28134000000000137
-0.7080521298804638,-0.7033092567888588,-1.908029294494503,-0.9886194166317036,-1.384683944673788,-1.232389253589792,0.4380248586696732,-0.8879032577945808,0.1364360669328145,-0.390751159609427,1.318071695243931,-0.5740396281212355,0.3232296525585884,-0.9450255125385337,0.2801900000000014
-0.6825528355731849,-0.6588259103151449,-1.888912596082618,-0.9412063517281964,-1.375729771016391,-1.232389253589792,0.3874007997531015,-0.9354425837339984,0.1255891342260703,-0.390751159609427,1.298753187764957,-0.5740396281212355,0.3232296525585884,-0.9450255125385337,0.27837000000000134
-0.6702592794797525,-0.6394778034364346,-1.87835377987736,-0.9352886359670464,-1.375729771016391,-1.273018516679113,0.3874007997531015,-0.9354425837339984,0.1255891342260703,-0.4041583491302598,1.318351554159686,-0.5740396281212355,0.3232296525585884,-0.9450255125385337,0.2756900000000013
-0.6473836426404432,-0.6156478198504441,-1.845070741473844,-0.9004944731490006,-1.375729771016391,-1.273018516679113,0.3428234169269399,-0.9779859287071287,0.1181956967396385,-0.4041583491302598,1.324837097716768,-0.5740396281212355,0.3232296525585884,-0.9450255125385337,0.2726500000000013
-0.6051206593551791,-0.5840971713772459,-1.845070741473844,-0.8808730662690717,-1.367183100919081,-1.309370210367127,0.3428234169269399,-0.9779859287071287,0.1181956967396385,-0.419882468234533,1.350786576869574,-0.5740396281212355,0.3232296525585884,-0.9450255125385337,0.2688600000000013
-0.5869311923222921,-0.5607010394808892,-1.838474144073935,-0.8653404719364518,-1.367183100919081,-1.309370210367127,0.3048219857411423,-1.014677700560818,0.1150150683514893,-0.419882468234533,1.329279351670138,-0.5740396281212355,0.3232296525585884,-0.9450255125385337,0.2644600000000013
-0.5594811966038425,-0.5363192862259946,-1.814122386334789,-0.8406650449191823,-1.367183100919081,-1.340716544189508,0.3048219857411423,-1.014677700560818,0.1150150683514893,-0.435920805494414,1.33595665448688,-0.5740396281212355,0.3232296525585884,-0.9450255125385337,0.2600200000000013
-0.5155651667748036,-0.5243295221789704,-1.80295382682038,-0.8145450529924332,-1.359358698095588,-1.340716544189508,0.2731970943998087,-1.045291206612496,0.1164159429173559,-0.435920805494414,1.338687528494431,-0.5740396281212355,0.3232296525585884,-1.109835322091706,0.2555000000000013
-0.4810171978154316,-0.4766761833735061,-1.800727577092334,-0.7964693211145439,-1.359358698095588,-1.366918004874166,0.2731970943998087,-1.045291206612496,0.1164159429173559,-0.450524784133957,1.320086260326327,-0.5740396281212355,0.3232296525585884,-1.109835322091706,0.25094000000000133
-0.4468528990129787,-0.4433939750494168,-1.781468299359893,-0.7936915739387645,-1.359358698095588,-1.366918004874166,0.2472343215244302,-1.070138873060516,0.1223115832131866,-0.450524784133957,1.263934560949507,-0.5740396281212355,0.3232296525585884,-0.8344191198545824,0.2467900000000013
-0.4200607878193557,-0.4396187537330657,-1.775880078680571,-0.7814498467715988,-1.352406083749934,-1.388352798975304,0.2472343215244302,-1.070138873060516,0.1223115832131866,-0.4623768854011691,1.251564165556451,-0.5740396281212355,0.3232296525585884,-0.8344191198545824,0.2430400000000013
-0.3909204183409181,-0.4300847215846854,-1.763698837522434,-0.7720196447067933,-1.352406083749934,-1.388352798975304,0.2259471707600054,-1.070138873060516,0.1321156391910814,-0.4623768854011691,1.245219748443374,-0.5740396281212355,0.3232296525585884,-0.8344191198545824,0.23991000000000132
-0.3681170227975703,-0.4207197751336277,-1.751205892594157,-0.7619290740876817,-1.352406083749934,-1.405789004715807,0.2259471707600054,-1.089993035241098,0.1321156391910814,-0.4707164029160832,1.201217216608166,-0.5740396281212355,0.3232296525585884,-0.8344191198545824,0.2376500000000013
-0.3436098293135692,-0.4207197751336277,-1.728771958672717,-0.7376785259744676,-1.346338719371625,-1.405789004715807,0.208254447752803,-1.089993035241098,0.1447676275651975,-0.4707164029160832,1.221652769671276,-0.5740396281212355,0.3232296525585884,-0.8344191198545824,0.2357600000000013
-0.3186538226483336,-0.4116827270034416,-1.719272994635932,-0.7341559213881171,-1.346338719371625,-1.405789004715807,0.208254447752803,-1.089993035241098,0.1447676275651975,-0.4707164029160832,1.211907231514752,-0.5740396281212355,0.3232296525585884,-0.8344191198545824,0.23474000000000128
-0.2885662613948202,-0.4113712653620589,-1.707184763194685,-0.713497730273674,-1.346338719371625,-1.420245356676123,0.193094082599913,-1.119529646371407,0.1588433875816966,-0.4707164029160832,1.17844396736385,-0.5740396281212355,0.3232296525585884,-0.9968722591091114,0.2345850000000013
-0.269239179942898,-0.4019363286824389,-1.700915432063809,-0.7043036344029674,-1.341078219840527,-1.432826330231182,0.1795258138625059,-1.119529646371407,0.1588433875816966,-0.4767901921467898,1.184717936299931,-0.5740396281212355,0.3232296525585884,-0.9968722591091114,0.2347350000000013
-0.2528480140672477,-0.3952562583369313,-1.696344657230834,-0.6923597873124157,-1.341078219840527,-1.432826330231182,0.1795258138625059,-1.119529646371407,0.1727182027783529,-0.4767901921467898,1.21014879931326,-0.5740396281212355,0.3232296525585884,-1.154454946413042,0.23537000000000127
-0.2403337009493413,-0.3820889869973649,-1.690267066640139,-0.6819410213228345,-1.341078219840527,-1.44453875041338,0.1795258138625059,-1.119529646371407,0.1727182027783529,-0.4767901921467898,1.219101812678482,-0.5740396281212355,0.3232296525585884,-0.9968722591091114,0.23627000000000126
-0.2314536365884183,-0.3786994710748421,-1.684574165638457,-0.6854385920376981,-1.336505656609931,-1.44453875041338,0.1668254009293889,-1.131973762798855,0.184732906378041,-0.4767901921467898,1.20609204105104,-0.5740396281212355,0.3232296525585884,-0.9968722591091114,0.23698500000000125
-0.2314536365884183,-0.3764102480738162,-1.684574165638457,-0.6655277490628647,-1.336505656609931,-1.456152020325475,0.1668254009293889,-1.144472144167456,0.184732906378041,-0.4757885108188874,1.200484064288202,-0.5740396281212355,0.3232296525585884,-1.161524957309043,0.23739500000000122
-0.2231528731636754,-0.3706235331499195,-1.681483466738834,-0.6659079483656406,-1.336505656609931,-1.456152020325475,0.1545360985613284,-1.144472144167456,0.1933317765739971,-0.4757885108188874,1.22301764681266,-0.5740396281212355,0.3232296525585884,-0.9945155888104324,0.23783000000000123
-0.2131490414333061,-0.3502495269386382,-1.680089167233449,-0.6606790744316163,-1.332510083986036,-1.456152020325475,0.1545360985613284,-1.144472144167456,0.1933317765739971,-0.4735149821323723,1.201620174440335,-0.5740396281212355,0.3232296525585884,-0.9945155888104324,0.2379000000000012
-0.2097949522787547,-0.3388685310463465,-1.677211005672013,-0.6686228302960919,-1.332510083986036,-1.456152020325475,0.1424723885985794,-1.157705483714432,0.1971727120169462,-0.4735149821323723,1.25416015845217,-0.5740396281212355,0.3232296525585884,-0.9945155888104324,0.2379750000000012
-0.2070514864169957,-0.3272101037946569,-1.67801971897467,-0.6558674421256095,-1.332510083986036,-1.468142994449548,0.1424723885985794,-1.171788145325896,0.1971727120169462,-0.471176556782,1.262305645300435,-0.5740396281212355,0.3232296525585884,-1.152098276114399,0.23781500000000122
-0.2074714932036194,-0.321691223359079,-1.678608004336423,-0.6536728606737428,-1.329024165948694,-1.468142994449548,0.1306878888675045,-1.171788145325896,0.1952285222780618,-0.471176556782,1.266269376980905,-0.5740396281212355,0.3232296525585884,-1.152098276114399,0.2374150000000012
-0.211866422878515,-0.3081125619410821,-1.68092772640311,-0.6623240396395212,-1.329024165948694,-1.480700689393526,0.1306878888675045,-1.18629461204403,0.1952285222780618,-0.4698657315735936,1.280309982831331,-0.5740396281212355,0.3232296525585884,-1.152098276114399,0.23718500000000123
-0.2144807919478229,-0.2976613183982443,-1.68092772640311,-0.6635777827585437,-1.329024165948694,-1.480700689393526,0.1194060867792218,-1.18629461204403,0.1868838001180707,-0.4698657315735936,1.302177513223439,-0.5740396281212355,0.3232296525585884,-1.170951638503687,0.2367950000000012
-0.2144807919478229,-0.2932067644253963,-1.68092772640311,-0.6713334550236372,-1.326041074225036,-1.493744776060282,0.1194060867792218,-1.18629461204403,0.1868838001180707,-0.4704360433437766,1.333671957157308,-0.5740396281212355,0.3232296525585884,-1.498057475958148,0.2365350000000012
-0.2144807919478229,-0.2820529530654153,-1.681597707844468,-0.6838818887808773,-1.326041074225036,-1.493744776060282,0.10892181891622,-1.200394021025874,0.1719923507000474,-0.4704360433437766,1.366265895565537,-0.5740396281212355,0.3232296525585884,-1.498057475958148,0.23667500000000116
-0.2144807919478229,-0.2760226593243357,-1.68121513951992,-0.6915846004681391,-1.326041074225036,-1.506946651219804,0.10892181891622,-1.213061639330176,0.1719923507000474,-0.473459274801979,1.378593597830519,-0.5740396281212355,0.3232296525585884,-1.498057475958148,0.23733500000000113
-0.2143124786848786,-0.2739775876957997,-1.68121513951992,-0.7077046109419646,-1.323615340740508,-1.506946651219804,0.0995048506910071,-1.213061639330176,0.1508466037557931,-0.473459274801979,1.377634457536019,-0.5740396281212355,0.3232296525585884,-1.335761448056859,0.23785500000000112
-0.2023994023813992,-0.274795018063733,-1.679804649733645,-0.7150459923734387,-1.323615340740508,-1.519776488755393,0.0995048506910071,-1.213061639330176,0.1508466037557931,-0.4792543596819684,1.386128629540992,-0.5740396281212355,0.3232296525585884,-1.335761448056859,0.23865500000000112
-0.1947795219804211,-0.2757093726428905,-1.679804649733645,-0.7232209489778864,-1.323615340740508,-1.519776488755393,0.0995048506910071,-1.22334633048458,0.1240568239743832,-0.4792543596819684,1.410212028895611,-0.5740396281212355,0.3232296525585884,-1.173308308802366,0.2395250000000011
-0.1913038783617709,-0.2771041703704842,-1.677625081543313,-0.7336085560570335,-1.321855350095523,-1.531579565828364,0.09134185229397511,-1.22334633048458,0.1240568239743832,-0.4879607671814059,1.428779406181547,-0.5740396281212355,0.3232296525585884,-1.173308308802366,0.2404650000000011
-0.1913038783617709,-0.2810206914776396,-1.665930283474183,-0.7360804782898261,-1.321855350095523,-1.531579565828364,0.08454746505719266,-1.23064377985692,0.09240094942979132,-0.4879607671814059,1.424219619572062,-0.5740396281212355,0.3232296525585884,-1.382737742676874,0.24134000000000108
-0.1913038783617709,-0.2856377547887645,-1.662080641487731,-0.7677039788954633,-1.321855350095523,-1.541632152023056,0.08454746505719266,-1.234884577263712,0.09240094942979132,-0.4996356425372006,1.38657964538568,-0.5740396281212355,0.2993213012165638,-1.382737742676874,0.2419300000000011
-0.1913038783617709,-0.2986209262377516,-1.658743108808998,-0.7907382666088024,-1.320911093511029,-1.541632152023056,0.08454746505719266,-1.234884577263712,0.05671713205081733,-0.4996356425372006,1.398207084781764,-0.5740396281212355,0.2993213012165638,-1.201588352386298,0.24252500000000107
-0.1880671845244497,-0.3239083031541619,-1.658743108808998,-0.7935685127544123,-1.320911093511029,-1.549135788841944,0.08454746505719266,-1.23657026134871,0.05671713205081733,-0.5143611404096396,1.348553129306767,-0.5740396281212355,0.2993213012165638,-1.201588352386298,0.24287500000000106
-0.1864363447346882,-0.3276975850078511,-1.655112498372026,-0.7972612396806763,-1.320911093511029,-1.553195429485539,0.07571179793795248,-1.23657026134871,0.0178598043563752,-0.5143611404096396,1.354440942055855,-0.5740396281212355,0.2993213012165638,-1.201588352386298,0.24269000000000104
-0.1845646956437552,-0.3431081789938792,-1.654939938798509,-0.8142048314958755,-1.320956126357068,-1.553195429485539,0.07571179793795248,-1.23657026134871,0.0178598043563752,-0.5323290553903031,1.368088876734437,-0.5740396281212355,0.2754129498745374,-1.034578983887723,0.24215000000000106
-0.1702817446139417,-0.3719844096831093,-1.653694606862877,-0.8133327201524716,-1.320956126357068,-1.553195429485539,0.074376159303351,-1.236665682681362,-0.02331522560667763,-0.5323290553903031,1.405344549442262,-0.5740396281212355,0.2754129498745374,-1.034578983887723,0.24200500000000105
-0.1702817446139417,-0.3866678556258585,-1.647871362374334,-0.8252949783080522,-1.320956126357068,-1.552873922834628,0.074376159303351,-1.236665682681362,-0.02331522560667763,-0.553847678390034,1.416079753166219,-0.5740396281212355,0.2754129498745374,-1.220441714775621,0.24233500000000102
-0.1702817446139417,-0.4093227881922816,-1.647871362374334,-0.8395779203015963,-1.322164914842186,-1.547353144140723,0.074376159303351,-1.236665682681362,-0.06597106546754179,-0.553847678390034,1.456481008353121,-0.5740396281212355,0.2515045985325111,-1.05327523492377,0.24332000000000104
-0.1702817446139417,-0.4384366245845195,-1.644236213566963,-0.8487646891869288,-1.322164914842186,-1.547353144140723,0.074376159303351,-1.237050794729364,-0.06597106546754179,-0.5792341514896053,1.470917577577022,-0.5740396281212355,0.2515045985325111,-1.05327523492377,0.24482000000000106
-0.1616443600537128,-0.4495081386321367,-1.638896234841012,-0.8491737499306896,-1.322164914842186,-1.547353144140723,0.08072625851634128,-1.237050794729364,-0.1093102005447263,-0.5792341514896053,1.475294709677239,-0.5740396281212355,0.2515045985325111,-1.441654500143453,0.24681000000000103
-0.1588509762372416,-0.4592351653872976,-1.638784211599831,-0.8521589249743888,-1.324689426586653,-1.536136436270316,0.08072625851634128,-1.239664220869815,-0.1093102005447263,-0.6086144748971113,1.489417638959516,-0.5740396281212355,0.2515045985325111,-1.441654500143453,0.24937500000000107
-0.1588509762372416,-0.4644351068335744,-1.642155346281192,-0.8599344486789092,-1.324689426586653,-1.536136436270316,0.08072625851634128,-1.239664220869815,-0.1525764450612118,-0.6086144748971113,1.469179129314249,-0.5740396281212355,0.2515045985325111,-1.441654500143453,0.25248500000000107
-0.1535932296581327,-0.4610617271157213,-1.643968345065282,-0.8674072212240211,-1.324689426586653,-1.519191403359157,0.08072625851634128,-1.244887213962136,-0.1525764450612118,-0.6417118326614106,1.481983853627143,-0.5740396281212355,0.2515045985325111,-1.441654500143453,0.25603000000000103
-0.136502482121711,-0.4570113575919234,-1.643441096073694,-0.8914852307386729,-1.328637118082795,-1.519191403359157,0.08957875134482585,-1.244887213962136,-0.195047117422584,-0.6417118326614106,1.50861598406527,-0.5740396281212355,0.2275962471904847,-1.441654500143453,0.25999000000000105
-0.1324041193582523,-0.4433308528446937,-1.642587836107873,-0.9037577480243384,-1.328637118082795,-1.496968226675848,0.08957875134482585,-1.252839031060739,-0.195047117422584,-0.6777235804883647,1.568960315035883,-0.5740396281212355,0.2275962471904847,-1.441654500143453,0.2640450000000011
-0.1227347447925628,-0.430589123515321,-1.633569848276936,-0.9252906756342911,-1.328637118082795,-1.496968226675848,0.1204502816747692,-1.252839031060739,-0.2360381914355339,-0.6777235804883647,1.597434504397504,-0.5740396281212355,0.2275962471904847,-1.441654500143453,0.26758500000000107
-0.105617873208463,-0.4061790576363314,-1.625282950298791,-0.9339773694371812,-1.334051009489376,-1.47029474354818,0.1204502816747692,-1.263130297576804,-0.2360381914355339,-0.7153514674182417,1.549896818862632,-0.5740396281212355,0.2275962471904847,-1.618090549836707,0.2700600000000011
-0.08508143540757852,-0.3974795400961431,-1.621400342683734,-0.9445964545703208,-1.334051009489376,-1.47029474354818,0.1204502816747692,-1.263130297576804,-0.2749215319023725,-0.7153514674182417,1.494928798657058,-0.5740396281212355,0.2275962471904847,-1.618090549836707,0.2711000000000011
-0.07668500698420859,-0.386815367920448,-1.620775480944359,-0.9813666790943196,-1.334051009489376,-1.440207159143589,0.1204502816747692,-1.263130297576804,-0.2749215319023725,-0.752977473086717,1.476435310922961,-0.5740396281212355,0.2275962471904847,-1.618090549836707,0.2709950000000011
-0.07634936236802249,-0.3875091547569235,-1.620249079229638,-0.9868861830634151,-1.340893824924561,-1.440207159143589,0.1426160263694725,-1.274981547099942,-0.3111374979783604,-0.752977473086717,1.515195881437303,-0.5740396281212355,0.2275962471904847,-1.618090549836707,0.2701050000000011
-0.07320472709826593,-0.3917692376113855,-1.615838648344887,-1.020069631626096,-1.340893824924561,-1.40780025245824,0.1426160263694725,-1.274981547099942,-0.3111374979783604,-0.788922682314333,1.515653770007532,-0.5740396281212355,0.2275962471904847,-1.618090549836707,0.26842500000000113
-0.06458912387424344,-0.408610744975989,-1.614433609271063,-1.037407601551126,-1.340893824924561,-1.40780025245824,0.1690693043465617,-1.274981547099942,-0.3111374979783604,-0.788922682314333,1.533921343510873,-0.5740396281212355,0.2275962471904847,-1.618090549836707,0.2657750000000011
-0.05663950475400024,-0.4266980595249927,-1.602639525998804,-1.049726920138645,-1.349039094519123,-1.37416017845749,0.1690693043465617,-1.287391482164966,-0.3111374979783604,-0.8217138540092668,1.527669176153771,-0.5740396281212355,0.2036878958484583,-1.841660005503217,0.26260500000000114
-0.04810789919804073,-0.4432364661171189,-1.602639525998804,-1.07573546561635,-1.349039094519123,-1.37416017845749,0.1994523471100308,-1.299305218375528,-0.3442006070492417,-0.8217138540092668,1.510395368619114,-0.5740396281212355,0.2036878958484583,-1.841660005503217,0.2594650000000011
-0.04005591731883077,-0.4493774358052811,-1.599440395024619,-1.071551155952476,-1.349039094519123,-1.34039434012672,0.1994523471100308,-1.299305218375528,-0.3442006070492417,-0.8502900292960567,1.499589991916452,-0.5740396281212355,0.2036878958484583,-1.841660005503217,0.2564150000000011
-0.02824437204732142,-0.4726313491601121,-1.597801663681348,-1.08239490986259,-1.358270227567714,-1.307724721225586,0.2332026188950654,-1.299305218375528,-0.3737094213099155,-0.8502900292960567,1.494569876154821,-0.5740396281212355,0.2036878958484583,-1.841660005503217,0.2537450000000011
-0.0245294679661801,-0.4813083558095319,-1.598186257623908,-1.082563760229548,-1.358270227567714,-1.307724721225586,0.2332026188950654,-1.309761070184992,-0.3737094213099155,-0.874104059490469,1.506281010276562,-0.5740396281212355,0.2036878958484583,-1.599237187447419,0.25185500000000116
-0.02190789289674319,-0.4905408895712696,-1.600221492609294,-1.083037134332438,-1.358270227567714,-1.307724721225586,0.2694509507288375,-1.318015773397804,-0.3993752057691454,-0.874104059490469,1.522855582802476,-0.5740396281212355,0.2036878958484583,-1.599237187447419,0.25090500000000115
-0.01933705153475623,-0.4926015102886191,-1.603640336551978,-1.100831877794683,-1.368286212696883,-1.27757896121814,0.2694509507288375,-1.318015773397804,-0.3993752057691454,-0.8931176160861469,1.514748899547262,-0.5740396281212355,0.2036878958484583,-1.434584489247488,0.2507650000000011
-0.0192628136332048,-0.4955494122588301,-1.603640336551978,-1.086495808173867,-1.368286212696883,-1.27757896121814,0.3068827378993523,-1.323642368696047,-0.421080671503962,-0.8931176160861469,1.511213541196739,-0.5740396281212355,0.1797795445064337,-1.434584489247488,0.25093500000000113
-0.02064352961344938,-0.4963760814576513,-1.617723954389929,-1.084018439749638,-1.368286212696883,-1.251618244604838,0.3068827378993523,-1.323642368696047,-0.421080671503962,-0.9077271415587443,1.484783424808906,-0.5740396281212355,0.1797795445064337,-1.434584489247488,0.25125000000000114
-0.02064352961344938,-0.4970179385639006,-1.619621876594642,-1.077363057538115,-1.378713099977385,-1.251618244604838,0.3436455690751695,-1.326585457260069,-0.4389516721490393,-0.9077271415587443,1.440187771827173,-0.5740396281212355,0.1797795445064337,-1.434584489247488,0.25169000000000114
-0.01859555159327152,-0.4990245646585455,-1.619621876594642,-1.068570287204032,-1.378713099977385,-1.231675183397911,0.3436455690751695,-1.326585457260069,-0.4389516721490393,-0.9186635722623436,1.434312118761609,-0.5740396281212355,0.1797795445064337,-1.434584489247488,0.2518150000000011
-0.01797426525091882,-0.502851048433912,-1.619621876594642,-1.059240416028495,-1.378713099977385,-1.231675183397911,0.3773880252509057,-1.326585457260069,-0.4533929428019324,-0.9186635722623436,1.407174339807638,-0.5740396281212355,0.1797795445064337,-1.434584489247488,0.25102500000000105
-0.01927378977627388,-0.503538168020488,-1.617531644468097,-1.048616489273183,-1.389122276762243,-1.219596130293157,0.3773880252509057,-1.327169899272028,-0.4533929428019324,-0.9268894248244255,1.384593186735231,-0.5740396281212355,0.1797795445064337,-1.434584489247488,0.24946000000000107
-0.018195025230135,-0.5035832658756909,-1.612110192076666,-1.030928106149852,-1.389122276762243,-1.219596130293157,0.4054567360652882,-1.32607287010132,-0.4650516931987498,-0.9268894248244255,1.380178199284312,-0.5740396281212355,0.1797795445064337,-1.434584489247488,0.24701000000000106
-0.018195025230135,-0.5083301309858421,-1.612699652617096,-1.028958180756313,-1.389122276762243,-1.217000526698309,0.4054567360652882,-1.32607287010132,-0.4650516931987498,-0.9268894248244255,1.378230222556626,-0.5740396281212355,0.1797795445064337,-1.594523846850062,0.24387500000000104
-0.01046713420133003,-0.5123829349107533,-1.618112580284191,-1.017907693969831,-1.399056024754024,-1.225011172114829,0.4252145984076078,-1.324265473409413,-0.4747154854247789,-0.9268894248244255,1.392491151195687,-0.5740396281212355,0.1797795445064337,-1.594523846850062,0.240245000000001
-0.01398430006143773,-0.5238354703548718,-1.618112580284191,-0.9989126320128358,-1.399056024754024,-1.225011172114829,0.4252145984076078,-1.324265473409413,-0.4747154854247789,-0.9396185365921214,1.389297165389995,-0.5740396281212355,0.1797795445064337,-1.594523846850062,0.236230000000001
-0.01646237677970782,-0.5353502397291096,-1.625140767494276,-0.9982640584959104,-1.399056024754024,-1.225011172114829,0.4343967235535734,-1.324265473409413,-0.4831803705917088,-0.9396185365921214,1.383971712254394,-0.5740396281212355,0.1797795445064337,-1.594523846850062,0.232300000000001
-0.02291617923421414,-0.5468782247112361,-1.627181668453062,-0.9890181937539536,-1.408057839837904,-1.244029096019867,0.4343967235535734,-1.322923817487766,-0.4831803705917088,-0.9396185365921214,1.383487344729825,-0.5740396281212355,0.1797795445064337,-1.754620315805912,0.22860000000000102
-0.03770713932972573,-0.554462158103723,-1.628053625770226,-0.9662269439043458,-1.408057839837904,-1.244029096019867,0.43141132543427,-1.323311205054269,-0.4911355906754146,-0.9396185365921214,1.400044528220078,-0.5740396281212355,0.1797795445064337,-1.754620315805912,0.22543000000000105
-0.04562215764141941,-0.5601492636614366,-1.626099709152665,-0.9616416113835181,-1.408057839837904,-1.273601452971406,0.43141132543427,-1.323311205054269,-0.4911355906754146,-0.946307342417845,1.417398868321648,-0.5740396281212355,0.1797795445064337,-1.917073455060441,0.22294000000000103
-0.05052140436478909,-0.5698463272771456,-1.628156240803913,-0.9486125858860832,-1.415703253132673,-1.273601452971406,0.4155382527607873,-1.323311205054269,-0.4991097079101919,-0.946307342417845,1.417014386867068,-0.5740396281212355,0.1797795445064337,-1.917073455060441,0.22162000000000104
-0.05912781609069345,-0.5768894804497301,-1.632080049898872,-0.9327668107415786,-1.415703253132673,-1.312402716506499,0.4155382527607873,-1.326638192579091,-0.4991097079101919,-0.9544645839920918,1.412456073352841,-0.5740396281212355,0.1797795445064337,-1.917073455060441,0.22143000000000104
-0.06679090239715382,-0.5759306319873613,-1.636696058903454,-0.9011030398222627,-1.415703253132673,-1.312402716506499,0.3870315427289729,-1.333922060800615,-0.5074990511303297,-0.9544645839920918,1.429570542760018,-0.7149876528687886,0.1797795445064337,-1.917073455060441,0.22243000000000102
-0.06679090239715382,-0.5753569074305734,-1.639483575461808,-0.881249193172125,-1.42162894279655,-1.358323699877922,0.3870315427289729,-1.333922060800615,-0.5074990511303297,-0.9647687287476168,1.418201672643998,-0.7149876528687886,0.1797795445064337,-1.921629684304522,0.22395000000000104
-0.06679090239715382,-0.5743850337880596,-1.643691305344622,-0.8627480028135626,-1.42162894279655,-1.358323699877922,0.3471417744480698,-1.333922060800615,-0.5166489531457562,-0.9647687287476168,1.400686566660498,-0.7149876528687886,0.1797795445064337,-1.921629684304522,0.22585000000000105
-0.08701869137387332,-0.5706979404284922,-1.643691305344622,-0.8363613450583844,-1.42162894279655,-1.408629928457089,0.3471417744480698,-1.345879346960933,-0.5166489531457562,-0.9776642998822278,1.395687287029135,-0.7149876528687886,0.1797795445064337,-1.728696942520623,0.22782000000000102
-0.1034039170838772,-0.5679482543118565,-1.643691305344622,-0.8238184374069689,-1.425560915843777,-1.408629928457089,0.2980535426095576,-1.345879346960933,-0.5269238242957445,-0.9776642998822278,1.396035934493894,-0.8559356776163416,0.1797795445064337,-1.535764200736759,0.22940000000000102
-0.1228609014925203,-0.5626710920609643,-1.64374608043198,-0.8040603852275606,-1.425560915843777,-1.460156517259132,0.2980535426095576,-1.362870544910282,-0.5269238242957445,-0.9933894434704705,1.40016150325553,-0.8559356776163416,0.1797795445064337,-1.535764200736759,0.230780000000001
-0.1228609014925203,-0.5538052407128922,-1.643682149780828,-0.7773235555463273,-1.425560915843777,-1.460156517259132,0.2427153296650862,-1.362870544910282,-0.5387283277098618,-0.9933894434704705,1.395003268197813,-0.8559356776163416,0.1797795445064337,-1.535764200736759,0.23163000000000097
-0.1228609014925203,-0.555443784164128,-1.644567166799418,-0.7589714009100178,-1.427342088957305,-1.509557163237762,0.2427153296650862,-1.362870544910282,-0.5387283277098618,-1.012015207463648,1.419013826251476,-0.8559356776163416,0.1797795445064337,-1.966406419979135,0.23228000000000099
-0.1296257242072727,-0.55679161606465,-1.647813637034693,-0.75520755125994,-1.427342088957305,-1.509557163237762,0.184547601132214,-1.411643714855559,-0.5524974278356106,-1.012015207463648,1.391776231298924,-0.8559356776163416,0.1797795445064337,-2.145199139971032,0.23229000000000094
-0.1371776190275338,-0.5458661261425681,-1.648053856951126,-0.7149673302985364,-1.427342088957305,-1.553632045530784,0.184547601132214,-1.411643714855559,-0.5524974278356106,-1.03346752790173,1.399514264768077,-0.8559356776163416,0.1797795445064337,-1.921629684304522,0.23169000000000092
-0.138290931759834,-0.5292580782176693,-1.648630366582183,-0.7113615744526827,-1.426956725967034,-1.553632045530784,0.127059848556533,-1.411643714855559,-0.5686876922550054,-1.03346752790173,1.37208706575467,-0.8559356776163416,0.2036878958484583,-2.119432878038984,0.2304800000000009
-0.1386765532558948,-0.5226119448909844,-1.649438098899548,-0.6875994665301529,-1.426956725967034,-1.553632045530784,0.127059848556533,-1.411643714855559,-0.5686876922550054,-1.057521463500837,1.375426531915734,-0.8559356776163416,0.2036878958484583,-2.119432878038984,0.2292600000000009
-0.13724126391614,-0.5014225873982591,-1.649438098899548,-0.6790507536235334,-1.426956725967034,-1.553632045530784,0.0734491988679984,-1.442550091452744,-0.587766012058203,-1.057521463500837,1.364413562642649,-0.8559356776163416,0.2036878958484583,-1.954623068485812,0.22800000000000092
-0.1309011543027647,-0.4875864635932126,-1.650992616639626,-0.6646586010544402,-1.424547669905033,-1.615875351066538,0.0734491988679984,-1.476868674632334,-0.587766012058203,-1.083777184863146,1.33349198599318,-0.8559356776163416,0.2036878958484583,-1.954623068485812,0.2269300000000009
-0.1309011543027647,-0.4634387123380622,-1.65329357129882,-0.6457947187575197,-1.424547669905033,-1.615875351066538,0.02625016618319377,-1.476868674632334,-0.6101617667552133,-1.083777184863146,1.32534426370065,-0.8559356776163416,0.2036878958484583,-1.954623068485812,0.2264900000000009
-0.1309011543027647,-0.4312479003200896,-1.65329357129882,-0.651173294986656,-1.424547669905033,-1.631331172793715,0.02625016618319377,-1.513701367124449,-0.6101617667552133,-1.111632181179445,1.307078267629772,-0.8559356776163416,0.2036878958484583,-1.954623068485812,0.2263800000000009
-0.1253225869029056,-0.4056842768962555,-1.655877759166412,-0.6375079021146796,-1.420422218859031,-1.631331172793715,-0.01291970495829427,-1.513701367124449,-0.63616164553509,-1.111632181179445,1.324254775208772,-0.8559356776163416,0.2275962471904847,-1.954623068485812,0.22685000000000094
-0.126870993024508,-0.3883750079543188,-1.657923220821626,-0.6245492684853255,-1.420422218859031,-1.631331172793715,-0.01291970495829427,-1.513701367124449,-0.63616164553509,-1.14025818542569,1.356259238411862,-0.8559356776163416,0.2275962471904847,-1.954623068485812,0.22711000000000095
-0.132751083288265,-0.3831913367719365,-1.657923220821626,-0.6265222178233126,-1.420422218859031,-1.636286160240668,-0.04348244042166946,-1.552031161402579,-0.6657528200559284,-1.14025818542569,1.353733881015047,-0.8559356776163416,0.2275962471904847,-1.954623068485812,0.22758000000000095
-0.136829468935661,-0.3681367926441614,-1.658517031588135,-0.619847144831896,-1.415042557493214,-1.631964134209146,-0.04348244042166946,-1.590776136664546,-0.6657528200559284,-1.168593139320532,1.34086176678383,-0.8559356776163416,0.2275962471904847,-1.954623068485812,0.22802000000000094
-0.1382144603882899,-0.3553325070875784,-1.658742683169316,-0.6024471359096002,-1.415042557493214,-1.631964134209146,-0.06586615451173027,-1.590776136664546,-0.698436459103865,-1.168593139320532,1.351607554672603,-0.8559356776163416,0.2275962471904847,-1.954623068485812,0.22851000000000096
-0.1412672245426744,-0.3512418026878331,-1.657504624988978,-0.6202714294608518,-1.415042557493214,-1.620395460332745,-0.06586615451173027,-1.590776136664546,-0.698436459103865,-1.195369858491159,1.382209628323037,-0.8559356776163416,0.2275962471904847,-1.954623068485812,0.22875000000000098
-0.1619961946488444,-0.3484212574103451,-1.656202324311722,-0.5871949446220268,-1.40899726864075,-1.620395460332745,-0.0813271182659965,-1.628863238220587,-0.7330705726271812,-1.195369858491159,1.387208587185946,-0.8559356776163416,0.2275962471904847,-2.147555810269711,0.22904000000000097
-0.1706389256691885,-0.3462181594740324,-1.65604690647566,-0.5996879969430152,-1.40899726864075,-1.620395460332745,-0.0813271182659965,-1.665293308073767,-0.7330705726271812,-1.2192034074597,1.373645129144841,-0.8559356776163416,0.2275962471904847,-2.338288993108172,0.22948000000000096
-0.1800638743999596,-0.3431167495341489,-1.657404653413019,-0.6069372559391449,-1.40899726864075,-1.604145956982069,-0.0916692427039184,-1.665293308073767,-0.7678444752233258,-1.2192034074597,1.356196156212614,-0.8559356776163416,0.2275962471904847,-1.942839716992489,0.22971000000000097
-0.1950025993392414,-0.3522266646750562,-1.659518208071722,-0.6236191113825579,-1.40899726864075,-1.586004928384149,-0.0916692427039184,-1.69917641784915,-0.7678444752233258,-1.23873778956156,1.356717054897051,-0.8559356776163416,0.2275962471904847,-1.94048304669381,0.22963000000000097
-0.1950025993392414,-0.3605121613278834,-1.660114199540009,-0.6096742982977024,-1.40899726864075,-1.586004928384149,-0.09891592007542585,-1.69917641784915,-0.8004563518475222,-1.23873778956156,1.333279103650415,-0.8559356776163416,0.2275962471904847,-1.94048304669381,0.22901000000000096
-0.214499835273909,-0.3992454022678149,-1.660869543952103,-0.6187725400748937,-1.40899726864075,-1.568670956070369,-0.09891592007542585,-1.729753326513707,-0.8004563518475222,-1.252826654636854,1.336492179097241,-0.8559356776163416,0.2275962471904847,-1.94048304669381,0.22872000000000092
-0.2172841218747925,-0.4068092514474417,-1.660869543952103,-0.6130487699035936,-1.402952239548704,-1.568670956070369,-0.09891592007542585,-1.729753326513707,-0.828467065200008,-1.252826654636854,1.392265595874375,-0.8559356776163416,0.2275962471904847,-2.112362867142983,0.2281600000000009
-0.2072595241062025,-0.4286313103895306,-1.660822353165827,-0.6091187945165508,-1.402952239548704,-1.568670956070369,-0.09891592007542585,-1.729753326513707,-0.828467065200008,-1.260710923587718,1.400715502323715,-0.8559356776163416,0.2275962471904847,-2.310008949524204,0.2276300000000009
-0.2009271511662838,-0.4350691319554014,-1.660857472680725,-0.6254102873584982,-1.402952239548704,-1.568670956070369,-0.1115513489040669,-1.756444473482231,-0.8497390143140077,-1.260710923587718,1.334932049651546,-0.8559356776163416,0.2275962471904847,-2.681734411300001,0.2269000000000009
-0.1959529785313052,-0.4585993179896383,-1.660857472680725,-0.5930749156943484,-1.402952239548704,-1.545279410229147,-0.1115513489040669,-1.778941977865072,-0.8497390143140077,-1.262158541667237,1.321861625478635,-0.8559356776163416,0.2515045985325111,-2.65361147906931,0.2261400000000009
-0.1931578692195654,-0.4625501890922767,-1.661643139212617,-0.5782497321644627,-1.402952239548704,-1.545279410229147,-0.1115513489040669,-1.778941977865072,-0.8628607810104544,-1.262158541667237,1.365710210713294,-0.8559356776163416,0.2515045985325111,-3.018266929949106,0.22493000000000088
-0.2053863996954413,-0.4672848803182858,-1.664406350051395,-0.5775243549112538,-1.402952239548704,-1.545279410229147,-0.1115513489040669,-1.778941977865072,-0.8628607810104544,-1.257540423521406,1.420385679996469,-0.8559356776163416,0.2515045985325111,-3.500755895762059,0.22307000000000085
-0.2129923018286028,-0.4785153164189086,-1.668091725177009,-0.5846209550865491,-1.397583645428654,-1.545279410229147,-0.1301666184537716,-1.797296227695133,-0.8674538756285444,-1.257540423521406,1.420338502297591,-0.8559356776163416,0.2515045985325111,-3.498399225463416,0.22098000000000084
-0.2289427455893742,-0.4906829569158254,-1.675058082785374,-0.5705846464195621,-1.397583645428654,-1.542233443724547,-0.1301666184537716,-1.811920156357694,-0.8674538756285444,-1.247823588396895,1.423026037428345,-0.8559356776163416,0.2515045985325111,-3.724325351428569,0.21909000000000084
-0.2438986577656442,-0.5069628806857231,-1.677085403199375,-0.5798132942507127,-1.397583645428654,-1.542233443724547,-0.1429236101829764,-1.811920156357694,-0.8642695053813048,-1.247823588396895,1.429353962877328,-0.8559356776163416,0.2275962471904847,-3.903118071420502,0.21777000000000085
-0.2457098315926466,-0.5102720661125505,-1.678035345105505,-0.5851582264423345,-1.393503307977909,-1.545874372369253,-0.1429236101829764,-1.823483165750984,-0.8642695053813048,-1.234470261170766,1.424320321688477,-0.8559356776163416,0.2275962471904847,-4.110190834996368,0.21650000000000086
-0.2484324011157014,-0.5095269351722567,-1.680820227778256,-0.5717650094030133,-1.393503307977909,-1.545874372369253,-0.1429236101829764,-1.823483165750984,-0.8642695053813048,-1.234470261170766,1.434886460544787,-0.8559356776163416,0.2275962471904847,-4.103120824100367,0.21587000000000084
-0.2459710404280416,-0.504198359888468,-1.68798040396226,-0.5694172851815676,-1.393503307977909,-1.556082600299135,-0.1429236101829764,-1.823483165750984,-0.8642695053813048,-1.219253848526249,1.499043297039913,-0.8559356776163416,0.2275962471904847,-3.766745416804503,0.21578000000000083
-0.2442543362426281,-0.4911956907642571,-1.68798040396226,-0.5755329508302441,-1.391193753588041,-1.556082600299135,-0.1574842016348258,-1.832741101142577,-0.8550459207962647,-1.219253848526249,1.523004639878454,-0.8559356776163416,0.2275962471904847,-3.425499557558076,0.21640000000000081
-0.242389355362281,-0.4650437240489021,-1.690688245469405,-0.5775339880317857,-1.391193753588041,-1.572210190493895,-0.1574842016348258,-1.840376311413874,-0.8550459207962647,-1.219253848526249,1.526771480025877,-0.8559356776163416,0.2275962471904847,-3.248906396511617,0.2176100000000008
-0.2406605698320784,-0.445562144021267,-1.691919800546927,-0.5578519729782658,-1.391193753588041,-1.572210190493895,-0.1876911367586583,-1.840376311413874,-0.8421755213909562,-1.219253848526249,1.489896839127883,-0.8559356776163416,0.2275962471904847,-2.860684242645175,0.21945000000000076
-0.2406605698320784,-0.418421105141725,-1.694346825012265,-0.5727912967533969,-1.390969351038161,-1.593238517264386,-0.1876911367586583,-1.840376311413874,-0.8421755213909562,-1.190520888466076,1.483959788940368,-0.8559356776163416,0.2275962471904847,-2.702944443987968,0.2220700000000008
-0.2406605698320784,-0.3905051204238491,-1.69392165387237,-0.5731179312367366,-1.390969351038161,-1.617916119670609,-0.1876911367586583,-1.846897026271767,-0.8282756916171914,-1.190520888466076,1.508549996567311,-0.8559356776163416,0.2275962471904847,-2.702944443987968,0.22489000000000078
-0.2388046534108336,-0.3753103493060753,-1.689749167981634,-0.5748406249005575,-1.390969351038161,-1.617916119670609,-0.1876911367586583,-1.846897026271767,-0.8282756916171914,-1.190520888466076,1.495653831898634,-0.8559356776163416,0.2275962471904847,-2.519438383398749,0.2275500000000008
-0.2388046534108336,-0.3621967177970876,-1.685486278763168,-0.586553442060799,-1.39296817029711,-1.617916119670609,-0.2101381733342373,-1.852606874850407,-0.8065088005728571,-1.190520888466076,1.484076769267501,-0.8559356776163416,0.2036878958484583,-2.286442246537559,0.2296100000000008
-0.2308750920417209,-0.3516210587527113,-1.684023303493045,-0.601213026887522,-1.39296817029711,-1.644855060990546,-0.2101381733342373,-1.852606874850407,-0.8065088005728571,-1.180124407406729,1.495480321145427,-0.9968837023638947,0.2036878958484583,-2.105292856247018,0.23116000000000084
-0.220055983890594,-0.3487885006446172,-1.671745492380444,-0.5891523592900163,-1.39296817029711,-1.644855060990546,-0.2101381733342373,-1.857626852825959,-0.8065088005728571,-1.180124407406729,1.501865725912975,-0.9968837023638947,0.2036878958484583,-2.105292856247018,0.23199000000000086
-0.220055983890594,-0.3401336896479162,-1.660625509796838,-0.601045428014361,-1.397165985993115,-1.672602560403457,-0.2101381733342373,-1.857626852825959,-0.8065088005728571,-1.173816988894597,1.516575644223602,-0.9968837023638947,0.1797795445064337,-2.105292856247018,0.2319600000000009
-0.220055983890594,-0.3370522934245848,-1.65262587181977,-0.6063881916171393,-1.397165985993115,-1.672602560403457,-0.2152982094171846,-1.861941225367806,-0.801636668687904,-1.173816988894597,1.511474647400274,-0.9968837023638947,0.1797795445064337,-1.684077318199287,0.23114000000000087
-0.220055983890594,-0.3378389722877145,-1.65262587181977,-0.6105899420249201,-1.397165985993115,-1.699704874292805,-0.2152982094171846,-1.861941225367806,-0.801636668687904,-1.172119561440968,1.506601387829892,-0.9968837023638947,0.1797795445064337,-1.50277081655547,0.2295900000000009
-0.220055983890594,-0.339854208575443,-1.634498079453409,-0.6236591026709085,-1.403400428859915,-1.699704874292805,-0.215367749955607,-1.865447145400579,-0.8014539296825682,-1.172119561440968,1.498535924193724,-0.9968837023638947,0.1797795445064337,-1.50277081655547,0.2276200000000009
-0.1871490165945651,-0.3431608875541197,-1.631071642431584,-0.6362233476371252,-1.403400428859915,-1.724774691524105,-0.215367749955607,-1.865447145400579,-0.8014539296825682,-1.175149084097448,1.494264985674956,-0.9968837023638947,0.1797795445064337,-1.50277081655547,0.2250300000000009
-0.1650593616245351,-0.3499539824605803,-1.628515380530711,-0.6502174171388898,-1.403400428859915,-1.724774691524105,-0.2101248004679822,-1.868001221746072,-0.805518705096674,-1.175149084097448,1.487218339113082,-0.9968837023638947,0.1797795445064337,-1.50277081655547,0.22262000000000093
-0.1528255365212101,-0.3646532972336125,-1.621684197617589,-0.6577502087502807,-1.411399121725137,-1.746574685840502,-0.2101248004679822,-1.868001221746072,-0.805518705096674,-1.182720987882033,1.472439959659031,-0.9968837023638947,0.1797795445064337,-1.340474788654181,0.22081000000000092
-0.1466129805585308,-0.365176249595373,-1.61420581304636,-0.6649956555533997,-1.411399121725137,-1.746574685840502,-0.1998049279978568,-1.868001221746072,-0.8127969132439319,-1.182720987882033,1.457548802703127,-0.9968837023638947,0.1558711931644073,-1.340474788654181,0.2200500000000009
-0.1077390632470324,-0.3661786918992214,-1.611878480065872,-0.6815293540525911,-1.411399121725137,-1.764112609583337,-0.1998049279978568,-1.869459735089201,-0.8127969132439319,-1.194473329537491,1.43305959768672,-0.9968837023638947,0.1558711931644073,-1.340474788654181,0.22043000000000093
-0.08758483160866963,-0.3727546576841581,-1.604171100407143,-0.6907965128745616,-1.420813127818319,-1.764112609583337,-0.1850465204177748,-1.86970044093286,-0.8218548696295915,-1.194473329537491,1.409269490673375,-0.9968837023638947,0.1558711931644073,-1.340474788654181,0.22195000000000092
-0.08220473545121842,-0.3873693020408682,-1.598775665266563,-0.7044379728254888,-1.420813127818319,-1.776717831808523,-0.1850465204177748,-1.86970044093286,-0.8218548696295915,-1.209990187945627,1.386322189504551,-0.9968837023638947,0.1558711931644073,-1.340474788654181,0.22478000000000092
-0.07653350596537717,-0.4143439429119176,-1.591509258073912,-0.7075898204046027,-1.420813127818319,-1.776717831808523,-0.1667995941962548,-1.86970044093286,-0.8310398431529267,-1.209990187945627,1.381641034254628,-0.9968837023638947,0.1558711931644073,-1.340474788654181,0.22879000000000088
-0.06694309897680288,-0.4387404025859378,-1.589619660660418,-0.7195599180753445,-1.431257938871048,-1.784075180764375,-0.1462113586427469,-1.868607813197517,-0.8310398431529267,-1.228888638067885,1.371768889410429,-0.9968837023638947,0.1558711931644073,-1.340474788654181,0.2340600000000009
-0.06694309897680288,-0.4507773846187081,-1.586977450302925,-0.7255547914153652,-1.431257938871048,-1.784075180764375,-0.1462113586427469,-1.868607813197517,-0.8386611534287564,-1.228888638067885,1.359033678323865,-0.9968837023638947,0.1558711931644073,-1.340474788654181,0.2406400000000009
-0.06260497805427337,-0.476732911402195,-1.585650611491355,-0.7345860329397526,-1.431257938871048,-1.786220134639117,-0.1462113586427469,-1.866028520976633,-0.8386611534287564,-1.250817449118344,1.375089309140022,-0.9968837023638947,0.1558711931644073,-1.340474788654181,0.24873000000000092
-0.05718667861960563,-0.4960005601060392,-1.585423081004246,-0.7562844532689341,-1.442355646117141,-1.786220134639117,-0.1245201783455937,-1.861746176768138,-0.8432056748348729,-1.27536230756367,1.368910263614309,-0.9968837023638947,0.1558711931644073,-1.340474788654181,0.25722000000000095
-0.05349224254719195,-0.4988039311503632,-1.582212895072239,-0.7753612546112296,-1.442355646117141,-1.783513244760958,-0.1245201783455937,-1.861746176768138,-0.8432056748348729,-1.27536230756367,1.372446185891618,-0.9968837023638947,0.1558711931644073,-1.340474788654181,0.26533000000000095
-0.04260028923563151,-0.4925194796312863,-1.577823646571542,-0.7960252761890967,-1.442355646117141,-1.776607261670754,-0.1029839613334216,-1.855514773957705,-0.8435503209972625,-1.27536230756367,1.374756232045493,-0.9968837023638947,0.1558711931644073,-1.498057475958148,0.2726300000000009
-0.03864835180529217,-0.4813841364711571,-1.578580906059102,-0.8001832019193248,-1.453765097866139,-1.776607261670754,-0.1029839613334216,-1.855514773957705,-0.8435503209972625,-1.30193820770138,1.363278628693578,-0.9968837023638947,0.1558711931644073,-1.498057475958148,0.278950000000001
-0.03693755245816061,-0.4753317654903603,-1.578580906059102,-0.826766521827784,-1.453765097866139,-1.776607261670754,-0.08282614977380867,-1.847132926930806,-0.8390700321323922,-1.30193820770138,1.364099011187056,-0.9968837023638947,0.1558711931644073,-1.498057475958148,0.284280000000001
-0.03432200385291333,-0.4724852009158318,-1.578580906059102,-0.8495796162629727,-1.453765097866139,-1.76640920114681,-0.08282614977380867,-1.847132926930806,-0.8390700321323922,-1.329760299477661,1.354349138930031,-0.9968837023638947,0.1558711931644073,-1.660510615212641,0.288840000000001
-0.03327034568552278,-0.4708591205062198,-1.579414704612254,-0.8678265652056139,-1.465192744251724,-1.754025691029019,-0.06516661471451651,-1.847132926930806,-0.8295947817033695,-1.329760299477661,1.348763822592166,-0.9968837023638947,0.1558711931644073,-1.660510615212641,0.293060000000001
-0.03327034568552278,-0.4716642063500039,-1.582818828357031,-0.8774103481599101,-1.465192744251724,-1.754025691029019,-0.06516661471451651,-1.836527481024074,-0.8295947817033695,-1.357901570906708,1.339927439012964,-0.9968837023638947,0.1558711931644073,-1.660510615212641,0.297110000000001
-0.03823532401573286,-0.4771474040463539,-1.582818828357031,-0.8875197243693375,-1.465192744251724,-1.74067481290371,-0.05093802157736698,-1.823839154953812,-0.815281294937764,-1.357901570906708,1.307707561258241,-0.9968837023638947,0.1558711931644073,-1.660510615212641,0.300690000000001
-0.04787630992705284,-0.4877088504580765,-1.582818828357031,-0.8907027699175946,-1.476387099040591,-1.74067481290371,-0.05093802157736698,-1.823839154953812,-0.815281294937764,-1.385380631556474,1.292286340933612,-0.9968837023638947,0.1558711931644073,-1.660510615212641,0.304010000000001
-0.05183289458520714,-0.4967986961831937,-1.585017056608774,-0.8998186351042334,-1.476387099040591,-1.74067481290371,-0.04080311359217599,-1.809486833327167,-0.7964942974158953,-1.385380631556474,1.285497675445776,-0.9968837023638947,0.1558711931644073,-1.834589994607217,0.308410000000001
-0.05320021847886203,-0.5103673113043634,-1.585017056608774,-0.8944775443238516,-1.476387099040591,-1.727563873121654,-0.04080311359217599,-1.809486833327167,-0.7964942974158953,-1.411234972022802,1.280742066092488,-0.9968837023638947,0.1558711931644073,-1.834589994607217,0.31488000000000105
-0.05304891434702427,-0.5270155053531836,-1.590798638893261,-0.8930098765073475,-1.487123267314073,-1.727563873121654,-0.03507580190104696,-1.794163540846424,-0.7737357292010639,-1.411234972022802,1.276647716493098,-0.9968837023638947,0.1558711931644073,-2.004113144757746,0.32370000000000104
-0.05315699561599743,-0.5382720638469717,-1.590798638893261,-0.8867202305080449,-1.487123267314073,-1.715757757929331,-0.03507580190104696,-1.794163540846424,-0.7737357292010639,-1.434571464152083,1.265966027891133,-0.9968837023638947,0.1558711931644073,-1.978189771472422,0.335380000000001
-0.05929912809528137,-0.5451436485451063,-1.595927286350257,-0.8964797145639819,-1.487123267314073,-1.706069795747639,-0.0336626306678138,-1.794163540846424,-0.7476214402407447,-1.434571464152083,1.307383988869294,-0.9968837023638947,0.1558711931644073,-1.561687574022048,0.35003000000000106
-0.06787707634453229,-0.5511897873536341,-1.595927286350257,-0.8762576889067007,-1.497185695105346,-1.706069795747639,-0.0336626306678138,-1.794163540846424,-0.7476214402407447,-1.454601209316763,1.300753193900043,-0.9968837023638947,0.1558711931644073,-1.74990697520859,0.36708000000000107
-0.07875429854803181,-0.5547226267712055,-1.603802603650033,-0.8742829429224164,-1.497185695105346,-1.706069795747639,-0.03606756555869493,-1.764206715246623,-0.7189048639677409,-1.454601209316763,1.295047710830575,-0.9968837023638947,0.1558711931644073,-1.91000344416444,0.38537000000000105
-0.09294763423058279,-0.5715774855954227,-1.606396914349213,-0.8590380327137708,-1.497185695105346,-1.698992916164856,-0.03606756555869493,-1.764206715246623,-0.7189048639677409,-1.470670868648824,1.292910274080696,-0.9968837023638947,0.2036878958484583,-1.971119760576457,0.4040000000000011
-0.10919313607649,-0.573873488703213,-1.606396914349213,-0.858250294176439,-1.506359697094251,-1.698992916164856,-0.04149461290158025,-1.764206715246623,-0.6885299895703301,-1.470670868648824,1.279570860840003,-0.9968837023638947,0.2036878958484583,-2.498228350710782,0.4224700000000011
-0.1316351412540042,-0.5772647068371735,-1.61238669312144,-0.8256738729312282,-1.506359697094251,-1.694675649301547,-0.04149461290158025,-1.764206715246623,-0.6885299895703301,-1.48230303667755,1.252927492815497,-0.9968837023638947,0.2036878958484583,-2.693517762793324,0.4398800000000011
-0.1398556839128378,-0.5786975409948286,-1.619144001722924,-0.8184094702824443,-1.506359697094251,-1.694675649301547,-0.04903622884141549,-1.741331843544172,-0.6576624027727511,-1.48230303667755,1.274472410931627,-0.9968837023638947,0.2036878958484583,-1.848730016399218,0.4549500000000011
-0.1497673760696863,-0.5816674270751422,-1.622650813342597,-0.8071988083304883,-1.51443676792723,-1.692947528882157,-0.04903622884141549,-1.741331843544172,-0.6576624027727511,-1.489241981892536,1.274940735923986,-0.9968837023638947,0.2275962471904847,-1.848730016399218,0.4666800000000011
-0.1768345979838492,-0.5842403265058581,-1.622650813342597,-0.7920301827732734,-1.51443676792723,-1.692947528882157,-0.05788854664682009,-1.734522254859892,-0.6276484779663265,-1.489241981892536,1.284122843860862,-0.9968837023638947,0.2275962471904847,-1.848730016399218,0.4747200000000011
-0.1768345979838492,-0.5883800186771999,-1.639414783494971,-0.7768945975581026,-1.51443676792723,-1.693402556417558,-0.05788854664682009,-1.734522254859892,-0.6276484779663265,-1.491483149818059,1.290628351158674,-0.9968837023638947,0.2275962471904847,-2.015896496251034,0.4782700000000011
-0.1768345979838492,-0.5928213704809013,-1.64810889069472,-0.7639354351725529,-1.521228119864904,-1.693402556417558,-0.06752860677753057,-1.734522254859892,-0.5999067185677524,-1.491483149818059,1.274540308909837,-0.9968837023638947,0.2275962471904847,-1.829876654009895,0.47686000000000106
-0.2187716595330044,-0.5993947868529687,-1.650706764585038,-0.7489333400861226,-1.521228119864904,-1.695537869296811,-0.06752860677753057,-1.734522254859892,-0.5999067185677524,-1.489272412624229,1.267215306672409,-0.9968837023638947,0.2275962471904847,-1.992329793264423,0.47085000000000105
-0.2187716595330044,-0.6048992083662453,-1.657174643995882,-0.7337219325975978,-1.521228119864904,-1.695537869296811,-0.07781165798548131,-1.731481549589626,-0.5758164285038625,-1.489272412624229,1.279442660326544,-0.9968837023638947,0.2515045985325111,-1.992329793264423,0.4612300000000011
-0.2402904608259166,-0.6041631242877193,-1.662022510183177,-0.7295245628544021,-1.52657855372929,-1.698909753491031,-0.07781165798548131,-1.731481549589626,-0.5758164285038625,-1.489272412624229,1.270999878856789,-0.9968837023638947,0.2515045985325111,-1.834589994607217,0.44868000000000113
-0.2710788292894344,-0.6031902037548904,-1.663484963561405,-0.7097268958408084,-1.52657855372929,-1.698909753491031,-0.08896221879997056,-1.732385721254701,-0.5566559644875042,-1.489272412624229,1.264167707672966,-0.9968837023638947,0.2515045985325111,-1.834589994607217,0.4341300000000011
-0.2743733238912045,-0.5985543122047469,-1.666716968493765,-0.6977672538682627,-1.52657855372929,-1.703247916942987,-0.08896221879997056,-1.732385721254701,-0.5566559644875042,-1.473564529572408,1.250632465214671,-0.9968837023638947,0.2515045985325111,-1.834589994607217,0.41853000000000107
-0.2949464478114422,-0.5947591948524743,-1.676947101863223,-0.6980136918133347,-1.530378525819901,-1.703247916942987,-0.101452240970663,-1.737136954839523,-0.5435574878975411,-1.473564529572408,1.252897212147972,-0.9968837023638947,0.2515045985325111,-1.834589994607217,0.402490000000001
-0.3196920269045742,-0.5871545262780972,-1.680091746528938,-0.6993313180615441,-1.530378525819901,-1.708497398867582,-0.101452240970663,-1.737136954839523,-0.5435574878975411,-1.473564529572408,1.254647931526395,-0.9968837023638947,0.2515045985325111,-1.997043133861746,0.38697000000000104
-0.3196920269045742,-0.5783117698762658,-1.691716532712617,-0.6819934584584344,-1.530378525819901,-1.708497398867582,-0.115800804006731,-1.745421097806172,-0.5374089140792283,-1.473564529572408,1.240128678940097,-0.9968837023638947,0.2515045985325111,-1.997043133861746,0.372290000000001
-0.3344792717365919,-0.5751387078831113,-1.706163355871888,-0.6847637517035139,-1.532576402424972,-1.714798670427785,-0.115800804006731,-1.745421097806172,-0.5374089140792283,-1.461521426909993,1.261232903370521,-0.9968837023638947,0.2515045985325111,-1.997043133861746,0.358870000000001
-0.3587431759811509,-0.5743914566845946,-1.706163355871888,-0.6585628012379412,-1.532576402424972,-1.714798670427785,-0.1323670024438552,-1.756777644929886,-0.5387005457602482,-1.461521426909993,1.305987863106879,-0.9968837023638947,0.2754129498745374,-1.839303335204538,0.347150000000001
-0.3853788755791994,-0.574882023744547,-1.711290001314989,-0.6675523534267787,-1.532576402424972,-1.722424237019734,-0.1323670024438552,-1.756777644929886,-0.5387005457602482,-1.447847685114777,1.295961013816865,-0.9968837023638947,0.2754129498745374,-1.839303335204538,0.33718000000000103
-0.4044924197660432,-0.5752815923730797,-1.711290001314989,-0.6483885290794469,-1.533192000255983,-1.722424237019734,-0.1512051003222194,-1.770653384664779,-0.5473835766270523,-1.447847685114777,1.268674167600902,-0.9968837023638947,0.2754129498745374,-1.839303335204538,0.328760000000001
-0.4242356739173779,-0.565796919132515,-1.730318144003824,-0.6490873562605523,-1.533192000255983,-1.731686370371351,-0.1512051003222194,-1.770653384664779,-0.5473835766270523,-1.433496448698382,1.265660597881669,-0.9968837023638947,0.2754129498745374,-1.839303335204538,0.322060000000001
-0.4530981936692601,-0.5576966012839435,-1.730318144003824,-0.6448535695692903,-1.533192000255983,-1.731686370371351,-0.1720080604701624,-1.786440451365722,-0.5628006906394845,-1.433496448698382,1.275315145775101,-0.9968837023638947,0.2754129498745374,-1.839303335204538,0.316650000000001
-0.4530981936692601,-0.561863699313733,-1.743473494412958,-0.6455714037613322,-1.53232869244012,-1.731686370371351,-0.1720080604701624,-1.786440451365722,-0.5628006906394845,-1.419424301226595,1.272001211037752,-0.9968837023638947,0.2754129498745374,-1.839303335204538,0.311940000000001
-0.4701003280280241,-0.5624001255991348,-1.747996925491916,-0.6399675637597786,-1.53232869244012,-1.731686370371351,-0.1720080604701624,-1.803516657296468,-0.583705364920882,-1.419424301226595,1.283080758347145,-0.9968837023638947,0.2754129498745374,-2.004113144757746,0.308050000000001
-0.4841366495024674,-0.553388127192738,-1.747996925491916,-0.6275611875110098,-1.53232869244012,-1.742837615116444,-0.1720080604701624,-1.803516657296468,-0.583705364920882,-1.406524488266392,1.254323536051919,-0.9968837023638947,0.2754129498745374,-1.841660005503217,0.304250000000001
-0.4993291471452689,-0.545181853135305,-1.753545578483616,-0.6195515622627104,-1.530178161733692,-1.742837615116444,-0.216618763922852,-1.821292322258171,-0.608360936274783,-1.406524488266392,1.299798318893268,-0.9968837023638947,0.2754129498745374,-1.841660005503217,0.300700000000001
-0.5129447650709121,-0.5247144114061159,-1.756662551364519,-0.6201190893746806,-1.530178161733692,-1.770953754225943,-0.216618763922852,-1.839237321985979,-0.608360936274783,-1.395562499297636,1.32563589288826,-0.9968837023638947,0.2754129498745374,-2.022966507147034,0.29733000000000104
-0.5129447650709121,-0.5000818722985056,-1.759180671828168,-0.6226758052982709,-1.530178161733692,-1.770953754225943,-0.216618763922852,-1.839237321985979,-0.6347089096313565,-1.395562499297636,1.311785291708294,-0.9968837023638947,0.2754129498745374,-2.022966507147034,0.294300000000001
-0.5192982348697973,-0.4908973060307332,-1.760963869267742,-0.613405204689162,-1.52701316998431,-1.787318017255189,-0.216618763922852,-1.839237321985979,-0.6347089096313565,-1.387135946183105,1.33867890436816,-0.9968837023638947,0.2754129498745374,-2.018253166549712,0.29144000000000103
-0.5227321664422552,-0.4888610730450776,-1.760963869267742,-0.6390755696443552,-1.52701316998431,-1.787318017255189,-0.2383658904433938,-1.856863105544017,-0.6606078331744984,-1.387135946183105,1.358547176497179,-1.137831727111448,0.2754129498745374,-2.018253166549712,0.28890000000000104
-0.5299152927152597,-0.4790553928740407,-1.761845068129944,-0.6323687084367907,-1.52701316998431,-1.804343633804942,-0.2383658904433938,-1.856863105544017,-0.6606078331744984,-1.381669660449557,1.36209507026859,-1.137831727111448,0.2754129498745374,-1.818093302516572,0.28656000000000104
-0.5328161315589501,-0.4694045864088063,-1.759760741303994,-0.641632114450138,-1.523168264008821,-1.804343633804942,-0.2748273490841469,-1.873680989483682,-0.6841336383991433,-1.381669660449557,1.376148564548673,-1.137831727111448,0.2993213012165638,-1.818093302516572,0.28465000000000107
-0.5351866002493934,-0.4662956952149084,-1.754718200507314,-0.6432055121495055,-1.523168264008821,-1.804343633804942,-0.2748273490841469,-1.889188916620754,-0.6841336383991433,-1.379434406569306,1.349260738518864,-1.137831727111448,0.2993213012165638,-2.488801669516102,0.28352000000000105
-0.5432203721791015,-0.4670789971709131,-1.750642016915428,-0.6561404280067065,-1.523168264008821,-1.804343633804942,-0.2874272330988868,-1.889188916620754,-0.7038791671555258,-1.379434406569306,1.305344535153628,-1.137831727111448,0.2754129498745374,-2.855970902047817,0.28286000000000106
-0.5432796938312816,-0.4690349076043187,-1.740701549984578,-0.6721794639508735,-1.519010315175784,-1.821167339227837,-0.2874272330988868,-1.902911384459639,-0.7038791671555258,-1.380563268555445,1.31129791569945,-1.137831727111448,0.2754129498745374,-2.670108171159919,0.28293000000000107
-0.5432796938312816,-0.4723767999807499,-1.738843005283854,-0.6494239796498532,-1.519010315175784,-1.821167339227837,-0.2874272330988868,-1.902911384459639,-0.7191646484991743,-1.380563268555445,1.32674241152065,-1.137831727111448,0.2754129498745374,-2.94065392144648,0.28329000000000104
-0.5432796938312816,-0.4658539107553428,-1.737880885285533,-0.6634759253323385,-1.519010315175784,-1.836957130575326,-0.2874272330988868,-1.902911384459639,-0.7191646484991743,-1.385052639488997,1.298309702098539,-1.137831727111448,0.2754129498745374,-2.531221734892072,0.2842800000000011
-0.5415368182323035,-0.4583858644802353,-1.736867058380301,-0.6761279508893517,-1.514900140044375,-1.836957130575326,-0.2953756459277453,-1.914474461489087,-0.7191646484991743,-1.385052639488997,1.306276341859197,-1.137831727111448,0.2754129498745374,-2.754791190558582,0.2856700000000011
-0.5415368182323035,-0.4425086853511704,-1.728170624250534,-0.6851237131427457,-1.514900140044375,-1.851033592875216,-0.2953756459277453,-1.914474461489087,-0.7191646484991743,-1.392757997093698,1.2676437277874,-1.137831727111448,0.2754129498745374,-2.990143997718379,0.2872300000000011
-0.5296383097480981,-0.435025508356322,-1.718534001860838,-0.699970611865063,-1.514900140044375,-1.851033592875216,-0.2986189007871651,-1.923685090096084,-0.7301107746349097,-1.392757997093698,1.243562865693004,-1.137831727111448,0.2754129498745374,-3.281899780692871,0.28861000000000103
-0.5263594653121121,-0.4337196072753649,-1.713726314643722,-0.7112470093490115,-1.511149512188411,-1.862906608073904,-0.2986189007871651,-1.923685090096084,-0.7301107746349097,-1.403395606355356,1.204233890638439,-1.137831727111448,0.2754129498745374,-2.281728905940237,0.28961000000000103
-0.5263594653121121,-0.4324449872306804,-1.70729185043615,-0.7256851932654259,-1.511149512188411,-1.862906608073904,-0.2977013515214187,-1.93058751895038,-0.7375603715231974,-1.403395606355356,1.20582872473574,-1.137831727111448,0.2754129498745374,-2.091152834455016,0.289980000000001
-0.5263594653121121,-0.4285371220694548,-1.712639953815167,-0.7364884718326017,-1.511149512188411,-1.872244420013564,-0.2977013515214187,-1.93058751895038,-0.7375603715231974,-1.41654945061287,1.203216559711691,-1.137831727111448,0.2754129498745374,-1.88643674117783,0.290010000000001
-0.5263594653121121,-0.4212963184181461,-1.713725444760773,-0.7445037152291027,-1.507984526028277,-1.872244420013564,-0.2936950741870741,-1.935473275406631,-0.7474678736343775,-1.41654945061287,1.167159230213156,-1.137831727111448,0.2754129498745374,-1.728696942520623,0.289930000000001
-0.5263594653121121,-0.4119892040834703,-1.716078229726245,-0.7741013349118875,-1.507984526028277,-1.878824916070318,-0.2936950741870741,-1.935473275406631,-0.7474678736343775,-1.4316850932393,1.140410473987238,-1.137831727111448,0.2754129498745374,-1.728696942520623,0.289940000000001
-0.5264195954825235,-0.4059644363724192,-1.716501561711277,-0.7731354832012327,-1.507984526028277,-1.878824916070318,-0.2879977006623157,-1.938839534201092,-0.7474678736343775,-1.4316850932393,1.102988055755948,-1.137831727111448,0.2754129498745374,-1.898220092671117,0.290230000000001
-0.531279649612454,-0.4025027352467143,-1.716501561711277,-0.7858097813711025,-1.505527362267653,-1.882524599995667,-0.2879977006623157,-1.938839534201092,-0.7474678736343775,-1.448177963514637,1.100039773844826,-1.137831727111448,0.2754129498745374,-1.898220092671117,0.29036000000000095
-0.5330281679852624,-0.4139720323670379,-1.714989901092507,-0.7934190599064405,-1.505527362267653,-1.882524599995667,-0.2820894476445828,-1.941315711260461,-0.7527246122575758,-1.448177963514637,1.106756465308661,-1.137831727111448,0.2754129498745374,-1.7169135910273,0.290110000000001
-0.5335392120052763,-0.4334652001563361,-1.714989901092507,-0.8109624895234687,-1.505527362267653,-1.883372984008185,-0.2820894476445828,-1.941315711260461,-0.7527246122575758,-1.465353841021061,1.096526472744051,-1.137831727111448,0.2754129498745374,-1.7169135910273,0.290070000000001
-0.5329072492144435,-0.4398396730476913,-1.714989901092507,-0.8275762512891093,-1.503800216939598,-1.881649211383959,-0.2773280289461436,-1.943571031928218,-0.7594755557870722,-1.465353841021061,1.099104127268883,-1.137831727111448,0.2754129498745374,-1.7169135910273,0.290460000000001
-0.5355013758711648,-0.441917792333449,-1.714449697485077,-0.8197980211203847,-1.503800216939598,-1.881649211383959,-0.2773280289461436,-1.943571031928218,-0.7594755557870722,-1.482525220804831,1.109218581095403,-1.137831727111448,0.2754129498745374,-1.385094412975553,0.29122000000000103
-0.5375628814077066,-0.4507128868121121,-1.713413915661511,-0.8255415726649787,-1.503800216939598,-1.881649211383959,-0.2747974110415444,-1.946193526886786,-0.7679820846769165,-1.482525220804831,1.103304453414966,-1.067357714737671,0.2993213012165638,-1.385094412975553,0.29238000000000103
-0.5396978724704077,-0.4617241544920536,-1.713413915661511,-0.8394234938889478,-1.502744929403746,-1.877953575636208,-0.2747974110415444,-1.946193526886786,-0.7679820846769165,-1.499008959783937,1.079680737502774,-1.067357714737671,0.2993213012165638,-1.385094412975553,0.29306000000000104
-0.5441801475956187,-0.4932585502447743,-1.713509668224868,-0.8291293263697939,-1.502744929403746,-1.877953575636208,-0.2752130359531774,-1.949545587958057,-0.777872943812746,-1.499008959783937,1.107417967078057,-1.067357714737671,0.2993213012165638,-1.385094412975553,0.29323000000000105
-0.5479160501246659,-0.5167473804910936,-1.716545738979481,-0.8441275873664963,-1.502744929403746,-1.873185528882838,-0.2752130359531774,-1.949545587958057,-0.777872943812746,-1.514129116184855,1.109167961117573,-1.067357714737671,0.3232296525585884,-1.385094412975553,0.29261000000000104
-0.5508136594494847,-0.53017777890612,-1.717456222856899,-0.8586216012177612,-1.502247190788891,-1.873185528882838,-0.2789021103650289,-1.953635233752183,-0.7881944814955788,-1.514129116184855,1.099142410493545,-1.067357714737671,0.3232296525585884,-1.385094412975553,0.291470000000001
-0.5549298399799641,-0.5365130882037709,-1.718374425241239,-0.8548392005395102,-1.502247190788891,-1.868411565888985,-0.2789021103650289,-1.953635233752183,-0.7881944814955788,-1.527226076954413,1.072248133496945,-1.067357714737671,0.3232296525585884,-1.385094412975553,0.290020000000001
-0.5618233278400748,-0.5561658573083598,-1.72197458331636,-0.8587015956075635,-1.502247190788891,-1.868411565888985,-0.2858511886745131,-1.958049868142744,-0.7975392220316746,-1.527226076954413,1.083045447811253,-1.067357714737671,0.3232296525585884,-1.2157283741783,0.288590000000001
-0.5707734116815242,-0.580063841926267,-1.723228046766655,-0.8725577193790054,-1.502247190788891,-1.864664076383741,-0.2858511886745131,-1.958049868142744,-0.7975392220316746,-1.537691726973861,1.024611065124635,-1.067357714737671,0.3232296525585884,-1.2157283741783,0.28683000000000103
-0.574208968188577,-0.5879959067190597,-1.723228046766655,-0.8761369481294404,-1.502247190788891,-1.864664076383741,-0.2957733024889292,-1.958049868142744,-0.8042436073323519,-1.537691726973861,1.018343576377012,-1.067357714737671,0.3232296525585884,-1.392164423871554,0.284740000000001
-0.5743614510583204,-0.5962113262115976,-1.723228046766655,-0.8728241820356285,-1.502156435588549,-1.862731670816747,-0.2957733024889292,-1.961986196519103,-0.8042436073323519,-1.54503031945141,0.9997677116135785,-1.067357714737671,0.3232296525585884,-1.392164423871554,0.28256000000000103
-0.5800542156307308,-0.6033834172300703,-1.723789826567389,-0.8769664070002398,-1.502299157471675,-1.862731670816747,-0.3081557642982777,-1.964390350215922,-0.8066254464910112,-1.54503031945141,0.9916207153811625,-1.067357714737671,0.3232296525585884,-1.392164423871554,0.28040000000000104
-0.5922802102181886,-0.6196001467916646,-1.724176716860345,-0.8899042488432424,-1.502299157471675,-1.862995814090304,-0.3081557642982777,-1.964390350215922,-0.8066254464910112,-1.548924762074333,0.9647179941492162,-1.067357714737671,0.3232296525585884,-1.392164423871554,0.278940000000001
-0.6046621331339195,-0.6267468829787534,-1.724853997924864,-0.885859905712481,-1.502299157471675,-1.862995814090304,-0.3222849368452713,-1.9641891523624,-0.803222396729179,-1.548924762074333,0.9787672078690102,-1.067357714737671,0.3232296525585884,-1.392164423871554,0.27814000000000105
-0.6119578295905489,-0.6446871868461262,-1.726353302643057,-0.8826885542927961,-1.502489166588213,-1.865351415343214,-0.3222849368452713,-1.9641891523624,-0.803222396729179,-1.549286438039869,0.977512973969892,-1.067357714737671,0.3232296525585884,-1.392164423871554,0.27808000000000105
-0.61981786124393,-0.6515814799893604,-1.729286862814746,-0.8770483121020509,-1.502489166588213,-1.865351415343214,-0.3372665444457034,-1.960554164527661,-0.7930037458817684,-1.549286438039869,0.9680733115967033,-1.067357714737671,0.3232296525585884,-1.392164423871554,0.27823000000000103
-0.61981786124393,-0.6599844324821912,-1.731303248832507,-0.8866123495359508,-1.502489166588213,-1.869220119643817,-0.3372665444457034,-1.960554164527661,-0.7930037458817684,-1.546277795562529,0.9728077440267612,-1.067357714737671,0.3471380039006148,-1.225155055372944,0.27852000000000104
-0.61981786124393,-0.6820828096500124,-1.733619201220271,-0.8688149659643715,-1.502538409699643,-1.869220119643817,-0.3520790712541978,-1.953120172835751,-0.7755316102397678,-1.546277795562529,0.9570084304109652,-1.067357714737671,0.3471380039006148,-1.225155055372944,0.27875000000000105
-0.61981786124393,-0.694097675254469,-1.734671836524736,-0.8616887570813234,-1.502538409699643,-1.873651737438076,-0.3520790712541978,-1.953120172835751,-0.7755316102397678,-1.540304009071063,0.9551580980579346,-1.067357714737671,0.3471380039006148,-1.225155055372944,0.27885000000000104
-0.6613585317009795,-0.715046195242602,-1.740599791926339,-0.8534534631884314,-1.502538409699643,-1.873651737438076,-0.3656964518422586,-1.953120172835751,-0.7510453336618073,-1.540304009071063,0.9739581481664203,-1.067357714737671,0.3471380039006148,-1.225155055372944,0.27882000000000107
-0.6689657378902164,-0.7278000193173022,-1.751891256118411,-0.8509346374646355,-1.502268115910882,-1.877508494030968,-0.3656964518422586,-1.953120172835751,-0.7510453336618073,-1.53197045487475,0.9464543335092814,-1.067357714737671,0.3471380039006148,-1.225155055372944,0.27876000000000106
-0.6760535526696511,-0.7388116128557313,-1.753921144740528,-0.840811753200522,-1.502268115910882,-1.877508494030968,-0.3656964518422586,-1.928191555091976,-0.7204618592068941,-1.53197045487475,0.964272579582866,-1.067357714737671,0.3471380039006148,-1.385094412975553,0.27854000000000106
-0.7076077923976182,-0.7585224985282149,-1.76035247054518,-0.8259674811476378,-1.502268115910882,-1.879692826505669,-0.37726158295245,-1.928191555091976,-0.7204618592068941,-1.53197045487475,0.9562490357676913,-1.067357714737671,0.3471380039006148,-1.211015033580978,0.2780500000000011
-0.7076077923976182,-0.7682510734263318,-1.767468809861336,-0.8107934164190798,-1.501519334810642,-1.879692826505669,-0.386234109503144,-1.928191555091976,-0.6853057988709921,-1.53197045487475,0.9635576971480991,-1.067357714737671,0.3471380039006148,-1.046205224027805,0.2772000000000011
-0.71685920831754,-0.7772449464296487,-1.775102264061326,-0.7982622028163604,-1.501519334810642,-1.879342913486002,-0.386234109503144,-1.912508404659498,-0.6853057988709921,-1.511166777493733,0.9538752716657832,-1.067357714737671,0.3471380039006148,-1.046205224027805,0.2760100000000011
-0.7426954911348107,-0.7747811980069096,-1.775102264061326,-0.791797758930196,-1.501519334810642,-1.879342913486002,-0.3924537752003331,-1.912508404659498,-0.6475767240909825,-1.511166777493733,0.9768098467023536,-1.067357714737671,0.3471380039006148,-1.046205224027805,0.2748900000000011
-0.7702750115053619,-0.7723613295380568,-1.777681609129474,-0.7868959947630333,-1.500166019774877,-1.875950189384485,-0.3924537752003331,-1.912508404659498,-0.6475767240909825,-1.500135320452681,0.9612014354709355,-1.067357714737671,0.3471380039006148,-1.046205224027805,0.27395000000000114
-0.7702750115053619,-0.7683246706713421,-1.788371497222053,-0.7726803354898114,-1.500166019774877,-1.875950189384485,-0.3924537752003331,-1.880493992238706,-0.6095537157580452,-1.500135320452681,0.9514417908152188,-1.067357714737671,0.3471380039006148,-1.046205224027805,0.2733500000000011
-0.7899395842467218,-0.7629801036673207,-1.800556112497454,-0.7698083475526976,-1.500166019774877,-1.869409773663476,-0.3961335691228824,-1.880493992238706,-0.6095537157580452,-1.500135320452681,0.9295107360138657,-1.067357714737671,0.3471380039006148,-1.20630169298362,0.2734400000000011
-0.7899395842467218,-0.7611242874067758,-1.800556112497454,-0.7550594521187561,-1.498134127077994,-1.869409773663476,-0.3978251721645104,-1.880493992238706,-0.5735444441197364,-1.500135320452681,0.9570778123273255,-1.067357714737671,0.3471380039006148,-1.20630169298362,0.2739600000000011
-0.8078271805604451,-0.7590569628001106,-1.806694965741673,-0.7526839269453173,-1.498134127077994,-1.860023771906658,-0.3978251721645104,-1.866101182795473,-0.5735444441197364,-1.489453156092801,0.9367487201927834,-1.067357714737671,0.3471380039006148,-1.394521094170197,0.2745700000000011
-0.8078271805604451,-0.7522323706113513,-1.814668436714009,-0.7579410079905329,-1.498134127077994,-1.860023771906658,-0.398353812305147,-1.866101182795473,-0.5415978792761749,-1.489453156092801,0.940311354009831,-1.067357714737671,0.3471380039006148,-1.394521094170197,0.2754600000000011
-0.8282264698345515,-0.7472988106441013,-1.814668436714009,-0.7432493910575156,-1.495421738334049,-1.860023771906658,-0.398353812305147,-1.866101182795473,-0.5415978792761749,-1.479480001266605,0.9443725716003063,-1.067357714737671,0.3710463552426412,-1.394521094170197,0.27650000000000113
-0.8332124010278368,-0.7524442463808788,-1.818637040274462,-0.7419070894920192,-1.495421738334049,-1.848454545212438,-0.3986900119355207,-1.853599644982831,-0.5152258855644746,-1.479480001266605,0.9380306254530744,-1.067357714737671,0.3710463552426412,-1.552260892827368,0.2780300000000011
-0.8499425135766053,-0.7525378408338292,-1.823669362859807,-0.7349268930337122,-1.495421738334049,-1.848454545212438,-0.3986900119355207,-1.853599644982831,-0.5152258855644746,-1.4703792101886,0.9100639249243256,-1.067357714737671,0.3710463552426412,-1.552260892827368,0.2799300000000011
-0.8602257363537852,-0.7501951426707171,-1.830216997294929,-0.7425444522658841,-1.492107309865901,-1.835619031273658,-0.3997768381492294,-1.843254729757919,-0.4952022422499073,-1.4703792101886,0.9350321144167676,-1.067357714737671,0.3710463552426412,-1.552260892827368,0.28206000000000114
-0.8828973174903921,-0.752536348209092,-1.831474712117576,-0.7190991969466222,-1.492107309865901,-1.822543264124016,-0.3997768381492294,-1.835153550184449,-0.4952022422499073,-1.462119837917909,0.9155533777745387,-1.067357714737671,0.3710463552426412,-1.552260892827368,0.28421000000000113
-0.8828973174903921,-0.7569417209352306,-1.83227337444281,-0.7422784376779106,-1.492107309865901,-1.822543264124016,-0.4024012523771367,-1.835153550184449,-0.4814921141335982,-1.462119837917909,0.9365678532682222,-1.067357714737671,0.3710463552426412,-1.552260892827368,0.28627000000000113
-0.9141844678373264,-0.760628369452942,-1.832542545310521,-0.727067583625541,-1.488337223485731,-1.822543264124016,-0.4024012523771367,-1.829323514665066,-0.4814921141335982,-1.454502874387014,0.9581654260090372,-1.067357714737671,0.3710463552426412,-1.552260892827368,0.2879000000000011
-0.9220914420736079,-0.7622838816725662,-1.833155394340072,-0.7135531326245007,-1.488337223485731,-1.822543264124016,-0.4024012523771367,-1.829323514665066,-0.4733315785549892,-1.454502874387014,0.9165407759540034,-1.067357714737671,0.3471380039006148,-1.552260892827368,0.2896400000000011
-0.9220914420736079,-0.7674604875127695,-1.83341258678939,-0.7270589594399484,-1.488337223485731,-1.799616168323205,-0.4071858011510228,-1.829323514665066,-0.4733315785549892,-1.447221357166057,0.9259118978022609,-1.067357714737671,0.3471380039006148,-1.552260892827368,0.2916500000000011
-0.9365508883654965,-0.7720124790088528,-1.845729420124926,-0.7129890170044787,-1.484296929303372,-1.799616168323205,-0.4071858011510228,-1.825832645816693,-0.4694528369568838,-1.447221357166057,0.9510288757724146,-1.067357714737671,0.3471380039006148,-1.552260892827368,0.29390000000000105
-0.9528556940468428,-0.7741965976381362,-1.845729420124926,-0.7159155993090335,-1.484296929303372,-1.791516941717956,-0.4146772839355496,-1.824822823702884,-0.4694528369568838,-1.439948303613368,0.9548960325487982,-1.067357714737671,0.3471380039006148,-1.387451083274196,0.29634000000000105
-0.959840693310992,-0.7705422288163701,-1.851149581766261,-0.6923395388166463,-1.484296929303372,-1.791516941717956,-0.4146772839355496,-1.824822823702884,-0.4684161964285983,-1.439948303613368,1.003974076578764,-1.067357714737671,0.3471380039006148,-1.387451083274196,0.2983200000000011
-0.9653898611920281,-0.7610049864334948,-1.859502425739084,-0.6959516206377242,-1.480178687253134,-1.786651599879428,-0.4146772839355496,-1.824822823702884,-0.4684161964285983,-1.432425273455511,1.033656381999946,-1.067357714737671,0.3471380039006148,-1.387451083274196,0.3000900000000011
-0.9678307494358059,-0.7611363603765969,-1.862173046448654,-0.679744583549616,-1.480178687253134,-1.786651599879428,-0.4399463118108878,-1.826474634212378,-0.4689650790294761,-1.432425273455511,1.024502820364614,-1.067357714737671,0.3471380039006148,-1.387451083274196,0.3016400000000011
-0.9697786340892759,-0.7479127001802744,-1.862173046448654,-0.6693454204826352,-1.480178687253134,-1.785581213873169,-0.4399463118108878,-1.830940709975146,-0.4689650790294761,-1.42451889448836,1.020956430642191,-1.067357714737671,0.3471380039006148,-1.194518341490333,0.30311000000000105
-0.9713057044632826,-0.7305147003366024,-1.86708193634574,-0.656885929770984,-1.476156312746366,-1.785581213873169,-0.4399463118108878,-1.830940709975146,-0.470302853497106,-1.42451889448836,1.033688983036786,-1.067357714737671,0.3471380039006148,-1.194518341490333,0.30461000000000105
-0.9718463108559561,-0.7206401247752479,-1.871066148702362,-0.6498531200379621,-1.476156312746366,-1.785581213873169,-0.4399463118108878,-1.83828321655799,-0.470302853497106,-1.41623264481923,1.056569331852667,-1.067357714737671,0.3471380039006148,-1.194518341490333,0.3061400000000011
-0.9718463108559561,-0.7130196761846407,-1.871066148702362,-0.630158782021547,-1.476156312746366,-1.788659906253764,-0.4816213209863039,-1.83828321655799,-0.4722162314093705,-1.41623264481923,1.059312783972787,-1.067357714737671,0.3471380039006148,-1.194518341490333,0.30706000000000105
-0.9742077537908724,-0.6992197794609056,-1.871066148702362,-0.6163704760345131,-1.472369213203837,-1.788659906253764,-0.4816213209863039,-1.848440276855219,-0.4722162314093705,-1.407688667674528,1.059055759589042,-1.067357714737671,0.3471380039006148,-1.194518341490333,0.30759000000000103
-0.9825116635609765,-0.6794681407988495,-1.872585665499689,-0.6204455034343846,-1.472369213203837,-1.788659906253764,-0.5087606198501192,-1.848440276855219,-0.4750308138606549,-1.407688667674528,1.060078091768464,-1.067357714737671,0.3471380039006148,-1.194518341490333,0.30754000000000103
-0.9881695690858395,-0.6679337254412686,-1.873741764036029,-0.6002619609054927,-1.472369213203837,-1.795985296923334,-0.5087606198501192,-1.861222758279842,-0.4750308138606549,-1.39910148405883,1.069228119396522,-1.067357714737671,0.3471380039006148,-1.194518341490333,0.30710000000000104
-0.9905334435570038,-0.6606162477949887,-1.875008312537597,-0.5979690397219143,-1.468912880673462,-1.795985296923334,-0.5395926950886153,-1.861222758279842,-0.4794530470238441,-1.39910148405883,1.084028385649404,-1.137831727111448,0.3471380039006148,-1.194518341490333,0.30688000000000104
-0.9922310447485807,-0.655093415734058,-1.871255216169589,-0.5830905084772081,-1.468912880673462,-1.807349749156365,-0.5395926950886153,-1.876316700987381,-0.4794530470238441,-1.39075315923729,1.067486715572706,-1.137831727111448,0.3471380039006148,-1.194518341490333,0.306680000000001
-0.9935440120146397,-0.6478916991213644,-1.870396446892609,-0.5672851539887906,-1.468912880673462,-1.807349749156365,-0.5733575856676278,-1.876316700987381,-0.4863746738884985,-1.39075315923729,1.071345098680551,-1.137831727111448,0.3471380039006148,-1.018082291797078,0.306430000000001
-0.9937225113639351,-0.6266077968858972,-1.871297254136658,-0.5705858713456501,-1.465832962650881,-1.839569297510774,-0.5733575856676278,-1.893278511745806,-0.4863746738884985,-1.382971503539238,1.089903017157986,-1.137831727111448,0.3471380039006148,-1.018082291797078,0.306010000000001
-0.9972268706688394,-0.6121869199878935,-1.87409629354418,-0.541940727830918,-1.465832962650881,-1.839569297510774,-0.5733575856676278,-1.893278511745806,-0.4966739706737393,-1.382971503539238,1.063197187595504,-1.137831727111448,0.3471380039006148,-1.018082291797078,0.305210000000001
-0.9986391527416231,-0.5987648021080902,-1.87427807155661,-0.553566971665795,-1.465832962650881,-1.839569297510774,-0.5733575856676278,-1.893278511745806,-0.4966739706737393,-1.376110348242427,1.063228465101263,-1.137831727111448,0.3471380039006148,-0.857985822841228,0.30427000000000104
-0.9972007123153368,-0.5946622505982864,-1.873829053123061,-0.5437054725938231,-1.463121965469442,-1.839569297510774,-0.609015042747327,-1.911544114235884,-0.5110074871734818,-1.376110348242427,1.066755313349774,-1.137831727111448,0.3471380039006148,-0.857985822841228,0.30354000000000103
-0.9916567272621085,-0.5890164653483823,-1.871833435785572,-0.5257905472305837,-1.463121965469442,-1.858227731580752,-0.609015042747327,-1.930474243073206,-0.5110074871734818,-1.370522676290987,1.064387454904697,-1.137831727111448,0.3471380039006148,-0.857985822841228,0.302420000000001
-0.9874766726416908,-0.5839493877569075,-1.870358570713319,-0.524917579638041,-1.463121965469442,-1.858227731580752,-0.6808954064796057,-1.930474243073206,-0.5110074871734818,-1.370522676290987,1.095353389853233,-1.137831727111448,0.3471380039006148,-0.857985822841228,0.30095000000000105
-0.9874766726416908,-0.5795065893288653,-1.862622662751656,-0.5178914995911472,-1.460719234754329,-1.876743388918028,-0.6808954064796057,-1.930474243073206,-0.5110074871734818,-1.366517946359358,1.083890233255228,-1.137831727111448,0.3471380039006148,-0.857985822841228,0.299030000000001
-0.9817534019773922,-0.5700637825720766,-1.858284845799294,-0.5160155091357226,-1.460719234754329,-1.876743388918028,-0.6808954064796057,-1.930474243073206,-0.5296042147526066,-1.366517946359358,1.096437500452176,-1.137831727111448,0.3471380039006148,-0.857985822841228,0.29634000000000105
-0.9749382143470596,-0.5396650235948316,-1.853829130992101,-0.5176123184933409,-1.460719234754329,-1.893748943201331,-0.6808954064796057,-1.949422789422878,-0.5296042147526066,-1.364313974967534,1.102285576196198,-1.137831727111448,0.3471380039006148,-0.857985822841228,0.29295000000000104
-0.9649501871851401,-0.510314168395378,-1.849406213871146,-0.5099660705060692,-1.458516018364084,-1.893748943201331,-0.714441694699312,-1.967791800117459,-0.5521212371776872,-1.364313974967534,1.070634134695431,-1.137831727111448,0.3471380039006148,-0.857985822841228,0.289180000000001
-0.9649501871851401,-0.4895931519847431,-1.849406213871146,-0.5082172347784903,-1.458516018364084,-1.908163530117346,-0.714441694699312,-1.967791800117459,-0.5521212371776872,-1.364006528827975,1.07775339433494,-1.137831727111448,0.3471380039006148,-0.857985822841228,0.28539000000000103
-0.9527145891925823,-0.4797295007735682,-1.849406213871146,-0.5102117844801072,-1.458516018364084,-1.908163530117346,-0.7447661897192976,-1.967791800117459,-0.5776218058739646,-1.364006528827975,1.083807462077807,-1.137831727111448,0.3471380039006148,-0.857985822841228,0.28173000000000104
-0.9527145891925823,-0.4700367597093378,-1.849406213871146,-0.5239277213226208,-1.456367094063278,-1.919368653490663,-0.7447661897192976,-1.985049245296709,-0.5776218058739646,-1.365568950975361,1.060344030941069,-1.137831727111448,0.3471380039006148,-0.857985822841228,0.277980000000001
-0.9527145891925823,-0.459700910836411,-1.843829819680198,-0.5295589099214656,-1.456367094063278,-1.927262827736107,-0.7708900441061945,-1.985049245296709,-0.6046763814865564,-1.365568950975361,1.064070154373063,-1.137831727111448,0.3471380039006148,-0.857985822841228,0.274300000000001
-0.9527145891925823,-0.4517427206287612,-1.839909410359551,-0.5326804099245166,-1.456367094063278,-1.927262827736107,-0.7708900441061945,-2.000711073545611,-0.6046763814865564,-1.368877351444619,1.062034899301786,-1.137831727111448,0.3471380039006148,-0.857985822841228,0.271380000000001
-0.9403994376071076,-0.4520061758226466,-1.839909410359551,-0.5274753694277623,-1.454108094817435,-1.927262827736107,-0.7920634301024236,-2.014306092909683,-0.6315351872851478,-1.368877351444619,1.032525064979887,-1.137831727111448,0.3471380039006148,-0.857985822841228,0.26947000000000104
-0.9403994376071076,-0.4546888074155639,-1.839176871364794,-0.5443679912273218,-1.454108094817435,-1.932172977903947,-0.7920634301024236,-2.014306092909683,-0.6315351872851478,-1.373753119954159,1.010063550871323,-1.137831727111448,0.3471380039006148,-0.857985822841228,0.26853000000000105
-0.9234555307498437,-0.4519695429847937,-1.837760466623172,-0.524073697504362,-1.454108094817435,-1.93466794718392,-0.8077572822906381,-2.014306092909683,-0.6563283388012228,-1.373753119954159,1.027107735741908,-1.137831727111448,0.3471380039006148,-0.857985822841228,0.26881000000000105
-0.9214223622737161,-0.4488982637959711,-1.83356516956353,-0.5498779185074989,-1.451575706470461,-1.93466794718392,-0.8176440336749085,-2.02535367268177,-0.6563283388012228,-1.380016872090661,1.008428563206824,-1.137831727111448,0.3471380039006148,-0.857985822841228,0.27032000000000106
-0.9208024227130116,-0.4490724551480389,-1.83075145706235,-0.5616592919760041,-1.451575706470461,-1.93466794718392,-0.8176440336749085,-2.02535367268177,-0.6772768907768673,-1.380016872090661,1.007005424173753,-1.137831727111448,0.3471380039006148,-0.857985822841228,0.272610000000001
-0.925196620921447,-0.4559881649856804,-1.83075145706235,-0.5508608532063181,-1.451575706470461,-1.935362768463049,-0.8176440336749085,-2.033384575455543,-0.6772768907768673,-1.387542621182656,1.024295187520972,-1.137831727111448,0.3471380039006148,-0.857985822841228,0.27531000000000105
-0.918234386932907,-0.4696294639233582,-1.83075145706235,-0.5667860716197989,-1.448627953607328,-1.935362768463049,-0.821601083632112,-2.033384575455543,-0.6929017791797242,-1.387542621182656,1.028074883296481,-1.137831727111448,0.3471380039006148,-0.857985822841228,0.27852000000000104
-0.91205768024566,-0.4773543055884582,-1.826806614357561,-0.5667421455344244,-1.448627953607328,-1.934793740726719,-0.8197629546690203,-2.038009634205745,-0.6929017791797242,-1.396292795947322,1.012471549213659,-1.137831727111448,0.3471380039006148,-0.857985822841228,0.28239000000000103
-0.8875009842763443,-0.4784847979438676,-1.827741624564121,-0.5627970351371261,-1.448627953607328,-1.934793740726719,-0.8197629546690203,-2.039008593422592,-0.7022062580679318,-1.396292795947322,1.037567643772015,-1.137831727111448,0.3471380039006148,-0.857985822841228,0.286490000000001
-0.8843162972973637,-0.4800449118386466,-1.828686245774885,-0.5712884302980283,-1.445162827804825,-1.933386393209289,-0.8197629546690203,-2.039008593422592,-0.7022062580679318,-1.406320196325912,1.034130483485858,-1.137831727111448,0.3471380039006148,-0.857985822841228,0.290370000000001
-0.8843162972973637,-0.4852591262401494,-1.823416526886398,-0.5728968023171452,-1.445162827804825,-1.933386393209289,-0.812599847085436,-2.039008593422592,-0.704797720709245,-1.406320196325912,1.059282816992382,-1.137831727111448,0.3471380039006148,-0.857985822841228,0.29384000000000104
-0.8854875935956528,-0.4903906366841955,-1.821248131481627,-0.5604539650628745,-1.445162827804825,-1.931477356734066,-0.812599847085436,-2.036405135902775,-0.704797720709245,-1.417740654502758,1.0491950511571,-1.137831727111448,0.3471380039006148,-0.857985822841228,0.29688000000000103
-0.8854875935956528,-0.5055943990135593,-1.821248131481627,-0.5734868441381402,-1.441134236773466,-1.931477356734066,-0.8009608595719855,-2.036405135902775,-0.7009157441524242,-1.417740654502758,1.039651950013105,-1.137831727111448,0.3471380039006148,-0.857985822841228,0.29927000000000104
-0.8876197330996687,-0.5101964080938545,-1.821248131481627,-0.5557553926865776,-1.441134236773466,-1.92933562603121,-0.8009608595719855,-2.030511355131747,-0.7009157441524242,-1.430686290792133,1.049449603191093,-1.137831727111448,0.3471380039006148,-0.857985822841228,0.300980000000001
-0.8876197330996687,-0.5116389254721689,-1.818833758383729,-0.5688041023658504,-1.441134236773466,-1.92933562603121,-0.7860427086975924,-2.02194184268227,-0.6913541858329657,-1.430686290792133,1.039880469017268,-1.137831727111448,0.3471380039006148,-0.857985822841228,0.302090000000001
-0.8876197330996687,-0.5152678376870322,-1.808771472677406,-0.5705436249393688,-1.436564191205652,-1.927165157243824,-0.7860427086975924,-2.02194184268227,-0.6913541858329657,-1.445238186603957,1.035662489039387,-1.137831727111448,0.3471380039006148,-0.857985822841228,
-0.8868129028603796,-0.5303897586781033,-1.800362986180857,-0.5747981055615067,-1.436564191205652,-1.927165157243824,-0.7693018272550751,-2.011597226610304,-0.6772992792808468,-1.445238186603957,1.058647940720969,-1.137831727111448,0.3471380039006148,-0.857985822841228,
-0.8826513060610163,-0.5391048076630093,-1.800362986180857,-0.5740941491553738,-1.436564191205652,-1.925115538297259,-0.7693018272550751,-2.011597226610304,-0.6772992792808468,-1.445238186603957,1.074116191231125,-1.137831727111448,0.3471380039006148,-0.6980464652386184,
-0.8818153710756935,-0.5516000411687125,-1.800362986180857,-0.5823935678025645,-1.431550321372526,-1.925115538297259,-0.7523512075689024,-2.011597226610304,-0.6601287664789433,-1.445238186603957,1.065070068160495,-1.137831727111448,0.3471380039006148,-0.6980464652386184,
-0.8812618601024438,-0.5387143098952466,-1.795045921532898,-0.5867838560363247,-1.431550321372526,-1.923323086222183,-0.7523512075689024,-2.011597226610304,-0.6601287664789433,-1.47869393007147,1.059104404855162,-1.137831727111448,0.3471380039006148,-0.6980464652386184,
-0.8808194834660157,-0.5239318520281598,-1.792620091577012,-0.596358248813916,-1.431550321372526,-1.923323086222183,-0.7368611770132139,-1.990221796016424,-0.641220870301997,-1.47869393007147,1.069263475262834,-1.137831727111448,0.3471380039006148,-0.5403066665814471,
-0.8705669749951753,-0.5324178421340383,-1.792620091577012,-0.6045530039144402,-1.426268937769083,-1.92196383619867,-0.7368611770132139,-1.990221796016424,-0.641220870301997,-1.47869393007147,1.03980254479971,-1.137831727111448,0.3471380039006148,-0.5403066665814471,
-0.8681897531694821,-0.5432134268109754,-1.792620091577012,-0.5930897738911457,-1.426268937769083,-1.92196383619867,-0.7244570888780761,-1.990221796016424,-0.6218163837905504,-1.47869393007147,1.055639243408906,-1.137831727111448,0.3471380039006148,-0.5403066665814471,
-0.8647325950962883,-0.5630573441159772,-1.788657893931555,-0.6258058707509055,-1.426268937769083,-1.921284513226271,-0.7166044795923291,-1.98168873004265,-0.6218163837905504,-1.514604696900577,1.064153967343636,-1.137831727111448,0.3471380039006148,-0.6980464652386184,
-0.8639186140888584,-0.5752672121139051,-1.787967326293668,-0.6239762093517018,-1.420973851724038,-1.921284513226271,-0.7166044795923291,-1.98168873004265,-0.6029602777652165,-1.514604696900577,1.051153373919672,-1.137831727111448,0.3471380039006148,-0.8556291525425492,
-0.8639186140888584,-0.5916016897057504,-1.788627851436689,-0.6255887175120647,-1.420973851724038,-1.921599134562487,-0.7166044795923291,-1.98168873004265,-0.6029602777652165,-1.514604696900577,1.05189356792811,-1.137831727111448,0.3471380039006148,-0.8556291525425492,
-0.8712965591368037,-0.6127129522938112,-1.788627851436689,-0.6391716875755137,-1.420973851724038,-1.921599134562487,-0.7144826900120228,-1.974196129794329,-0.5855127759190063,-1.514604696900577,1.06177682754464,-1.137831727111448,0.3471380039006148,-0.8556291525425492,
-0.8748667448498566,-0.6199094505250454,-1.788527302778387,-0.6554843698477,-1.415988485040243,-1.923261168058813,-0.7188492843585929,-1.974196129794329,-0.5855127759190063,-1.531231560429011,1.053723613042304,-1.137831727111448,0.3471380039006148,-0.8556291525425492,
-0.8772606232696194,-0.6539100944850506,-1.788527302778387,-0.6546665044275761,-1.415988485040243,-1.923261168058813,-0.7188492843585929,-1.974196129794329,-0.5701802113079949,-1.531231560429011,1.032533854192165,-1.137831727111448,0.3471380039006148,-0.8556291525425492,
-0.8772606232696194,-0.6629265396018629,-1.788369628379434,-0.6693840404862883,-1.415988485040243,-1.926622243128813,-0.7188492843585929,-1.974196129794329,-0.5701802113079949,-1.545433504568628,1.062443260330836,-1.137831727111448,0.3471380039006148,-0.8556291525425492,
-0.8806316561223839,-0.6788911091146681,-1.788448914038188,-0.6749879477328901,-1.411685815439238,-1.926622243128813,-0.729898407965485,-1.976292549185729,-0.5575169343238586,-1.545433504568628,1.071462147926236,-1.137831727111448,0.3471380039006148,-0.8556291525425492,
-0.890734345367858,-0.6957255830612751,-1.78949094940725,-0.6763305477121091,-1.411685815439238,-1.931981711072621,-0.729898407965485,-1.982185883425619,-0.5575169343238586,-1.556074029319238,1.08588364864596,-1.137831727111448,0.3471380039006148,-0.8556291525425492,
-0.890734345367858,-0.7143326597987733,-1.793717131085475,-0.7151394142381531,-1.411685815439238,-1.939532818679885,-0.7471368452315001,-1.982185883425619,-0.5479029267532066,-1.556074029319238,1.091979623912404,-1.137831727111448,0.3471380039006148,-0.8556291525425492,
-0.890734345367858,-0.7248438308786487,-1.793717131085475,-0.7111264455501273,-1.411685815439238,-1.939532818679885,-0.7471368452315001,-1.991322754949251,-0.5479029267532066,-1.562245757166715,1.068581083763464,-1.137831727111448,0.3471380039006148,-0.8556291525425492,
-0.8989821804724006,-0.7465646429008398,-1.802327678434012,-0.7304679135800253,-1.411685815439238,-1.939532818679885,-0.769332390216902,-1.991322754949251,-0.541543530291796,-1.562245757166715,1.076798996930503,-1.137831727111448,0.3471380039006148,-0.8556291525425492,
-0.9005390572075914,-0.7681840881752882,-1.810770200383422,-0.7182182924113267,-1.411685815439238,-1.949312717371154,-0.769332390216902,-2.003028907844794,-0.541543530291796,-1.56345316906183,1.083365833692156,-1.137831727111448,0.3471380039006148,-1.025152302693079,
-0.9042422818512263,-0.7848618920220141,-1.817202619874163,-0.7284537947070827,-1.40845116456285,-1.949312717371154,-0.7945892561920938,-2.003028907844794,-0.5385166834471381,-1.56345316906183,1.071582011379481,-1.137831727111448,0.3471380039006148,-1.025152302693079,
-0.9117217847144863,-0.7826468549238487,-1.820479179900727,-0.7376093066976864,-1.40845116456285,-1.961158337012098,-0.7945892561920938,-2.003028907844794,-0.5385166834471381,-1.559756793394979,1.051672730423164,-1.137831727111448,0.3471380039006148,-1.025152302693079,
-0.9175553842968643,-0.7950285513501956,-1.820479179900727,-0.7357651254024293,-1.40845116456285,-1.961158337012098,-0.8205449510810915,-2.016731185395256,-0.5388511336026449,-1.559756793394979,1.022538114423884,-1.137831727111448,0.3471380039006148,-1.025152302693079,
-0.9216263188307776,-0.8037785783746831,-1.822104736089602,-0.7400543975705485,-1.406628999217284,-1.974666760388532,-0.8205449510810915,-2.016731185395256,-0.5388511336026449,-1.551845733541433,0.9882783269321365,-1.137831727111448,0.3232296525585884,-1.025152302693079,
-0.9216263188307776,-0.8065840584083791,-1.823688359778358,-0.7379409586787988,-1.406628999217284,-1.974666760388532,-0.8446224724441197,-2.03207217971012,-0.5426107779846455,-1.551845733541433,1.000693552529636,-1.137831727111448,0.3232296525585884,-1.025152302693079,
-0.9277187208889367,-0.8070814246824779,-1.830005429818888,-0.7469126855032941,-1.406628999217284,-1.989169394411146,-0.8446224724441197,-2.048896165397632,-0.5426107779846455,-1.541012392093753,1.012608790354776,-1.137831727111448,0.3232296525585884,-1.025152302693079,
-0.9305641049891175,-0.8108128213017579,-1.830836521708948,-0.746674349087816,-1.406467022803159,-1.989169394411146,-0.864290277637063,-2.048896165397632,-0.549970874178248,-1.541012392093753,1.009597555979671,-1.137831727111448,0.3232296525585884,-0.8556291525425492,
-0.9442588316943955,-0.8121704391824379,-1.83238949628665,-0.7447048339059885,-1.406467022803159,-2.003747201834304,-0.864290277637063,-2.067148209981082,-0.549970874178248,-1.529021608843346,1.012314065088486,-1.137831727111448,0.2993213012165638,-0.8556291525425492,
-0.9442588316943955,-0.8117777899240075,-1.833219599322622,-0.747723656518076,-1.406467022803159,-2.003747201834304,-0.8773257745726316,-2.067148209981082,-0.5612606769340159,-1.529021608843346,1.009711404855939,-1.137831727111448,0.2993213012165638,-0.8556291525425492,
-0.9678144149273925,-0.8117777899240075,-1.833577273762776,-0.7449070493228231,-1.408081660113372,-2.017305769216538,-0.8773257745726316,-2.067148209981082,-0.5612606769340159,-1.517890500905261,0.9668326154265511,-1.137831727111448,0.2993213012165638,-0.8556291525425492,
-0.9774895585430675,-0.8100767516576017,-1.839170787640308,-0.7500734522960085,-1.408081660113372,-2.017305769216538,-0.8820620696998682,-2.086737046142769,-0.5769216438745377,-1.517890500905261,0.9802177360078312,-1.137831727111448,0.2993213012165638,-0.8556291525425492,
-0.9774895585430675,-0.8069185414229426,-1.84567422494304,-0.7409607392940174,-1.408081660113372,-2.017305769216538,-0.8820620696998682,-2.086737046142769,-0.5769216438745377,-1.50961135989518,0.9664556734730516,-1.137831727111448,0.2993213012165638,-0.8556291525425492,
-0.9959067320939607,-0.8006091694565657,-1.850871586510764,-0.7501558924370618,-1.411462687083872,-2.017305769216538,-0.8775656154290974,-2.107393446333533,-0.5973463138805553,-1.50961135989518,0.9917937638532092,-1.137831727111448,0.2993213012165638,-0.8556291525425492,
-1.006779897692311,-0.7856700475504971,-1.856149449592888,-0.7546335341232308,-1.411462687083872,-2.028695205746691,-0.8775656154290974,-2.107393446333533,-0.5973463138805553,-1.505864746155676,1.019729745198586,-1.137831727111448,0.2993213012165638,-0.8556291525425492,
-1.024936181716717,-0.781540176025828,-1.868136364146175,-0.7526812999805854,-1.411462687083872,-2.028695205746691,-0.8637104207167365,-2.128557227121139,-0.6226361224342576,-1.505864746155676,1.011180242866398,-1.137831727111448,0.2993213012165638,-1.015725621498399,
-1.031272974540805,-0.7648345118600323,-1.871014666757429,-0.7627575835310387,-1.416509124738431,-2.036846362343848,-0.8637104207167365,-2.128557227121139,-0.6226361224342576,-1.507784184210806,0.9962974262999454,-1.137831727111448,0.2993213012165638,-0.8344191198545824,
-1.033333812444368,-0.7497560204496496,-1.870994601306371,-0.7695983383350202,-1.416509124738431,-2.036846362343848,-0.8637104207167365,-2.149337906057262,-0.6523771772447716,-1.507784184210806,1.011121827300933,-1.137831727111448,0.2754129498745374,-0.8344191198545824,
-1.036153879008918,-0.7389287641758457,-1.870387690383232,-0.7834767247041894,-1.416509124738431,-2.040906047905549,-0.8637104207167365,-2.168573873768573,-0.6523771772447716,-1.515822098698575,1.030453142033738,-1.137831727111448,0.2754129498745374,-0.6721230919533295,
-1.038344436520198,-0.7251055152477759,-1.869384471399621,-0.7699722815024096,-1.423068267808645,-2.040906047905549,-0.8411597165642082,-2.168573873768573,-0.6855259048998206,-1.515822098698575,1.047035170331852,-1.137831727111448,0.2754129498745374,-0.6721230919533295,
-1.038412995155586,-0.7294559004269726,-1.869384471399621,-0.780994565002035,-1.423068267808645,-2.040356346753704,-0.8411597165642082,-2.168573873768573,-0.6855259048998206,-1.529725086772132,1.002205763029041,-1.137831727111448,0.2754129498745374,-0.6721230919533295,
-1.035568110937987,-0.7417626723512138,-1.869384471399621,-0.8067449127091253,-1.423068267808645,-2.040356346753704,-0.7760369335355227,-2.184962571041063,-0.7204476623139378,-1.529725086772132,0.9854216199328675,-1.137831727111448,0.2754129498745374,-0.6721230919533295,
-1.035568110937987,-0.755766685139935,-1.868811319578519,-0.8016540716306663,-1.430952574161871,-2.035093689803821,-0.7760369335355227,-2.184962571041063,-0.7204476623139378,-1.54859233923918,0.9803306405932852,-1.137831727111448,0.2754129498745374,-0.6721230919533295,
-1.029911256015059,-0.7797203665002176,-1.867159088461202,-0.8127414574221098,-1.430952574161871,-2.035093689803821,-0.7760369335355227,-2.197204266079782,-0.7550971501365586,-1.54859233923918,1.007486203214289,-1.137831727111448,0.2754129498745374,-0.6721230919533295,
-1.02230726136415,-0.7878655520106227,-1.864340607588181,-0.8095578715561808,-1.430952574161871,-2.025444036315119,-0.7760369335355227,-2.197204266079782,-0.7550971501365586,-1.570984660668752,0.9915060444066714,-1.137831727111448,0.2754129498745374,-0.6721230919533295,
-1.007022661557702,-0.8130665007824222,-1.862166937778559,-0.8138019452853584,-1.439925587954057,-2.025444036315119,-0.6990354661690329,-2.204124062945483,-0.7550971501365586,-1.570984660668752,1.013295966956003,-1.137831727111448,0.2754129498745374,-0.6721230919533295,
-1.004839295356059,-0.8375742814143206,-1.860459980260165,-0.822642824113394,-1.439925587954057,-2.012111591046116,-0.6990354661690329,-2.204769055599848,-0.7550971501365586,-1.5950580056986,0.9954434706239603,-1.137831727111448,0.2754129498745374,-0.8556291525425492,
-1.003773334664601,-0.8493257476215879,-1.860364322825111,-0.833510908617586,-1.439925587954057,-2.012111591046116,-0.6990354661690329,-2.204769055599848,-0.8148802233034241,-1.5950580056986,0.9808133231717688,-1.137831727111448,0.2754129498745374,-0.8556291525425492,
-1.003773334664601,-0.8588968450253568,-1.859880161112853,-0.8224701593322619,-1.449668120138681,-1.996076829545913,-0.6990354661690329,-2.204769055599848,-0.8148802233034241,-1.618704369836594,0.9929278826474054,-1.137831727111448,0.2515045985325111,-0.8556291525425492,
-1.003773334664601,-0.8660006021557529,-1.858205655737559,-0.8214904466332058,-1.449668120138681,-1.996076829545913,-0.6623290363177093,-2.204769055599848,-0.8148802233034241,-1.618704369836594,1.002904279145989,-1.137831727111448,0.2515045985325111,-0.8556291525425492,
-1.000584765956206,-0.8664014023126434,-1.858205655737559,-0.8275851452879143,-1.449668120138681,-1.978448800975125,-0.6623290363177093,-2.19848363627913,-0.8148802233034241,-1.639696697846362,0.9967218009309796,-1.137831727111448,0.2515045985325111,-1.013368951199756,
-0.9853605860853049,-0.8570328214986268,-1.848327214623152,-0.8290915720555284,-1.459752685908898,-1.978448800975125,-0.6032623072833163,-2.184965716070963,-0.8491318474890029,-1.639696697846362,0.9868625308571354,-1.137831727111448,0.2515045985325111,-1.013368951199756,
-0.9853605860853049,-0.8558838409137699,-1.848327214623152,-0.8341941093766042,-1.459752685908898,-1.960277200307561,-0.6032623072833163,-2.164313038567793,-0.8491318474890029,-1.655847463976007,0.9866840930086367,-1.137831727111448,0.2515045985325111,-1.013368951199756,
-0.9671545659295697,-0.8576025080182741,-1.837760404979285,-0.8375052730399591,-1.459752685908898,-1.960277200307561,-0.6032623072833163,-2.164313038567793,-0.8529224219667894,-1.655847463976007,0.9541953745749099,-1.137831727111448,0.2515045985325111,-1.013368951199756,
-0.9671545659295697,-0.8622530503125264,-1.832516643988565,-0.8330611465452308,-1.469650915272123,-1.942380785061498,-0.6032623072833163,-2.164313038567793,-0.8529224219667894,-1.665191183319087,0.9305589328025536,-1.137831727111448,0.2275962471904847,-1.013368951199756,
-0.9548767893019485,-0.8945125573124889,-1.830081452516114,-0.8431845470091658,-1.469650915272123,-1.942380785061498,-0.5709677324570986,-2.164313038567793,-0.8529224219667894,-1.665191183319087,0.9443997981183492,-1.137831727111448,0.2275962471904847,-1.013368951199756,
-0.9548767893019485,-0.9046693663301502,-1.827906018428724,-0.8398701961003451,-1.469650915272123,-1.925270277407474,-0.5709677324570986,-2.1370646559125,-0.8529224219667894,-1.666186144957094,0.902623181408362,-1.137831727111448,0.2275962471904847,-1.013368951199756,
-0.9548767893019485,-0.914856598829486,-1.828899193103176,-0.8349377091219764,-1.478776356257351,-1.925270277407474,-0.5709677324570986,-2.104224355781786,-0.8465649559839276,-1.666186144957094,0.8905141782192878,-1.137831727111448,0.2275962471904847,-1.013368951199756,
-0.9529429808645306,-0.9297680812398293,-1.83190999126318,-0.8386911917742397,-1.478776356257351,-1.909170994276308,-0.5709677324570986,-2.104224355781786,-0.8465649559839276,-1.657908293018438,0.8694825563242667,-1.137831727111448,0.2275962471904847,-1.013368951199756,
-0.9604532449045524,-0.963347639107327,-1.83190999126318,-0.8273722653955811,-1.478776356257351,-1.909170994276308,-0.5651351389956493,-2.067233902344382,-0.8297976945115995,-1.657908293018438,0.9124807934195331,-1.137831727111448,0.2275962471904847,-1.013368951199756,
-0.9622576733301271,-0.9778175897889108,-1.835047843449573,-0.821846266213337,-1.486549327115584,-1.894077190917233,-0.5651351389956493,-2.067233902344382,-0.8297976945115995,-1.640196665687177,0.9931482865436768,-1.137831727111448,0.2515045985325111,-1.013368951199756,
-0.9648414367776377,-1.004248009910588,-1.836029985726056,-0.8106454339553744,-1.486549327115584,-1.894077190917233,-0.5651582401095411,-2.067233902344382,-0.8030589898635716,-1.640196665687177,1.020115236826732,-1.137831727111448,0.2515045985325111,-1.013368951199756,
-0.9644215642269304,-1.027608767423333,-1.838558042247032,-0.7973163098135381,-1.486549327115584,-1.879788297910765,-0.5651582401095411,-2.027865581713724,-0.8030589898635716,-1.613714744574708,0.9955229985096399,-1.137831727111448,0.2515045985325111,-1.013368951199756,
-0.9712019361424549,-1.037899008166708,-1.841851328516684,-0.7842088488374233,-1.492468307950861,-1.879788297910765,-0.5698194538963364,-2.027865581713724,-0.7675637464242329,-1.613714744574708,0.9958516793449439,-1.137831727111448,0.2515045985325111,-1.013368951199756,
-0.9712019361424549,-1.040427781337963,-1.852602848598079,-0.7767742700754837,-1.492468307950861,-1.865940545764594,-0.5777789284094673,-1.988038760050027,-0.7675637464242329,-1.579904598732386,1.004241021322045,-1.137831727111448,0.2515045985325111,-1.013368951199756,
-0.9780148035477109,-1.041086592898896,-1.86074258358251,-0.763370362674894,-1.492468307950861,-1.865940545764594,-0.5777789284094673,-1.949605563179222,-0.725312025822772,-1.579904598732386,1.000188096246922,-1.137831727111448,0.2515045985325111,-1.013368951199756,
-0.9917664120832765,-1.033324164484533,-1.863546347632559,-0.7545110761170828,-1.496172054665978,-1.852077955255987,-0.5777789284094673,-1.949605563179222,-0.725312025822772,-1.579904598732386,0.9554652605405275,-1.137831727111448,0.2515045985325111,-1.013368951199756,
-0.9992813348979217,-1.021938103580114,-1.866511120713444,-0.7394563785340356,-1.496172054665978,-1.852077955255987,-0.5877763863725557,-1.949605563179222,-0.67897791880311,-1.579904598732386,1.004097412375529,-1.137831727111448,0.2515045985325111,-1.013368951199756,
-1.005688557428001,-1.010427585741063,-1.866627403099705,-0.7314327914117602,-1.496172054665978,-1.837786943352283,-0.5877763863725557,-1.914156138671095,-0.67897791880311,-1.540820905637385,0.9705287482162313,-1.137831727111448,0.2515045985325111,-1.013368951199756,
-1.01150920442999,-1.000560325178413,-1.868368400917091,-0.7136036410392005,-1.497479986749079,-1.837786943352283,-0.5987829754858469,-1.882868197909282,-0.6316285346899286,-1.540820905637385,0.9825072286381515,-1.137831727111448,0.2515045985325111,-1.013368951199756,
-1.018682905492976,-1.000625173455793,-1.875875160758105,-0.7233092903113014,-1.497479986749079,-1.822871400284932,-0.5987829754858469,-1.882868197909282,-0.6316285346899286,-1.498851358953171,0.9902863309120727,-1.137831727111448,0.2515045985325111,-1.013368951199756,
-1.023545959440623,-1.0019301972898,-1.883227700551155,-0.6919559816827605,-1.497479986749079,-1.822871400284932,-0.6100613927963846,-1.882868197909282,-0.5863047038028549,-1.498851358953171,0.9961582591958056,-1.137831727111448,0.2275962471904847,-1.013368951199756,
-1.029556902233963,-0.9772521029973672,-1.886274030300105,-0.6748636218890456,-1.496408136248779,-1.807504899647955,-0.6100613927963846,-1.856404207845393,-0.5863047038028549,-1.456367810227488,0.9885861344801853,-1.137831727111448,0.2275962471904847,-1.013368951199756,
-1.033019158055924,-0.9716306989182161,-1.886274030300105,-0.6804077271035078,-1.496408136248779,-1.807504899647955,-0.6211348430591804,-1.834863821289729,-0.5455926269978916,-1.456367810227488,1.040421883578698,-1.137831727111448,0.2275962471904847,-1.013368951199756,
-1.031804875887398,-0.9326657749260043,-1.883284098120498,-0.6714658478390823,-1.496408136248779,-1.792293770652955,-0.6211348430591804,-1.834863821289729,-0.5455926269978916,-1.415390935600638,1.043451819475003,-1.137831727111448,0.2275962471904847,-1.013368951199756,
-1.031804875887398,-0.922861036314897,-1.882353973756218,-0.6564755049584524,-1.493163464897296,-1.792293770652955,-0.6317073108023267,-1.834863821289729,-0.5113303837469851,-1.415390935600638,1.043609661920577,-1.137831727111448,0.2275962471904847,-1.013368951199756,
-1.026467905409565,-0.9038802256363647,-1.882353973756218,-0.6478711777684907,-1.493163464897296,-1.778226579240566,-0.6317073108023267,-1.817817618697051,-0.5113303837469851,-1.37735637057791,1.058724943333588,-1.137831727111448,0.2275962471904847,-1.013368951199756,
-1.026467905409565,-0.8756959927463747,-1.881681795577106,-0.6409452663833924,-1.493163464897296,-1.778226579240566,-0.6415926528770718,-1.804452537108597,-0.4845095326180708,-1.37735637057791,1.043001892024267,-1.137831727111448,0.2275962471904847,-1.013368951199756,
-1.026467905409565,-0.860088866305408,-1.880974934944355,-0.6451366872852353,-1.48811745192763,-1.766545054184511,-0.6415926528770718,-1.804452537108597,-0.4845095326180708,-1.343028892927875,1.007991318996063,-1.137831727111448,0.2275962471904847,-1.189805000893011,
-1.026467905409565,-0.8560738608336299,-1.879739163318254,-0.6277378025750803,-1.48811745192763,-1.766545054184511,-0.6506883684909236,-1.793823164981732,-0.4653390326719243,-1.343028892927875,1.007017136360245,-1.137831727111448,0.2275962471904847,-1.208658363282299,
-1.022452057286062,-0.8455770587842706,-1.873889538145665,-0.6264240913986387,-1.48811745192763,-1.75859346721584,-0.6506883684909236,-1.793823164981732,-0.4653390326719243,-1.31255493409974,1.020960599967423,-1.137831727111448,0.2275962471904847,-1.208658363282299,
-1.022534413522135,-0.8227690704722863,-1.871611238930921,-0.624051496777987,-1.481759926851667,-1.75859346721584,-0.658986837730427,-1.793823164981732,-0.4534066413119177,-1.31255493409974,1.0207856132137,-1.137831727111448,0.2275962471904847,-1.208658363282299,
-1.033641312203538,-0.8167326292285648,-1.866333992390136,-0.6205431420869508,-1.481759926851667,-1.755669917854439,-0.6665931789491067,-1.793823164981732,-0.4534066413119177,-1.285612784541467,1.012218110324092,-1.137831727111448,0.2275962471904847,-1.208658363282299,
-1.031941023668422,-0.8156304235643476,-1.863502416799564,-0.6085192960618734,-1.481759926851667,-1.755669917854439,-0.6665931789491067,-1.777930171986048,-0.4478749091151553,-1.285612784541467,1.059175092886613,-1.137831727111448,0.2275962471904847,-1.208658363282299,
-0.991106531727783,-0.8051535642167933,-1.857920477536521,-0.6037300164785188,-1.474640669126777,-1.758872150711124,-0.6665931789491067,-1.777930171986048,-0.4478749091151553,-1.261614503815037,1.020954260662654,-1.137831727111448,0.2275962471904847,-1.208658363282299,
-0.991106531727783,-0.7965915479742502,-1.847185279349152,-0.5985126136079613,-1.474640669126777,-1.758872150711124,-0.6737233522005374,-1.772155004602227,-0.4476495992882181,-1.261614503815037,1.004554731147281,-1.137831727111448,0.2275962471904847,-1.208658363282299,
-0.991106531727783,-0.7914165544513614,-1.844553444203224,-0.580790250249134,-1.474640669126777,-1.768946166385299,-0.6737233522005374,-1.772155004602227,-0.4476495992882181,-1.239910428128904,0.9944964129667841,-1.137831727111448,0.2275962471904847,-0.7874428252345672,
-0.991106531727783,-0.7942610188157043,-1.841121667370883,-0.5766444800849605,-1.467311617292066,-1.768946166385299,-0.6806679611882465,-1.772155004602227,-0.4514830156650942,-1.239910428128904,0.9962582950120727,-1.137831727111448,0.2275962471904847,-0.6155630047853943,
-0.991106531727783,-0.7821012278725397,-1.838474082690926,-0.5646285946941664,-1.467311617292066,-1.786173731090953,-0.6806679611882465,-1.772155004602227,-0.4514830156650942,-1.219946062843605,1.036138173854591,-1.137831727111448,0.2275962471904847,-0.6155630047853943,
-0.9546701735167092,-0.7740632383106001,-1.834651721614821,-0.5557394903371103,-1.467311617292066,-1.786173731090953,-0.6877316082216577,-1.768052782235076,-0.4580323422965935,-1.219946062843605,1.063992360936747,-1.137831727111448,0.2275962471904847,-0.7874428252345672,
-0.9546701735167092,-0.7733438208182926,-1.833831266168268,-0.5602501658240461,-1.46027923999511,-1.8103302464458,-0.6877316082216577,-1.768052782235076,-0.4580323422965935,-1.201342668948463,1.052250888174108,-1.137831727111448,0.2275962471904847,-0.1662245345069713,
-0.9546701735167092,-0.7686839911155602,-1.831315664604718,-0.5629836727175714,-1.46027923999511,-1.840711964270761,-0.6951830576166151,-1.766019825388125,-0.4659247927120749,-1.201342668948463,1.092336558027972,-1.137831727111448,0.2275962471904847,0.1632379732461325,
-0.9546701735167092,-0.7671969535527844,-1.829057429033005,-0.5434773522614222,-1.46027923999511,-1.840711964270761,-0.7032367498658488,-1.766019825388125,-0.4659247927120749,-1.183912797964909,1.092518462221267,-1.137831727111448,0.2036878958484583,-0.2226275103216304,
-0.9414965369791766,-0.7616711021682468,-1.82796022225361,-0.5376213717678767,-1.46027923999511,-1.840711964270761,-0.7032367498658488,-1.766446341909234,-0.4738490212544549,-1.183912797964909,1.095507455961845,-1.137831727111448,0.2036878958484583,-0.2226275103216304,
-0.9290294937311867,-0.7576415168486924,-1.826905214260422,-0.539418380768683,-1.46027923999511,-1.876209823468368,-0.7032367498658488,-1.766446341909234,-0.4738490212544549,-1.167647122489778,1.112143204046993,-1.137831727111448,0.2036878958484583,0.02450864833148965,
-0.9290294937311867,-0.7508659027656446,-1.826905214260422,-0.532884035659975,-1.453970271940119,-1.876209823468368,-0.7120469961379574,-1.769621614032186,-0.4806459741639302,-1.167647122489778,1.139649404710869,-1.137831727111448,0.2036878958484583,-0.1403011612216825,
-0.9238109182159371,-0.7428898475230706,-1.825358566118369,-0.5329025526194642,-1.448711792459113,-1.915407814028699,-0.7120469961379574,-1.769621614032186,-0.4806459741639302,-1.152701801090752,1.146748406713519,-1.137831727111448,0.2036878958484583,-0.1403011612216825,
-0.914666939375735,-0.7353531009550485,-1.823062696120808,-0.5357078668226537,-1.448711792459113,-1.915407814028699,-0.7216860501992595,-1.775726377002333,-0.485368499343944,-1.152701801090752,1.17488059925039,-1.137831727111448,0.2036878958484583,-0.1403011612216825,
-0.9117454728525941,-0.7335930430305,-1.818728800481448,-0.5300393185226943,-1.448711792459113,-1.956678874187991,-0.7216860501992595,-1.775726377002333,-0.485368499343944,-1.139388953585224,1.178410846023882,-1.137831727111448,0.2036878958484583,-0.1403011612216825,
-0.9080462615963153,-0.7332959725499868,-1.817340518236518,-0.5226462080973635,-1.444725028991034,-1.956678874187991,-0.7321033319609667,-1.784857106724087,-0.4873082328713053,-1.139388953585224,1.187360694154642,-1.137831727111448,0.2036878958484583,-0.1403011612216825,
-0.9000520644700949,-0.7281262869041121,-1.809757079706975,-0.5314203684372188,-1.444725028991034,-1.998249102751777,-0.7321033319609667,-1.784857106724087,-0.4873082328713053,-1.128153257826184,1.214880477623724,-1.137831727111448,0.2036878958484583,-0.1403011612216825,
-0.8913565077645241,-0.7237799866095319,-1.805031270569186,-0.5231327227321859,-1.444725028991034,-1.998249102751777,-0.7430897566860759,-1.796999324306162,-0.4860183114397099,-1.128153257826184,1.214074140587124,-1.137831727111448,0.2036878958484583,-0.1403011612216825,
-0.8798265869831595,-0.7174710438691857,-1.802917940411622,-0.5251946150739104,-1.442128570903851,-2.038232114868185,-0.7430897566860759,-1.811951971205541,-0.4860183114397099,-1.11952335453547,1.221483211080713,-1.137831727111448,0.2036878958484583,-0.1403011612216825,
-0.8507224300524845,-0.7104856847828562,-1.796428160574489,-0.5406047601883954,-1.442128570903851,-2.038232114868185,-0.7542716294994212,-1.811951971205541,-0.481363279951488,-1.11952335453547,1.233772376880355,-1.137831727111448,0.2036878958484583,-0.3025971891229353,
-0.8507224300524845,-0.7039093903925555,-1.791650942210523,-0.5418112735290087,-1.442128570903851,-2.074672114104312,-0.7542716294994212,-1.829294879351519,-0.481363279951488,-1.114043382663613,1.247514610765284,-1.137831727111448,0.2036878958484583,-0.3025971891229353,
-0.8178298874296688,-0.7024738046295418,-1.789686854514841,-0.5671458083267922,-1.440945187285884,-2.074672114104312,-0.7651420421101917,-1.829294879351519,-0.4735855043568889,-1.114043382663613,1.280914393610585,-1.137831727111448,0.2036878958484583,-0.4768336798707871,
-0.8104932627267082,-0.6976907857292648,-1.787616743578741,-0.5717888121621889,-1.440945187285884,-2.105633597948508,-0.7651420421101917,-1.848449301741853,-0.4735855043568889,-1.112194168231556,1.280373439362236,-1.137831727111448,0.2036878958484583,-0.4768336798707871,
-0.8066865556605703,-0.702876299793678,-1.777830297012491,-0.5854115945203804,-1.440945187285884,-2.105633597948508,-0.7751272956830708,-1.848449301741853,-0.4633356968537108,-1.112194168231556,1.29572629770577,-1.137831727111448,0.2036878958484583,-0.2955271782269702,
-0.8065070692489681,-0.7098720868080621,-1.777830297012491,-0.6095377066913457,-1.441108621671685,-2.129341302733792,-0.7751272956830708,-1.868768284614522,-0.4633356968537108,-1.114310491436641,1.312981888164813,-1.137831727111448,0.2036878958484583,-0.4579803174814635,
-0.7929585902751093,-0.7183743838670171,-1.767348489104995,-0.6096214352392895,-1.441108621671685,-2.129341302733792,-0.7751272956830708,-1.868768284614522,-0.4516394469059102,-1.114310491436641,1.296887273290231,-1.137831727111448,0.2036878958484583,-0.4579803174814635,
-0.7592592284318112,-0.7176109320777466,-1.762864019019204,-0.6132567598834455,-1.441108621671685,-2.144341634025584,-0.7836857644586358,-1.868768284614522,-0.4516394469059102,-1.120504622146866,1.237727393302944,-1.137831727111448,0.2036878958484583,-0.4579803174814635,
-0.7592592284318112,-0.7161529823247402,-1.759517669642608,-0.64428502016026,-1.442470672616893,-2.144341634025584,-0.7904292443812623,-1.889575809683824,-0.4398208511004911,-1.120504622146866,1.24366423424548,-1.137831727111448,0.1797795445064337,-0.6155630047853943,
-0.7366528964867024,-0.7184271278978803,-1.751667284851979,-0.6498281011598153,-1.442470672616893,-2.149657505827906,-0.7904292443812623,-1.889575809683824,-0.4398208511004911,-1.1306130521347,1.253673173056819,-1.137831727111448,0.1797795445064337,-0.6155630047853943,
-0.724700073532028,-0.7201471947254685,-1.74951745469423,-0.6746467769168746,-1.442470672616893,-2.149657505827906,-0.7904292443812623,-1.910153575454418,-0.4294006672734235,-1.1306130521347,1.257604232237037,-1.137831727111448,0.1797795445064337,-0.6155630047853943,
-0.724700073532028,-0.7192481874192328,-1.736477731823099,-0.6909523330653723,-1.444813832027944,-2.144928254522296,-0.7904292443812623,-1.910153575454418,-0.4294006672734235,-1.144184023254696,1.209238561241339,-1.137831727111448,0.1797795445064337,-0.6155630047853943,
-0.724700073532028,-0.7233908557184128,-1.736477731823099,-0.7311760632533778,-1.444813832027944,-2.144928254522296,-0.7952337629393808,-1.929724292946726,-0.4294006672734235,-1.144184023254696,1.221518634083724,-1.137831727111448,0.1797795445064337,-0.4556236471828203,
-0.7125973349607949,-0.7423346563128697,-1.724730953150431,-0.7344210765632349,-1.444813832027944,-2.130523307516275,-0.7952337629393808,-1.947462210988605,-0.4294006672734235,-1.144184023254696,1.168464301061839,-1.137831727111448,0.1797795445064337,-0.6391297077720399,
-0.6766482417569333,-0.7514488035933106,-1.724730953150431,-0.7703237083869565,-1.447876264985974,-2.130523307516275,-0.8000870883646102,-1.947462210988605,-0.4190183055141571,-1.144184023254696,1.135335699076711,-1.137831727111448,0.1797795445064337,-0.808652857922534,
-0.6535881580704614,-0.7588245180502229,-1.713193751112046,-0.7849281237208163,-1.447876264985974,-2.130523307516275,-0.8000870883646102,-1.947462210988605,-0.4190183055141571,-1.178694440646009,1.134343637876287,-1.137831727111448,0.1797795445064337,-0.808652857922534,
-0.6217231118737124,-0.7698971611857658,-1.712304219972936,-0.8092202202437164,-1.447876264985974,-2.10758985976909,-0.8000870883646102,-1.96253363951474,-0.421838936104385,-1.178694440646009,1.156494373376247,-1.137831727111448,0.1797795445064337,-0.9685922155251436,
-0.6217231118737124,-0.7793586113040099,-1.711558378196504,-0.8251377389399612,-1.451388206084111,-2.10758985976909,-0.8000870883646102,-1.96253363951474,-0.421838936104385,-1.197700372361866,1.162430796205011,-1.137831727111448,0.1797795445064337,-0.9685922155251436,
-0.6217231118737124,-0.7834794933252339,-1.709229688642888,-0.8538329941775652,-1.451388206084111,-2.10758985976909,-0.8012948085540607,-1.974166034906722,-0.421838936104385,-1.197700372361866,1.206747454140512,-1.137831727111448,0.1797795445064337,-1.126332014182351,
-0.6217231118737124,-0.7961293688153623,-1.705222676628951,-0.8816523988986031,-1.451388206084111,-2.077980049659578,-0.8012948085540607,-1.981741693307327,-0.421838936104385,-1.197700372361866,1.193738464344869,-1.137831727111448,0.1797795445064337,-1.126332014182351,
-0.5779624984246771,-0.8092763612922504,-1.699914385922702,-0.9136277618651639,-1.455108158534486,-2.077980049659578,-0.8050146593400063,-1.981741693307327,-0.4479914318090734,-1.197700372361866,1.173654130945543,-1.137831727111448,0.1797795445064337,-0.9685922155251436,
-0.562780734430719,-0.8134277001189542,-1.699914385922702,-0.9092910954433475,-1.455108158534486,-2.044028548741972,-0.8050146593400063,-1.981741693307327,-0.4479914318090734,-1.216424569513282,1.163132061587847,-1.137831727111448,0.1797795445064337,-0.9685922155251436,
-0.5622860534632463,-0.8184809848505292,-1.688332352742838,-0.9170309037068006,-1.455108158534486,-2.044028548741972,-0.8050146593400063,-1.984888656239428,-0.4715870524434926,-1.216424569513282,1.203500013120316,-1.137831727111448,0.1797795445064337,-0.9685922155251436,
-0.553745243171214,-0.8238968199877145,-1.67752794189177,-0.9331378168617664,-1.458846223263634,-2.008212806326972,-0.8050146593400063,-1.984888656239428,-0.4715870524434926,-1.233776210180964,1.217170542869603,-1.137831727111448,0.1797795445064337,-0.9685922155251436,
-0.5424808563641595,-0.8343560467693141,-1.676488160773437,-0.9433660440925833,-1.458846223263634,-2.008212806326972,-0.814660816541882,-1.98352991494327,-0.4715870524434926,-1.233776210180964,1.233765116725444,-1.137831727111448,0.1797795445064337,-0.9685922155251436,
-0.537936288187894,-0.8504502177427902,-1.67674406704056,-0.9601104816857763,-1.458846223263634,-1.972796512652964,-0.814660816541882,-1.98352991494327,-0.4715870524434926,-1.248787700704851,1.208778072878647,-1.137831727111448,0.1797795445064337,-0.9685922155251436,
-0.5283786615570173,-0.8638772514623596,-1.675003388781424,-0.9824633374317235,-1.462469326175496,-1.972796512652964,-0.814660816541882,-1.977888008609208,-0.5012857337960789,-1.248787700704851,1.200845088194337,-1.137831727111448,0.1797795445064337,-0.9685922155251436,
-0.523621764069543,-0.8738496080813425,-1.67058463194359,-0.9986537095004132,-1.462469326175496,-1.93957457879879,-0.814660816541882,-1.977888008609208,-0.5012857337960789,-1.260725289738672,1.216678206450024,-1.137831727111448,0.1797795445064337,-0.9685922155251436,
-0.5044178527356873,-0.8873927532265306,-1.668237305148448,-1.000216659846134,-1.462469326175496,-1.93957457879879,-0.8222596259981209,-1.968476508715609,-0.5355918287203717,-1.260725289738672,1.199068585243518,-1.137831727111448,0.1797795445064337,-0.9685922155251436,
-0.4984386842952561,-0.9014099241592856,-1.666362535469693,-1.012220493968312,-1.465888394112715,-1.909778011372018,-0.8222596259981209,-1.968476508715609,-0.5355918287203717,-1.269178032966063,1.216625071221054,-1.137831727111448,0.1797795445064337,-0.9685922155251436,
-0.4955893268543594,-0.914474053320267,-1.664302065364512,-1.037146329355874,-1.465888394112715,-1.909778011372018,-0.8312159175379531,-1.956083900167452,-0.572535811706783,-1.269178032966063,1.212478230250879,-1.137831727111448,0.1797795445064337,-0.9685922155251436,
-0.4976076721648215,-0.9372480421783631,-1.664490807871388,-1.035734410155577,-1.465888394112715,-1.88412115439478,-0.8312159175379531,-1.956083900167452,-0.572535811706783,-1.274117054203033,1.20205579699944,-1.137831727111448,0.1797795445064337,-0.9685922155251436,
-0.4998407635975821,-0.9412969245290431,-1.665981917773176,-1.028705598901621,-1.469029922797448,-1.88412115439478,-0.8407345630189552,-1.941706580267835,-0.6099489427725767,-1.274117054203033,1.199431805678554,-1.137831727111448,0.1558711931644073,-0.9685922155251436,
-0.4998407635975821,-0.9620549366803564,-1.665981917773176,-1.029970465084431,-1.469029922797448,-1.862940546792332,-0.8499614286534592,-1.941706580267835,-0.6099489427725767,-1.275923645345237,1.178314686748554,-1.137831727111448,0.1558711931644073,-0.9685922155251436,
-0.4952418027506293,-0.9694146204622688,-1.668602512046273,-1.031955054917532,-1.469029922797448,-1.862940546792332,-0.8499614286534592,-1.926390330509673,-0.6457554751947695,-1.275923645345237,1.182831300383184,-1.137831727111448,0.1558711931644073,-0.9685922155251436,
-0.4827436894490848,-0.9823091828074878,-1.669344009029474,-1.03812150257993,-1.471800114792954,-1.846360520162245,-0.8499614286534592,-1.926390330509673,-0.6457554751947695,-1.275377798359764,1.161466495509491,-1.137831727111448,0.1558711931644073,-0.9685922155251436,
-0.4734273256061228,-1.002932022472862,-1.671489334233162,-1.040792199118404,-1.471800114792954,-1.846360520162245,-0.8583108329408374,-1.911004975745611,-0.6781948918201519,-1.275377798359764,1.17958542115075,-1.137831727111448,0.1558711931644073,-0.9685922155251436,
-0.4752690707947117,-1.018589870216839,-1.672463215901266,-1.030684666497225,-1.471800114792954,-1.834409633307927,-0.8583108329408374,-1.911004975745611,-0.6781948918201519,-1.273587444103789,1.151976851765358,-1.137831727111448,0.1558711931644073,-0.9685922155251436,
-0.4799688003235801,-1.027248619845882,-1.672463215901266,-1.016214690440832,-1.474055508352019,-1.834409633307927,-0.8656868602685818,-1.896041562979067,-0.7059477498380461,-1.273587444103789,1.155584340855564,-1.137831727111448,0.1558711931644073,-0.9685922155251436,
-0.4748405365552939,-1.03584638480232,-1.674822917351011,-1.026579308844598,-1.474055508352019,-1.827045802359723,-0.8725008753022059,-1.896041562979067,-0.7059477498380461,-1.271843966917175,1.169489506413065,-1.137831727111448,0.1558711931644073,-0.808652857922534,
-0.4705969512070696,-1.037443351471731,-1.677458557897064,-1.027133757863922,-1.474055508352019,-1.827045802359723,-0.8725008753022059,-1.881520501916712,-0.7281789275743837,-1.271843966917175,1.153485231297475,-1.137831727111448,0.1558711931644073,-0.808652857922534,
-0.4612535668813886,-1.038661502131414,-1.683135836448084,-1.029230157287358,-1.475590162434597,-1.824123169142237,-0.8725008753022059,-1.881520501916712,-0.7281789275743837,-1.271417179521489,1.161289743584902,-1.137831727111448,0.1558711931644073,-0.808652857922534,
-0.4579738039053422,-1.038838421674146,-1.684912836562811,-1.018813407235276,-1.475590162434597,-1.824123169142237,-0.8795273771753614,-1.881520501916712,-0.7445007627444621,-1.271417179521489,1.160187771790055,-1.137831727111448,0.1558711931644073,-0.808652857922534,
-0.4585674414270276,-1.0409153657938,-1.685457008502193,-1.005056383738059,-1.475590162434597,-1.825371306748737,-0.8795273771753614,-1.867051839326662,-0.7445007627444621,-1.273330660769762,1.175478950344758,-1.137831727111448,0.1558711931644073,-0.808652857922534,
-0.459482457575028,-1.042049387512144,-1.685730736419175,-1.026196698373272,-1.476139035389312,-1.825371306748737,-0.8876832763734409,-1.852042558879071,-0.7548653250308831,-1.273330660769762,1.190516156773708,-1.137831727111448,0.1558711931644073,-0.808652857922534,
-0.459482457575028,-1.040286496440055,-1.686519992867186,-1.020176445150439,-1.476139035389312,-1.830424144874851,-0.8876832763734409,-1.852042558879071,-0.7548653250308831,-1.278168976217216,1.175306533632301,-1.137831727111448,0.1558711931644073,-0.6509130592653627,
-0.459482457575028,-1.039824617783339,-1.687840558508594,-1.016616784967111,-1.476139035389312,-1.830424144874851,-0.8977856772293393,-1.835986295474131,-0.7594391472507137,-1.278168976217216,1.169696193744941,-1.137831727111448,0.1558711931644073,-0.6509130592653627,
-0.459482457575028,-1.035043363340693,-1.689061164850109,-1.017063129901066,-1.475394016415868,-1.838882236810031,-0.8977856772293393,-1.835986295474131,-0.7594391472507137,-1.285964269900738,1.185989791765562,-1.137831727111448,0.1558711931644073,-0.9497388531358557,
-0.459482457575028,-1.032793956600665,-1.691350576840355,-1.017543568529155,-1.475394016415868,-1.838882236810031,-0.9103383400614332,-1.835986295474131,-0.7585205603996419,-1.285964269900738,1.167938628780765,-1.137831727111448,0.1558711931644073,-0.9473821828371769,
-0.459482457575028,-1.03290167909557,-1.692122032936558,-1.014858163064327,-1.475394016415868,-1.850360839397178,-0.9103383400614332,-1.818712353693671,-0.7585205603996419,-1.296193681451291,1.150254966339957,-1.137831727111448,0.1558711931644073,-1.166238297906365,
-0.4598903907131806,-1.035444660930469,-1.693811269373853,-1.008707870931089,-1.473034817596262,-1.850360839397178,-0.9254007606490158,-1.818712353693671,-0.7525164964462141,-1.296193681451291,1.132944012782454,-1.137831727111448,0.1558711931644073,-1.013368951199756,
-0.4586177896215035,-1.038924156050718,-1.692264452953223,-1.008075489245366,-1.473034817596262,-1.864483499661485,-0.9254007606490158,-1.818712353693671,-0.7525164964462141,-1.307889144602717,1.078288694719479,-1.137831727111448,0.1558711931644073,-1.926343024901844,
-0.4574767227004005,-1.04553346693162,-1.687273511709451,-1.002739647092329,-1.473034817596262,-1.864483499661485,-0.9425667031895945,-1.781984031933225,-0.7419653900102977,-1.307889144602717,1.071331637583866,-1.137831727111448,0.1558711931644073,-1.926343024901844,
-0.4505795552649127,-1.055642247766029,-1.687273511709451,-0.9929421337704958,-1.468778480637927,-1.88082517087882,-0.9425667031895945,-1.781984031933225,-0.7419653900102977,-1.319824102180303,1.05407362354882,-1.137831727111448,0.1797795445064337,-1.926343024901844,
-0.4489015198169056,-1.068537204608998,-1.686007085810693,-0.9851615538245334,-1.468778480637927,-1.898842358990861,-0.9610289202553313,-1.764121011396947,-0.7275902796284391,-1.319824102180303,1.038706772339665,-1.137831727111448,0.2036878958484583,-1.208658363282299,
-0.4498273225422549,-1.079759399374553,-1.682733087828114,-0.9904655925177943,-1.468778480637927,-1.898842358990861,-0.9796626386595948,-1.764121011396947,-0.7275902796284391,-1.330718860645721,1.053379191955653,-1.137831727111448,0.2275962471904847,-1.392164423871554,
-0.4497377729051149,-1.096047407444626,-1.686222251033783,-0.9775951680047966,-1.462442293487627,-1.898842358990861,-0.9796626386595948,-1.747984053787872,-0.71036321104061,-1.330718860645721,1.050152433424027,-1.137831727111448,0.2515045985325111,-1.392164423871554,
-0.4505354777965278,-1.101095977886158,-1.695703311887362,-0.9803726822585751,-1.462442293487627,-1.917817554491601,-0.9796626386595948,-1.747984053787872,-0.71036321104061,-1.339415459103552,1.070919016979728,-1.137831727111448,0.2754129498745374,-1.392164423871554,
-0.4524509252787689,-1.105418520782772,-1.695703311887362,-0.9539791311430654,-1.462442293487627,-1.917817554491601,-0.997076009628168,-1.747984053787872,-0.6915465087851113,-1.339415459103552,1.115737472219403,-1.137831727111448,0.2754129498745374,-1.599237187447419,
-0.4573673307355444,-1.105418520782772,-1.695703311887362,-0.953508044127171,-1.454004289645769,-1.936828682442473,-0.997076009628168,-1.747984053787872,-0.6915465087851113,-1.345003882319781,1.112258550119166,-1.137831727111448,0.2754129498745374,-0.7167427162746659,
-0.4611365425814609,-1.108870243130605,-1.695703311887362,-0.9467187864197828,-1.454004289645769,-1.936828682442473,-1.011644785648603,-1.734752790947363,-0.6726623526760457,-1.345003882319781,1.095822661291663,-1.137831727111448,0.2754129498745374,-0.7167427162746659,
-0.4645598578587197,-1.107861798482951,-1.698461820583975,-0.9436410423796069,-1.454004289645769,-1.954753569526998,-1.011644785648603,-1.734752790947363,-0.6726623526760457,-1.346906645568184,1.12881940347118,-1.137831727111448,0.2754129498745374,-0.7167427162746659,
-0.4877286336178718,-1.098495048117954,-1.703592927433766,-0.9226544574162785,-1.443643738504955,-1.954753569526998,-1.021586544238896,-1.725675197736361,-0.6553606195138075,-1.346906645568184,1.132179908947576,-1.137831727111448,0.2754129498745374,-0.7167427162746659,
-0.496513992951188,-1.087380341416021,-1.70908893803692,-0.9229963476016283,-1.443643738504955,-1.970316526936228,-1.025114737420155,-1.725675197736361,-0.6553606195138075,-1.344933198848931,1.095713007413893,-1.137831727111448,0.2754129498745374,-1.145185376571639,
-0.496513992951188,-1.08128929906138,-1.710220581788906,-0.9119034139579953,-1.443643738504955,-1.970316526936228,-1.025114737420155,-1.722012263564172,-0.641213347429882,-1.344933198848931,1.122510084925025,-1.137831727111448,0.2754129498745374,-1.145185376571639,
-0.5009626198724896,-1.080512375417284,-1.711803711411165,-0.901139344181521,-1.431752247454081,-1.982184074447062,-1.025114737420155,-1.722012263564172,-0.641213347429882,-1.339305940990722,1.126898121008904,-1.137831727111448,0.2754129498745374,-1.145185376571639,
-0.5325146901401145,-1.080407735245815,-1.711295946677494,-0.8960835627490493,-1.431752247454081,-1.982184074447062,-1.025114737420155,-1.724922650872245,-0.6315179650142673,-1.339305940990722,1.150768394680476,-1.137831727111448,0.2754129498745374,-1.323978096563536,
-0.5325146901401145,-1.08042806365908,-1.710858157679092,-0.892384399963228,-1.431752247454081,-1.989119158099862,-1.020683236464331,-1.724922650872245,-0.6315179650142673,-1.330652149007493,1.164298720239495,-1.137831727111448,0.2754129498745374,-1.490987465062147,
-0.5417288271389077,-1.078939448447402,-1.711342212163314,-0.8834531064001675,-1.418916953045076,-1.989119158099862,-1.020683236464331,-1.735292230513904,-0.6271852244211471,-1.330652149007493,1.167937816486641,-1.137831727111448,0.2754129498745374,-1.66286728551132,
-0.5417288271389077,-1.067660480900262,-1.717703647704957,-0.8620181831432361,-1.418916953045076,-1.990181513579978,-1.007290506692257,-1.735292230513904,-0.6271852244211471,-1.319957675524859,1.183403792339214,-1.137831727111448,0.2754129498745374,-1.825163313412573,
-0.5511740132629541,-1.064790057713616,-1.722893017147221,-0.8741745987692171,-1.418916953045076,-1.990181513579978,-1.007290506692257,-1.753548775451243,-0.6287273429783253,-1.319957675524859,1.251018494300615,-1.137831727111448,0.2754129498745374,-1.825163313412573,
-0.5511740132629541,-1.059259291025443,-1.728007918757958,-0.8601156448773258,-1.405881422838115,-1.984925297921379,-0.9847626978540029,-1.753548775451243,-0.6287273429783253,-1.308482283095625,1.266454821081234,-1.137831727111448,0.2754129498745374,-1.98290311206978,
-0.5662230837136005,-1.056995850101122,-1.732060736284063,-0.8650091968483523,-1.405881422838115,-1.984925297921379,-0.9847626978540029,-1.77951767364441,-0.6363086812287447,-1.308482283095625,1.282817194176177,-1.137831727111448,0.2754129498745374,-1.98290311206978,
-0.5744322048124639,-1.060696719748711,-1.732405891668892,-0.864329666719446,-1.405881422838115,-1.973533199653915,-0.9539146199081048,-1.77951767364441,-0.6363086812287447,-1.308482283095625,1.295334342263246,-1.137831727111448,0.2754129498745374,-1.98290311206978,
-0.5753278782916216,-1.062613989275874,-1.731855426712513,-0.8554712767442053,-1.405881422838115,-1.973533199653915,-0.9165142558321908,-1.812374447849103,-0.6498111650328562,-1.308482283095625,1.312371060271319,-1.137831727111448,0.2754129498745374,-2.159339161762998,
-0.576141076723761,-1.063758372448226,-1.725726727678864,-0.8454698997879168,-1.405881422838115,-1.956847603693902,-0.9165142558321908,-1.850729390576366,-0.6498111650328562,-1.297636410000808,1.287155117168432,-1.137831727111448,0.2754129498745374,-2.159339161762998,
-0.5797859442859031,-1.064391824674001,-1.723979353275782,-0.836648240379826,-1.393485562965089,-1.956847603693902,-0.8750381260558825,-1.850729390576366,-0.6688869367136198,-1.297636410000808,1.303278520501809,-1.137831727111448,0.2754129498745374,-1.999399804160389,
-0.5810847560702616,-1.062129419571179,-1.723979353275782,-0.834295298758605,-1.382582703794006,-1.956847603693902,-0.8750381260558825,-1.850729390576366,-0.6688869367136198,-1.288816941998111,1.28007568412176,-1.137831727111448,0.2754129498745374,-1.999399804160389,
-0.5903421302710857,-1.053728362977286,-1.724328422186244,-0.8414408429776109,-1.382582703794006,-1.956847603693902,-0.832288520915222,-1.892823048760163,-0.6929942714458457,-1.288816941998111,1.299244037389256,-1.137831727111448,0.2754129498745374,-1.822806643113929,
-0.5924211297053009,-1.047197357073055,-1.724638174168269,-0.8411364099275277,-1.382582703794006,-1.91369002347995,-0.832288520915222,-1.892823048760163,-0.6929942714458457,-1.283210812851928,1.314939123987247,-1.137831727111448,0.2754129498745374,-2.335932322809493,
-0.59552320949967,-1.029624958403108,-1.722495809259261,-0.8649867315399594,-1.373938688459358,-1.91369002347995,-0.832288520915222,-1.936754527245973,-0.6929942714458457,-1.283210812851928,1.336575420651952,-1.137831727111448,0.2754129498745374,-2.35698524414422,
-0.59552320949967,-0.9947545926297496,-1.716928880405854,-0.8579144273711213,-1.373938688459358,-1.91369002347995,-0.7910113790896924,-1.980669537520194,-0.6929942714458457,-1.281610437874293,1.374262870139081,-1.137831727111448,0.2754129498745374,-2.192332545944288,
-0.5782935051592578,-0.96947340228131,-1.714256676940936,-0.8728841692630582,-1.373938688459358,-1.91369002347995,-0.7536354381763971,-1.980669537520194,-0.7533445704820758,-1.281610437874293,1.379455956246261,-1.137831727111448,0.2515045985325111,-2.352271903546898,
-0.5503728352029014,-0.9506213771674783,-1.709968947585313,-0.8799337899756539,-1.368129870658622,-1.870220998039574,-0.7536354381763971,-1.980669537520194,-0.7533445704820758,-1.284308141068954,1.363763850439153,-1.137831727111448,0.2275962471904847,-2.55714510817736,
-0.5503728352029014,-0.9445253197824687,-1.707345064920613,-0.8808110243598207,-1.368129870658622,-1.870220998039574,-0.7221458978625217,-2.022889586243824,-0.7878292695309499,-1.284308141068954,1.358340509208042,-1.137831727111448,0.2036878958484583,-2.352271903546898,
-0.5390278701467737,-0.9279954031126287,-1.696217536706952,-0.8987028033050378,-1.368129870658622,-1.870220998039574,-0.7221458978625217,-2.022889586243824,-0.7878292695309499,-1.291103464587622,1.362389088700005,-1.137831727111448,0.2036878958484583,-2.352271903546898,
-0.5094922357405036,-0.9135651476962418,-1.69063160056658,-0.9014348755212154,-1.365463583956706,-1.852835725977322,-0.6980208083066539,-2.022889586243824,-0.8239247293149321,-1.291103464587622,1.372809160651884,-1.137831727111448,0.2036878958484583,-2.352271903546898,
-0.5094922357405036,-0.909831640988945,-1.685125978508572,-0.8945051517724965,-1.365463583956706,-1.852835725977322,-0.6980208083066539,-2.061992597595633,-0.8239247293149321,-1.30139521954465,1.364412574446236,-1.137831727111448,0.2036878958484583,-2.182905864749644,
-0.5094922357405036,-0.9131109624909673,-1.665040571390916,-0.9137980879291068,-1.365463583956706,-1.852835725977322,-0.6821764798934389,-2.096843309864945,-0.8239247293149321,-1.30139521954465,1.35379277199333,-1.137831727111448,0.2036878958484583,-2.481731658620137,
-0.4775918855159794,-0.917142519889452,-1.65457020276816,-0.9183110203430003,-1.365938609242247,-1.840014240829732,-0.6821764798934389,-2.126568936730474,-0.8239247293149321,-1.314301409937538,1.357093250762235,-1.137831727111448,0.2036878958484583,-2.307652279225561,
-0.4658796033090462,-0.9234859586554621,-1.651064452592161,-0.8983839667088726,-1.365938609242247,-1.840014240829732,-0.6749295093736074,-2.126568936730474,-0.8971299358382895,-1.314301409937538,1.333527730475512,-1.137831727111448,0.2036878958484583,-2.472304977425493,
-0.4438827443573315,-0.9234859586554621,-1.639053166582144,-0.9226545790802592,-1.365938609242247,-1.8323684669809,-0.6749295093736074,-2.126568936730474,-0.8971299358382895,-1.328765596707704,1.345141860289065,-1.137831727111448,0.2036878958484583,-2.105292856247018,
-0.4363252106537689,-0.9349887682751642,-1.636894139735919,-0.9157515686894762,-1.369246739465748,-1.8323684669809,-0.6749295093736074,-2.126568936730474,-0.8971299358382895,-1.328765596707704,1.342094835399696,-1.137831727111448,0.2036878958484583,-1.867583378788506,
-0.4159812234366896,-0.9358166344585226,-1.627548678349694,-0.9263330805848724,-1.369246739465748,-1.832337855432499,-0.6749295093736074,-2.150498337546121,-0.8971299358382895,-1.34363738036076,1.346993977888789,-1.137831727111448,0.2036878958484583,-1.867583378788506,
-0.3958848070112119,-0.9353619007787838,-1.625749153059846,-0.9307865431217991,-1.369246739465748,-1.832337855432499,-0.6845838821947527,-2.168105614271277,-0.9323538270736115,-1.34363738036076,1.341731751834539,-1.137831727111448,0.2036878958484583,-1.695703558339333,
-0.3680582804990845,-0.9364623286003202,-1.621093647493372,-0.9323836141871624,-1.374804007005905,-1.832337855432499,-0.6845838821947527,-2.168105614271277,-0.9323538270736115,-1.357737471253439,1.346373481505258,-1.137831727111448,0.2036878958484583,-1.500414146256791,
-0.3616167725681914,-0.9397970504000127,-1.615444564572452,-0.9324116883503526,-1.374804007005905,-1.832337855432499,-0.6845838821947527,-2.168105614271277,-0.9654432995464861,-1.357737471253439,1.357094625791976,-1.137831727111448,0.2036878958484583,-1.500414146256791,
-0.3555425919559648,-0.9391318719841005,-1.609507640162977,-0.9431688519870299,-1.374804007005905,-1.838580144106393,-0.6845838821947527,-2.178994642573214,-0.9654432995464861,-1.36993029481477,1.338959117538272,-1.137831727111448,0.2036878958484583,-1.500414146256791,
-0.3398941050004428,-0.9369591774047907,-1.609507640162977,-0.9644403076824415,-1.381802072331786,-1.838580144106393,-0.7191717224469185,-2.178994642573214,-0.9956176094934392,-1.36993029481477,1.333533034112829,-1.137831727111448,0.1797795445064337,-1.500414146256791,
-0.3354870921248961,-0.9346372402798815,-1.604054826450542,-0.9642520761533504,-1.381802072331786,-1.847463899799229,-0.7191717224469185,-2.182927463953312,-0.9956176094934392,-1.379216360987283,1.288153571959079,-1.137831727111448,0.1797795445064337,-1.658153944913998,
-0.3117628875319505,-0.9461032867027441,-1.601727706700098,-0.9664303211227044,-1.381802072331786,-1.847463899799229,-0.7191717224469185,-2.179870852580003,-1.022359155549003,-1.379216360987283,1.288616605278965,-1.137831727111448,0.1558711931644073,-1.658153944913998,
-0.3033622562541309,-0.9646109034144245,-1.601727706700098,-0.957618892565176,-1.389278259939109,-1.857623930506748,-0.7191717224469185,-2.179870852580003,-1.022359155549003,-1.384821646472651,1.290705609362545,-1.137831727111448,0.1558711931644073,-1.658153944913998,
-0.3033622562541309,-0.9827791494144087,-1.598191802955679,-0.9688441883655212,-1.389278259939109,-1.857623930506748,-0.7422705007182803,-2.179870852580003,-1.045556439160201,-1.384821646472651,1.283211661502233,-1.137831727111448,0.1558711931644073,-1.658153944913998,
-0.3033622562541309,-1.011052788964995,-1.596037130375808,-0.9649204498112994,-1.389278259939109,-1.867756334735958,-0.7422705007182803,-2.170044978687669,-1.045556439160201,-1.386245478458475,1.281496454777537,-1.137831727111448,0.1558711931644073,-1.658153944913998,
-0.2954287113056897,-1.030787529161686,-1.596037130375808,-0.9643533849161656,-1.396203718302721,-1.867756334735958,-0.7674395117839229,-2.170044978687669,-1.065575872958273,-1.386245478458475,1.275368401602172,-1.137831727111448,0.1558711931644073,-1.481560783867503,
-0.2890280718716783,-1.042009534104895,-1.596037130375808,-0.9670875330931932,-1.396203718302721,-1.876816727872893,-0.7674395117839229,-2.15398501351286,-1.065575872958273,-1.383257137446791,1.279580440015666,-1.137831727111448,0.1558711931644073,-1.481560783867503,
-0.2807904826437856,-1.067139265304128,-1.596399463820693,-0.9710670995056381,-1.396203718302721,-1.876816727872893,-0.7935938545827279,-2.15398501351286,-1.083234406121954,-1.383257137446791,1.280028255258149,-1.137831727111448,0.1558711931644073,-1.481560783867503,
-0.2782564896325162,-1.078946754933749,-1.596931519916907,-0.9554649215981393,-1.401582536979562,-1.884159675128949,-0.7935938545827279,-2.132613295760219,-1.083234406121954,-1.375865158958154,1.286594357770156,-1.137831727111448,0.1558711931644073,-1.481560783867503,
-0.2782564896325162,-1.078946754933749,-1.598368332980331,-0.9563164378112322,-1.401582536979562,-1.884159675128949,-0.8198426378635908,-2.10727316858688,-1.099704034512607,-1.375865158958154,1.318067782921812,-1.137831727111448,0.1558711931644073,-1.481560783867503,
-0.2804528227426663,-1.088967100248616,-1.598368332980331,-0.9494293037398226,-1.401582536979562,-1.889562529360614,-0.8198426378635908,-2.10727316858688,-1.099704034512607,-1.364289493369799,1.307463016561133,-1.137831727111448,0.1558711931644073,-1.481560783867503,
-0.2832240978697247,-1.101488751179948,-1.602043810631276,-0.9552382486937294,-1.404548562737116,-1.889562529360614,-0.8453831540771749,-2.079671744693928,-1.116372157624238,-1.364289493369799,1.309451956094711,-1.137831727111448,0.1558711931644073,-1.316908085667571,
-0.2903390853585766,-1.108139562801791,-1.603077636419459,-0.9584510696082269,-1.404548562737116,-1.893129255375922,-0.8453831540771749,-2.079671744693928,-1.116372157624238,-1.348950711817548,1.309968026294951,-1.137831727111448,0.1558711931644073,-1.316908085667571,
-0.2918686344043186,-1.129371758251561,-1.605975996277123,-0.9679249518970972,-1.404548562737116,-1.893129255375922,-0.8693981095515169,-2.079671744693928,-1.134648542163661,-1.348950711817548,1.313475056188947,-1.137831727111448,0.1558711931644073,-1.316908085667571,
-0.2918686344043186,-1.129371758251561,-1.612113420095572,-0.9613034389595494,-1.404447727868025,-1.895116446276071,-0.8693981095515169,-2.051731978279087,-1.134648542163661,-1.330466537765008,1.319156653175286,-1.137831727111448,0.1558711931644073,-1.159168287010364,
-0.2960131050047757,-1.145183146724957,-1.616405818045894,-0.9793282450410824,-1.404447727868025,-1.895116446276071,-0.8910242787362337,-2.051731978279087,-1.15572911437337,-1.330466537765008,1.316008050920932,-1.137831727111448,0.1558711931644073,-1.479204113568824,
-0.2973904486079597,-1.176828979494029,-1.618912548971145,-0.9843014141941164,-1.404447727868025,-1.895744593503129,-0.8910242787362337,-2.025399047816003,-1.15572911437337,-1.309636683550803,1.312678498898472,-1.137831727111448,0.1558711931644073,-1.646370593420675,
-0.2973904486079597,-1.181184133126028,-1.630004682650744,-0.9851323156202052,-1.400900169734714,-1.895744593503129,-0.9094238235943194,-2.002440560136094,-1.180366851696707,-1.309636683550803,1.318491427049531,-1.137831727111448,0.1558711931644073,-1.488630794763468,
-0.3017681807910363,-1.188864357063281,-1.630004682650744,-0.9963461658233371,-1.400900169734714,-1.895076616166049,-0.9239449521194626,-2.002440560136094,-1.180366851696707,-1.287406007438108,1.314684223333864,-1.137831727111448,0.1558711931644073,-1.319264755966214,
-0.3052776032647969,-1.202633197066527,-1.630004682650744,-0.9971707704409672,-1.400900169734714,-1.895076616166049,-0.9239449521194626,-2.002440560136094,-1.208703833557445,-1.287406007438108,1.333033676854697,-1.137831727111448,0.1558711931644073,-1.161524957309043,
-0.30733111232505,-1.216679420152204,-1.630004682650744,-1.003516688187587,-1.39384141864325,-1.893028213457369,-0.9343050588987841,-2.002440560136094,-1.208703833557445,-1.264799313466611,1.326501255306969,-1.137831727111448,0.1558711931644073,-0.9945155888104324,
-0.3086655344208986,-1.220739678976098,-1.638892418711035,-0.9985183508101559,-1.39384141864325,-1.893028213457369,-0.9343050588987841,-1.971671454426081,-1.240196009846886,-1.264799313466611,1.31102567364763,-1.137831727111448,0.1558711931644073,-0.6721230919533295,
-0.3086655344208986,-1.224397022569537,-1.641058817211678,-1.005224833511559,-1.39384141864325,-1.889495778034719,-0.9343050588987841,-1.971671454426081,-1.240196009846886,-1.242816196231025,1.336470613057665,-1.137831727111448,0.1558711931644073,-0.9615222046291428,
-0.3086655344208986,-1.229843073262502,-1.641477802356154,-1.010599798324437,-1.383541098738161,-1.889495778034719,-0.9406969640832834,-1.971671454426081,-1.273632606281825,-1.242816196231025,1.355808959284028,-1.137831727111448,0.1558711931644073,-0.9332421610452108,
-0.3086218700917702,-1.231518376259399,-1.641477802356154,-1.016299934463689,-1.383541098738161,-1.884517692734905,-0.9406969640832834,-1.964862552114468,-1.273632606281825,-1.222281264278551,1.367119792196772,-1.137831727111448,0.1558711931644073,-1.090981959702382,
-0.3055353765897671,-1.230514918662807,-1.641477802356154,-1.011781116142306,-1.383541098738161,-1.884517692734905,-0.9437610103347545,-1.964862552114468,-1.307221099191461,-1.222281264278551,1.399445223183433,-1.137831727111448,0.1558711931644073,-1.340474788654181,
-0.2990221248265593,-1.229486452538557,-1.639477762934505,-1.009365053395415,-1.370591286137797,-1.878379813705472,-0.9437610103347545,-1.963295492773256,-1.307221099191461,-1.203674487705632,1.411822528335829,-1.137831727111448,0.1558711931644073,-1.20630169298362,
-0.2990221248265593,-1.226368554455301,-1.633927483725429,-1.004569543309498,-1.370591286137797,-1.878379813705472,-0.9444512888300927,-1.963295492773256,-1.338697315897905,-1.203674487705632,1.40678939970036,-1.137831727111448,0.1558711931644073,-0.7780161440399233,
-0.2956584578791001,-1.218341309982999,-1.63462273278102,-0.9966597959312303,-1.370591286137797,-1.871615800737496,-0.9438532713743468,-1.963295492773256,-1.338697315897905,-1.187003959880033,1.421651688532992,-1.137831727111448,0.1558711931644073,-0.7780161440399233,
-0.3009703168561371,-1.212680019402343,-1.634656573302851,-1.02046610763855,-1.355850592219219,-1.871615800737496,-0.9438532713743468,-1.965880489236166,-1.365449414031954,-1.187003959880033,1.424667920140858,-1.137831727111448,0.2754129498745374,-0.9945155888104324,
-0.3009703168561371,-1.204075200426931,-1.631630565111116,-1.047609643104882,-1.355850592219219,-1.86490884598524,-0.9438532713743468,-1.971187521422704,-1.365449414031954,-1.187003959880033,1.420295233982187,-1.137831727111448,0.2993213012165638,-1.356971480744826,
-0.3009703168561371,-1.204075200426931,-1.629090810421393,-1.055816758744215,-1.355850592219219,-1.86490884598524,-0.9429794276713926,-1.971187521422704,-1.38468875478285,-1.187003959880033,1.437180418150403,-1.137831727111448,0.3232296525585884,-0.8320624495559392,
-0.3039236786056738,-1.204624990887582,-1.626102326925714,-1.077615714369636,-1.340332907621657,-1.85894720967526,-0.9429794276713926,-1.971187521422704,-1.38468875478285,-1.15714360915158,1.443352170975227,-1.137831727111448,0.2993213012165638,-0.9051192288144837,
-0.3085488632309136,-1.214112282115866,-1.626102326925714,-1.07109517548696,-1.340332907621657,-1.85894720967526,-0.9425640038180326,-1.977676867786333,-1.393701095459214,-1.15714360915158,1.466068384863249,-1.137831727111448,0.2993213012165638,-0.8933358773211608,
-0.3083847953380682,-1.228621456601973,-1.622765686807029,-1.08269950867181,-1.340332907621657,-1.854287253531761,-0.9425640038180326,-1.983900159449985,-1.393701095459214,-1.15714360915158,1.458938282705421,-1.137831727111448,0.2993213012165638,-2.380551947130865,
-0.3056839821550127,-1.245770051212911,-1.61732703463149,-1.081491911503299,-1.32504885302571,-1.854287253531761,-0.9429030077764804,-1.983900159449985,-1.390168825503952,-1.15714360915158,1.430278564859298,-1.137831727111448,0.2993213012165638,-1.26977467969428,
-0.3056839821550127,-1.258535303585072,-1.610472550494808,-1.083539635493949,-1.32504885302571,-1.851241827390544,-0.9429030077764804,-1.983900159449985,-1.390168825503952,-1.142002618809797,1.440982718523887,-1.137831727111448,0.2993213012165638,-0.5520900180747342,
-0.2932342493424701,-1.279330203094456,-1.608098093813009,-1.071631097395541,-1.32504885302571,-1.851241827390544,-0.9437877468076777,-1.988666201986611,-1.372518046637132,-1.142002618809797,1.443099284648886,-1.137831727111448,0.2754129498745374,-1.956979738784455,
-0.2792906223467012,-1.293558566934365,-1.606800030582369,-1.083811041241583,-1.310839058921179,-1.849800115994184,-0.9437877468076777,-1.991149619173334,-1.372518046637132,-1.12531565855957,1.436038619814599,-1.137831727111448,0.2754129498745374,-1.707486909832656,
-0.2741057780061449,-1.318427296144317,-1.606581008486078,-1.068589564063107,-1.310839058921179,-1.849800115994184,-0.9445665405436721,-1.991149619173334,-1.340225489812626,-1.12531565855957,1.458404367919187,-1.137831727111448,0.2515045985325111,-1.707486909832656,
-0.2717643242154743,-1.344680372410425,-1.608624450356677,-1.078659258459671,-1.310839058921179,-1.849613908023027,-0.9445665405436721,-1.991149619173334,-1.340225489812626,-1.106287008474946,1.465552799609087,-1.137831727111448,0.2515045985325111,-1.187448330594332,
-0.2662824178391996,-1.348326471395673,-1.612332085406597,-1.072147166596472,-1.298255160856784,-1.849613908023027,-0.9445665405436721,-1.990924540316416,-1.294032000752544,-1.106287008474946,1.441333056455039,-1.137831727111448,0.2515045985325111,-1.345188129251503,
-0.264319240810342,-1.343669868338015,-1.615146420118903,-1.072021684017877,-1.298255160856784,-1.850083306158364,-0.9443463466696893,-1.98794579532451,-1.294032000752544,-1.084544313095685,1.41459025133136,-1.137831727111448,0.2515045985325111,-1.345188129251503,
-0.2629049051805534,-1.340410100547963,-1.616974135482573,-1.055980218605662,-1.298255160856784,-1.850083306158364,-0.9443463466696893,-1.98794579532451,-1.236056039386536,-1.084544313095685,1.383614583738402,-1.137831727111448,0.2754129498745374,-1.345188129251503,
-0.2533305014832146,-1.345768976018334,-1.618097804226894,-1.052227430589882,-1.287523833336091,-1.8505066777815,-0.9422843723139445,-1.98794579532451,-1.236056039386536,-1.060240403799798,1.346286526144613,-1.137831727111448,0.2754129498745374,-1.345188129251503,
-0.2533305014832146,-1.344870564767557,-1.624383629499365,-1.060058009719018,-1.287523833336091,-1.8505066777815,-0.9378618624336187,-1.982505185664061,-1.169814662860909,-1.060240403799798,1.320312918877916,-1.137831727111448,0.2754129498745374,-1.173308308802366,
-0.2533305014832146,-1.323038268939864,-1.624383629499365,-1.04307305852577,-1.287523833336091,-1.850203464450184,-0.9378618624336187,-1.982505185664061,-1.169814662860909,-1.034076724806934,1.266367871941443,-1.137831727111448,0.2754129498745374,-1.173308308802366,
-0.2466563070999902,-1.314216360862898,-1.624383629499365,-1.056182142399808,-1.278587485860151,-1.850203464450184,-0.9378618624336187,-1.975156782778919,-1.10011961341718,-1.034076724806934,1.273514285033722,-1.137831727111448,0.2754129498745374,-1.173308308802366,
-0.2384390909760249,-1.298790141817981,-1.624383629499365,-1.06608186638049,-1.278587485860151,-1.848550855560456,-0.9310578238492166,-1.975156782778919,-1.10011961341718,-1.007245474737777,1.272920899654798,-1.137831727111448,0.2754129498745374,-1.352258140147504,
-0.2384390909760249,-1.282439011885635,-1.630005831268227,-1.070301567991776,-1.278587485860151,-1.848550855560456,-0.9224118962825616,-1.96659537530044,-1.032812222695494,-1.007245474737777,1.289555544870719,-1.137831727111448,0.2754129498745374,-1.178021649399688,
-0.2291716737705446,-1.275416044094841,-1.628625115336298,-1.067457196931073,-1.271188286248035,-1.844955435138936,-0.9224118962825616,-1.957485337533681,-1.032812222695494,-0.9813014166624595,1.30088800574737,-1.137831727111448,0.2754129498745374,-1.018082291797078,
-0.2291716737705446,-1.26482359920218,-1.627340256588375,-1.070388368963414,-1.271188286248035,-1.844955435138936,-0.9129901209586286,-1.957485337533681,-0.9743653300810187,-0.9813014166624595,1.321731573978885,-1.137831727111448,0.2754129498745374,-0.7921561658318892,
-0.2070606354783253,-1.259834861677298,-1.622844925782997,-1.077853404202378,-1.271188286248035,-1.838813782557709,-0.9129901209586286,-1.957485337533681,-0.9743653300810187,-0.9579901690343046,1.338901026612197,-1.137831727111448,0.2754129498745374,-0.4108469115082078,
-0.2008062528799883,-1.257114494706035,-1.618335716273464,-1.087297119690046,-1.264961904998671,-1.838813782557709,-0.9129901209586286,-1.948249147472196,-0.9314357600811414,-0.9579901690343046,1.383311745578281,-1.137831727111448,0.2754129498745374,-0.1214477988323588,
-0.2044117093439315,-1.241263577055851,-1.615315496180815,-1.096658182240359,-1.264961904998671,-1.829483094259943,-0.9042554494006612,-1.948249147472196,-0.9314357600811414,-0.9390655079730111,1.407027497129252,-1.137831727111448,0.2754129498745374,0.3186211016046606,
-0.2154964966627667,-1.241263577055851,-1.61304352755608,-1.116116032690359,-1.264961904998671,-1.829483094259943,-0.9042554494006612,-1.938859711009566,-0.9314357600811414,-0.9390655079730111,1.404809284611768,-1.137831727111448,0.2754129498745374,0.7469066505483571,
-0.2175786540853453,-1.224198803808758,-1.608843647652052,-1.116443818832595,-1.259519727759894,-1.81624985344064,-0.8978462036012361,-1.938859711009566,-0.9314357600811414,-0.9261233677525288,1.39519138265127,-1.137831727111448,0.2754129498745374,0.7469066505483571,
-0.2145692131524817,-1.213709728749989,-1.606200805763376,-1.12106522135868,-1.259519727759894,-1.81624985344064,-0.8952773388344396,-1.928718697294717,-0.9104413074616854,-0.9261233677525288,1.397718708418383,-1.137831727111448,0.2754129498745374,1.022322852785481,
-0.2051326165727808,-1.210201387516328,-1.603012457319042,-1.127347581897379,-1.259519727759894,-1.798303678560495,-0.8952773388344396,-1.928718697294717,-0.9104413074616854,-0.9204641829971162,1.389087797473776,-1.137831727111448,0.2754129498745374,1.022322852785481,
-0.1966071925600744,-1.212709701583515,-1.597390846563954,-1.139144137263119,-1.254509709353461,-1.798303678560495,-0.8976147164693774,-1.916679866402672,-0.9171776264461385,-0.9204641829971162,1.388194613712196,-1.137831727111448,0.2754129498745374,0.8622263838296306,
-0.1920804978076315,-1.216980777684278,-1.597390846563954,-1.134511490159511,-1.254509709353461,-1.774765725213762,-0.8976147164693774,-1.916679866402672,-0.9171776264461385,-0.9229791724519962,1.434489333221999,-1.137831727111448,0.2754129498745374,0.8622263838296306,
-0.168110393325157,-1.214370774950399,-1.59445331231088,-1.142699327836917,-1.254509709353461,-1.774765725213762,-0.9052379988910403,-1.901214387429976,-0.956430741060479,-0.9229791724519962,1.433067057571246,-1.137831727111448,0.2993213012165638,0.6480836093577644,
-0.1521857137318588,-1.205668849969261,-1.588214600026331,-1.148206455934679,-1.249654236545863,-1.744812333550236,-0.9052379988910403,-1.901214387429976,-0.956430741060479,-0.9340584376695965,1.429325779348289,-1.137831727111448,0.2993213012165638,0.1091916677301165,
-0.1521857137318588,-1.195973605337701,-1.58487373284622,-1.148894157239552,-1.249654236545863,-1.744812333550236,-0.9052379988910403,-1.880687337661303,-1.143896787653307,-0.9340584376695965,1.344195259182945,-1.137831727111448,0.2993213012165638,-0.1778507746470536,
-0.13563511623025,-1.186998682296941,-1.578856877629736,-1.143346537216023,-1.249654236545863,-1.744812333550236,-0.9052379988910403,-1.880687337661303,-1.143896787653307,-0.9535342994162472,1.31599248923298,-1.137831727111448,0.2993213012165638,-0.6768364325506516,
-0.1100052704717903,-1.176859555642842,-1.576537800840297,-1.154240399850465,-1.244768743249167,-1.744812333550236,-0.9345065468747255,-1.880687337661303,-1.143896787653307,-0.9535342994162472,1.343986572815719,-1.137831727111448,0.2993213012165638,-0.9145459100091277,
-0.09354280743793636,-1.165860355694902,-1.571565798260228,-1.1272900128587,-1.244768743249167,-1.663814273643035,-0.9345065468747255,-1.853718945485301,-1.143896787653307,-0.9806800507593869,1.351746319026251,-1.137831727111448,0.2993213012165638,-1.093338630001061,
-0.08499442664968487,-1.144324684422177,-1.566378528144132,-1.143418164341059,-1.244768743249167,-1.663814273643035,-0.9542493919847931,-1.819586507335077,-1.292581964628377,-0.9806800507593869,1.318937289360314,-1.137831727111448,0.2993213012165638,-1.093338630001061,
-0.08499442664968487,-1.13866817013334,-1.566378528144132,-1.136399474774722,-1.239766408862259,-1.663814273643035,-0.9542493919847931,-1.819586507335077,-1.292581964628377,-1.014275005876483,1.334626036701068,-1.137831727111448,0.2993213012165638,-0.9051192288144837,
-0.06878739273862483,-1.130663180318987,-1.566378528144132,-1.141202210942277,-1.239766408862259,-1.663814273643035,-0.9760192585260087,-1.819586507335077,-1.474082490144377,-1.014275005876483,1.340435892805626,-1.137831727111448,0.2993213012165638,-0.9051192288144837,
-0.05008576083096554,-1.127807252227194,-1.549111755484257,-1.16196945840735,-1.239766408862259,-1.556962018360812,-0.9760192585260087,-1.778572043940012,-1.474082490144377,-1.052729892922706,1.308647898388603,-1.137831727111448,0.2993213012165638,-1.069771927014415,
-0.03571890125622404,-1.127876267684039,-1.535820306634227,-1.138690856314969,-1.234652858316575,-1.556962018360812,-0.9760192585260087,-1.732127768430997,-1.682299819089937,-1.052729892922706,1.312604895197301,-1.137831727111448,0.2993213012165638,-1.069771927014415,
-0.01675636589029066,-1.132530221043992,-1.524266915766259,-1.138390122402906,-1.234652858316575,-1.556962018360812,-0.9989608816219175,-1.732127768430997,-1.682299819089937,-1.094247117993221,1.276659385425196,-1.137831727111448,0.2993213012165638,-1.069771927014415,
